-- phpMyAdmin SQL Dump
-- version 4.7.4
-- https://www.phpmyadmin.net/
--
-- Host: 127.0.0.1
-- Generation Time: Feb 14, 2018 at 05:44 PM
-- Server version: 10.1.28-MariaDB
-- PHP Version: 7.1.10

SET SQL_MODE = "NO_AUTO_VALUE_ON_ZERO";
SET AUTOCOMMIT = 0;
START TRANSACTION;
SET time_zone = "+00:00";


/*!40101 SET @OLD_CHARACTER_SET_CLIENT=@@CHARACTER_SET_CLIENT */;
/*!40101 SET @OLD_CHARACTER_SET_RESULTS=@@CHARACTER_SET_RESULTS */;
/*!40101 SET @OLD_COLLATION_CONNECTION=@@COLLATION_CONNECTION */;
/*!40101 SET NAMES utf8mb4 */;

--
-- Database: `h514771_birdfire`
--

-- --------------------------------------------------------

--
-- Table structure for table `adminluxor`
--

CREATE TABLE `adminluxor` (
  `id_admin` int(11) NOT NULL,
  `username` varchar(50) NOT NULL,
  `password` varchar(50) NOT NULL
) ENGINE=InnoDB DEFAULT CHARSET=utf8;

--
-- Dumping data for table `adminluxor`
--

INSERT INTO `adminluxor` (`id_admin`, `username`, `password`) VALUES
(1, 'Admin', '81dc9bdb52d04dc20036dbd8313ed055');

-- --------------------------------------------------------

--
-- Table structure for table `blog`
--

CREATE TABLE `blog` (
  `id_blog` int(11) NOT NULL,
  `titleBlog` varchar(255) NOT NULL,
  `textBlog` text NOT NULL,
  `img_blog` text NOT NULL,
  `id_admin` int(11) NOT NULL
) ENGINE=InnoDB DEFAULT CHARSET=utf8;

--
-- Dumping data for table `blog`
--

INSERT INTO `blog` (`id_blog`, `titleBlog`, `textBlog`, `img_blog`, `id_admin`) VALUES
(1, 'ภูคราม : แบรนด์ผ้าย้อมครามน่ารักที่ปักดอกไม้จากภูพานลงไปทุกฝีเข็ม', '<h3>จุดเริ่มต้น (Beginning Point)</h3>\r\n“ภูคราม” เป็นผลิตประเภทสิ่งทอ งานหัตถกรรมทำมือ และส่วนใหญ่เป็นผลิตภัณฑ์จากธรรมชาติ โดยการใช้ครามธรรมชาติ และใช้ฝ้ายทอมือเป็นหลัก โดยได้ทำงานกับกลุ่มชาวบ้าน ตำบลโคกภู จังหวัดสกลนคร กลุ่มเล็กๆ ที่ใช้เวลาว่างมาทอผ้า การทอผ้าใช้อารมณ์ทอแบบสบายๆ ไม่เครียด ถ้าหากเครียดจะไม่ทำ ดังนั้นผ้าของกลุ่มผู้ครามจะเป็นผ้าที่ถักทอขึ้นด้วยความสุข\r\n\r\n<h3>แรงบันดาลใจ (Inspiration)</h3>\r\nเริ่มจากประสบการณ์การทำงานที่ผ่านมาล้วนทำงานในส่วนของชุมชนมีการกระตุ้นและพัฒนาชุมชนอื่นๆ ทำให้อยากกลับมาทำที่ชุมชนของบ้านเกิดตนเอง ซึ่งมีการพัฒนาน้อย ประจวบเหมาะกับป้ากลุ่มเล็กในชุมชนมีการกลับมาทอผ้า โดยไม่มีใครมาสนับสนุน ไม่มีตลาด จึงได้เริ่มเข้าไปหาตลาดให้ ขายให้ และทำให้เรามีรายได้อีกส่วนนึงด้วย หลังจากนั้นได้มาศึกษาการทำผ้าฝ้ายย้อมคราม ทำให้เห็นขั้นตอนทั้งหมดในการที่มีขั้นตอนการทำที่ยากและมีหลายขั้นตอน ต้นทุนต่างๆไม่สัมพันธ์กับราคาจึงอยากเป็นส่วนในการช่วยเหลือ รวมทั้งหากกลุ่มนี้เริ่มต้นได้ดี ก็อยากขยายไปสู่ชุมชนอื่นๆมีภาวะเช่นเดียวกัน\r\n\r\n<h3>สู่การสร้างสรรค์ (Social Innovation)</h3>\r\nกระตุ้นให้ชุมชนเห็นคุณค่าของวิถีชิวิตท้องถิ่น โดยพยายามพัฒนาภูมิปัญญาร่วมกับชาวบ้านให้เกิดรายได้เพื่อเป็นการสืบสานและอนุรักษ์วิถีชีวิตไปในตัว', 'images/blog/blog1.jpg', 1),
(2, 'เส้นทางสายผ้าลาวครั่ง', 'คุณเคยประทับใจเส้นทางสายไหนเป็นพิเศษไหมคะ?\r\n\r\nสำหรับผู้เขียน นึกถึงเส้นทางสายหนึ่งที่แสนประทับใจ และขอเรียกว่า “เส้นทางสายผ้าลาวครั่ง” ล้อ “เส้นทางสายไหม” อันลือชื่อ แม้หนทางจะไม่ทุรกันดาร ยาวไกล หรือเก่าแก่เท่าก็ตาม แต่สำหรับคนรักผ้าแล้ว เส้นทางสายนี้ย่อมประทับใจแน่นอน\r\n\r\nเริ่มต้นจากอำเภอด่านช้าง จังหวัดสุพรรณบุรี ถนนดีบ้าง แย่บ้าง ตัดผ่านภูมิประเทศที่เป็นภูเขาและที่ราบ ถ้าเป็นเวลาเย็น ทิวทัศน์ในแสงตะวันชิงพลบก็จะสวยมากทีเดียว ถนนผ่านเข้าสู่อำเภอบ้านไร่ จังหวัดอุทัยธานี บนเส้นทางสายนี้นี่แหละ ที่ตัดผ่านชุมชนของชาวลาวครั่ง เจ้าของผ้าผืนงามที่หลากสีหลายลาย และแฝงเรื่องราวแห่งประวัติศาสตร์เอาไว้\r\n\r\nลาวครั่งเป็นใคร...มาจากไหน...\r\n\r\nน้อยคนนักจะรู้จักชื่อนี้ และแม้แต่จะหาข้อมูลอ้างอิงจากตำราก็ยังหาได้ยาก เผลอๆ บางคนก็จะเพี้ยนเสียง “ครั่ง” เป็น “คลั่ง” แล้วพานสงสัยว่า คนกลุ่มนี้คงมีนิสัยดุเดือดน่าดู ถึงต้องเรียกว่า “คลั่ง”\r\n\r\nก่อนอื่นก็ต้องแนะนำกันก่อนว่า ชาวลาวครั่ง เป็นคนไทยเชื้อสายลาวกลุ่มหนึ่งที่ตั้งถิ่นฐานกระจัดกระจายอยู่ในบริเวณภาคกลางของไทย เช่น สุพรรณบุรี อุทัยธานี ชัยนาท นครสวรรค์ และพิจิตร ซึ่งมีพื้นที่ติดต่อกัน มีการย้ายถิ่นไปมา มีการแต่งงาน เป็นเครือญาติกัน และรักษาขนบธรรมเนียม รวมทั้งภาษาพูดเอาไว้อย่างเหนียวแน่น\r\n\r\nส่วนประวัติความเป็นมา ก็กล่าวกันว่า ประเทศลาวในอดีต เมื่อครั้งยังเป็น “ศรีสัตนาคนหุต” ชนกลุ่มนี้อาศัยอยู่ในแถบภูเขาเรียกว่า ภูคัง ต่อมาเมื่อลาวตกเป็นประเทศราชของสยาม มีการรบกันหลายครั้ง ครั้งสุดท้ายในสมัยเจ้าอนุวงศ์ (พ.ศ. 2364) เมื่อกองทัพลาวพ่ายต่อสยาม พระบาทสมเด็จพระนั่งเกล้าเจ้าอยู่หัวก็ได้ตรัสสั่งให้เลิกอาณาจักรเวียงจันทน์และหลวงพระบางเสีย แล้วกวาดต้อนผู้คนให้เข้ามาอยู่ในบริเวณใกล้บางกอก\r\n\r\nชาวภูคังก็ถูกกวาดต้อนตามมาด้วย เมื่ออพยพมาแล้วนี้ คนก็พากันเรียกพวกเขาว่า “ลาวภูคัง” แล้วเพี้ยนมากลายเป็น “ลาวครั่ง” “ลาวขี้ครั่ง” บ้างก็เรียก “ลาวเต่าเหลือง” เพราะชอบอยู่ตามป่าเขา และมีความอดทนเหมือนเต่าภูเขากระดองเหลืองชนิดหนึ่ง\r\n\r\nความเป็นมาของชื่อ “ลาวครั่ง” ยังมีอีกตำราหนึ่ง เขาว่ามาจากการที่คนเหล่านี้นิยมใช้ “ครั่ง” มาย้อมสีเสื้อผ้า ครั่งเป็นแมลงชนิดหนึ่งทำรังอยู่ตามกิ่งไม้ ให้สีย้อมสีแดง ซึ่งเป็นสีที่ย้อมยากและเป็นที่ต้องการมากสีหนึ่ง และเราจะยังคงเห็นความนิยมในการใช้สีแดงบนผ้าทอพื้นเมืองของพวกเขา\r\n\r\nงานทอผ้าเป็นงานของผู้หญิง ซึ่งเด็กสาวทุกคนก็จะได้เรียนรู้จากแม่ เริ่มด้วยการช่วยงานเล็กๆ น้อยๆ จนกระทั่งทอผ้าได้ชำนาญ และจะต้องทุ่มเทฝีมือการทออีกครั้งเมื่อจะออกเรือน เพราะเสื้อผ้าเครื่องใช้ ตลอดจนผ้าไหว้ เจ้าสาวจะต้องเป็นคนลงมือทำเอง\r\n\r\n\r\n\r\nแหล่งทอผ้าที่ผู้เขียนได้แวะเข้าไปเยี่ยมชมตามเส้นทางสานนี้เป็นแห่งแรกนั้น เป็นหมู่บ้านเล็กๆ ชื่อ บ้านทับผึ้งน้อย อยู่ในตำบลวังคัน อำเภอด่านช้าง จังหวัดสุพรรณบุรี\r\n\r\nหมู่บ้านแห่งนี้เป็นแบบชนบททั่วไป ชาวบ้านก็เป็นเกษตรกร ในขณะที่แม่บ้านใช้เวลาในยามว่างทอผ้าแบบดั้งเดิมของลาวครั่ง ส่วนหนึ่งไว้ใช้เอง ที่เหลือก็แบ่งไว้ขาย โดยมากก็จะไปฝากรวบรวมกันไว้ที่บ้านของป้าทองศรี ทีปะลา\r\n\r\nผู้เขียนได้พบกับยายไป ทอดี คุณยายอายุ 70 กว่าปีแล้ว แต่ก็ยังทอผ้าอยู่ ยายใจดีมาก ไปขนเอาผ้าต่างๆ ที่ทอไว้แต่ยกให้หลานสาวไปแล้วมาให้ดูตั้งหลายผืน แถมยังตอบคำถามต่างๆ อย่างอารมณ์ดี แม้ว่าผู้เขียนจะฟังไม่ค่อยรู้เรื่อง แต่ยายก็อุตส่าห์เล่าซ้ำซากให้ฟัง\r\n\r\n“ลายนี้เขาเรียกโซ้ย (สร้อย) อันนี้เรียกนกน้อย โคกครือ นี่เรียก เอาะแอ (อ้อแอ้)” ยายไปอธิบายชื่อลายต่างๆ แล้วหัวเราะ เมื่อผู้เขียนถามย้ำเนื่องจากฟังไม่เข้าใจ แกว่าแกพูดภาษาไทยไม่เป็น พูดได้แต่ภาษาลาว แล้วยังบอกกับผู้เขีนอีกว่า สาวๆ สมัยนี้ เขาพากันละทิ้งการทอผ้า เพราะเห็นว่าเป็นงานจุกจิก ต้องใช้ความอดทนสูง สู้ไปทำงานในเมืองไม่ได้ ส่วนเสื้อผ้าก็หาซื้อเอาในตลาด\r\n\r\nผ้าที่ยายเอามาให้ดูนั้น มีหลายชนิดด้วยกัน ทั้งผาซิ่น ผ้าห่ม และหมอน ซึ่งมีทั้งหมอนสามเหลี่ยม และหมอนหน้าอิฐ ล้วนแต่สีสันจัดจ้าน และที่ไม่ขาดเลยก็คือ สีแดง มีแทรกอยู่ในผ้าทุกผืน จะมีที่สีสันขรึมหน่อย ก็คือ ซิ่นดอกดาวที่ยายไปทอไว้ใส่เอง\r\n\r\n\r\nซิ่นดอกดาว\r\n\r\nพื้นสีน้ำเงินมืด แล้วใช้คู่สีแดง-น้ำเงินที่เบรคให้สีหม่นลงแล้ว มาจกลายเป็นลายตีน และลาดดาวบนตัวซิ่น ผ้าซิ่นดอกดาวนี้ เป็นซิ่นแบบหนึ่งของลาวครั่ง ตีนซิ่นเป็นลายตีนจกเช่นเดียวกับซิ่นตีนจกมัดหมี่ของลาวครั่ง แต่ตัวซิ่น จกลายสี่เหลี่ยมขนมเปียกปูนเล็กๆ พราวไปหมดทั้งผืน\r\n\r\nทับผึ้งน้อยถือว่าเป็นช่วงเขตสิ้นสุดจังหวัดสุพรรณบุรี ขับรถไปอีกนิดเดียวก็ข้ามเส้นแบ่งเขตจังหวัด เข้าเขตของจังหวัดอุทัยธานี ซึ่งเราก็จะได้พบกับบ้านทัพคล้าย ในอำเภอบ้านไร่ ของจังหวัดอุทัยธานี\r\n\r\nที่นี่ยิ่งอบอุ่นกว่าที่ทับผึ้งน้อย เพราะเป็นหมู่บ้านใหญ่ และมีช่างทออยู่กันหลายคนมากกว่า แต่ส่วนใหญ่ก็ยังคงเป็นหญิงในวัยกลางคนขึ้นไป แม้กระทั่งคุณยายที่ผมสีดอกเลาแล้วก็ยังคงทอผ้าอยู่ใต้ถุนบ้าน\r\n\r\nที่ทัพคล้ายนี้ เราได้เห็นผ้าที่แตกต่างไปจากทับผึ้งน้อย คือผ้าม่าน ที่ทอลายรูปสัตว์หลายชนิด ทั้งสัตว์ปีกจำพวกไก่ นกสารพัดชนิด สัตว์สี่เท้า เช่น กวาง ม้า แรด ช้าง รวมทั้งมีรูปคนในอิริยาบถต่างๆ\r\n\r\nยายวิง จันทร ปูเสื่อไว้หน้าบ้าน แล้วก็ขนผ้าสารพัดแบบมาให้ผู้เขียนชม แล้วเพื่อนบ้านก็ทยอยกันขนผ้ามาให้บ้างก็มานั่งคุยด้วยเฉยๆ ก็มี\r\n\r\nแม้ว่าที่นี่จะอยู่ใกล้กับทับผึ้งน้อย และเป็นเครือญาติกัน แต่ผ้าทอที่นี่มีความแตกต่างอย่างเห็นได้ชัด เพราะการให้สีของลวดลายในผ้าแต่ละผืนนั่นเอง ชาวทัพคล้ายยังคงปลูกฝ้ายและปั่นฝ้ายไว้ใช้เอง และยังมีการย้อมสีธรรมชาติด้วย สีสันของผ้าทัพคล้ายจึงนุ่มนวลกว่า เฉพาะผ้าส่วนนี้เข้าใจว่า คงเป็นอิทธิพลจากแหล่งทอผ้าในบ้านไร่ที่เน้นสีย้อมธรรมชาติ เพราะชาวบ้านที่นี่ทอส่งไปขาย\r\n\r\nแต่หากเป็นผ้าซิ่นตีนจก ไม่ว่าจะเป็นซิ่นมัดหมี่ต่อตีนจก หรือจะเป็นซิ่นดอกดาว ก็ยังคงสีสันสด และไม่มีวันลืมสีแดงไปได้\r\n\r\n\r\nผ้าลาวครั่งนิยมสีสดใส มักจับคู่สีเป็นคู่ตรงข้าม\r\n\r\n\r\nผู้เขียนกล่าวถึงแหล่งผ้าถึงสองแห่งแล้ว แต่ยังไม่ได้กล่าวถึงลักษณะผ้าโดยรวมของลาวครั่งเลย ต้องขออภัยที่เพลิดเพลินกับการดูผ้ามากไปหน่อย\r\n\r\nผ้าลาวครั่งนั้น มีความหลากหลายทั้งในเรื่องลวดลายและเทคนิค เพราะใช้ทั้งฝ้ายและไหม มีทั้งเทคนิคในการทอจกและการมัดหมี่\r\n\r\nผ้าชนิดที่เป็นเอกลักษณ์โดดเด่นของชาวลาวครั่งก็คือ ผ้าซิ่นมัดหมี่ต่อตีนจก ซึ่งถือกันว่าเป็นผ้าชิ้นเอกของช่างทอลาวครั่ง กล่าวคือ ผ้าซิ่นชนิดนี้ ตัวซิ่นทอด้วยเส้นไหมโดยมัดหมี่เป็นลวดลาย แล้วทอสลับกับลายขิด ซึ่งจะเป็นลายเส้นตั้ง ไม่ใช่ขวางตัวเหมือนอย่างายซิ่นของที่อื่น แล้วต่อด้วยตีนจกซึ่งทอด้วยเส้นฝ้าย (น้อยครั้งจะเป็นไหม) นิยมพื้นสีแดง ส่วนลวดลายนั้นเป็นลายเรขาคณิตที่ไม่มีแบบแผนตายตัว ขึ้นอยู่กับจินตนาการของช่างแต่ละคน ว่าจะพลิกแพลงให้ลวดลายพิศดารอย่างไรก็ได้\r\n\r\n\r\nซิ่นมัดหมี่ ต่อตีนจก\r\n\r\n\r\nซิ่นต่อตีนจกแดงแบบนี้ บางผืนก็ทอตัวซิ่นเป็นผ้าไหมมัดหมี่ล้วน ไม่มีสลับขิดก็มีเหมือนกัน ก็บอกแล้วว่า ชาวลาวครั่งเขาไม่มีกรอบที่ขีดไว้ตายตัว แล้วแต่ความคิดความสามารถของช่างทอเป็นคนๆ ไป\r\n\r\nส่วนซิ่นอีกแบบหนึ่งก็คือ ซิ่นดอกดาว อย่างที่อธิบายเมื่อข้างต้นไปแล้ว ซิ่นดอกดาวนิยมทอสีพื้นให้มืดเข้าไว้ แล้วจกลายสี่เหลี่ยมเล็กๆ ด้วยโทนสีอ่อนแก่ ประมาณ สามสี เพื่อเลียนแบบท้องฟ้ายามค่ำคืนที่เต็มไปด้วยดวงดาว ซึ่งถ้าท่านได้เห็นผ้าซิ่นดอกดาวของช่างทอฝีมือดีๆ จะหลงรักทันที เพราะเหมือนดาวบนท้องฟ้าที่ระยิบระยับเอามากๆ\r\n\r\nผ้าห่มของลาวครั่งก็สวยไม่แพ้ใคร ทอเป็นผืนใหญ่ มีลายท้องผ้า และลายเชิงชาย นิยมใช้สีคู่ตรงข้ามนำมาเบรคสีลงแล้วแทรกด้วยสีอื่นเล็กน้อย ซึ่งช่างทอลาวครั่งก็ช่างจับคู่สี และให้จังหวะสีได้เก่งจริงๆ\r\n\r\n\r\nการจับคู่สีตรงข้ามเขียว-แดง แต่คุมโทนให้อ่อนหวาน เป็นวิธีการให้สีแบบใหม่\r\n\r\n\r\nยังมีผ้าม่าน ซึ่งนิยมทอลายรูปสัตว์ต่างๆ เมื่อก่อนเป็นของที่ทำถวายวัด เดี๋ยวนี้ทำตามออเดอร์ สำหรับชาวเมืองเขานำไปแต่งบ้าน\r\n\r\nลายรูปสัตว์และลายเรขาคณิตเหล่านี้ ปัจจุบันมีการประยุกต์ในการทอ ทำเป็นผ้าแบบต่างๆ สำหรับชีวิตคนยุคใหม่ เช่น ผ้ารองจาน ผ้าคลุมเตียง หรือผ้าตัดเสื้อ\r\n\r\nส่วนหมอนนั้น มีทั้งหมอนสามเหลี่ยมและหมอนหน้าอิฐ โดยใช้ลวดลายที่เป็นเรขาคณิต และใช้สีสันสดเหมือนกัน\r\n\r\n\r\nหมอนขวาน หรือหมอนสามเหลี่ยม\r\n\r\n\r\nแหล่งทอผาในหมู่บ้านถัดไป ตั้งอยู่ติดกับวัดทัพหลวง และตั้งเป็นศูนย์ทอผ้าแล้ว คือศูนย์ทอผ้าบ้านทัพหลวง มีประธานศูนย์ชื่อ สินเทา ป้อมคำ\r\n\r\nพี่สินเทาอยู่กับแม่และพี่สาว โดยที่ตัวเธอไม่ได้แต่งงาน อาศัยเป็นคนขยันทำมาหากินจึงเลี้ยงตัวเองได้ ช่างทอคนสำคัญของศูนย์นี้ก็คือพี่สาวของพี่สินเทา ชื่อมณี พี่สินเทาได้นำซิ่นดอดาวที่พี่มณีเป็นคนทอมาให้ผู้เขียนชม และเล่าให้ฟังว่า ใส่ผ้าซิ่นนี้ออกงานทีไร จะต้องมีออเดอร์ผ้าซิ่นดอกดาวติดไม้ติดมือกลับมาทุกครั้ง เพราะซิ่นผืนนี้ พี่มณีวางสีและจังหวะของลายสี่เหลี่ยมเล็กๆ บนตัวซิ่นได้อย่างเหมาะเจาะ ดูแล้วเหมือนท้องฟ้าที่มีดวงดาวระยิบระยับอยู่จริงๆ\r\n\r\n\r\nซิ่นดอกดาวของพี่มณี ด้วยวิธีการให้โทนสีอ่อนแก่อย่างฉลาด เลียนแบบความพร่างพราวของดาวบนท้องฟ้าได้อย่างน่าชม\r\n\r\n“ช่างทอเขาเล่ากันว่า ยายเกลี้ยงแกมองฟ้า แล้วก็เอามาทอซิ่นดอกดาว” พี่สินเทาเล่านิทานประกอบลวดลายให้เราฟัง ซึ่งเป็นนิทานปรัมปราที่เล่าสืบต่อๆ กันมา ไม่เฉพาะเพียงซิ่นดอกดาวนี้เท่านั้น ลวดลายอื่นๆ ก็มีเรื่องเล่าฟังเพลินเช่นกัน\r\n\r\n“ลายดอกรอด เขาก็เล่าว่าสามีไปรบ ช่างทออยู่บ้านทอผ้า ก็อธิษฐานให้สามีรอดชีวิตกลับมา แล้วก็เลยคิดออกเป็นลาย เรียกดอกรอด\r\n\r\nลายอ้อแอ้ เขาว่าเดินไปไหนๆ มาเหนื่อย กลับมาถึงก็คิดเป็นลาย เรียกว่าอ้อแอ้”\r\n\r\nแม้เป็นเพียงนิทานที่เล่าขานกันมา ไม่มีหลักฐานยืนยันเป็นลายลักษณ์อักษร แต่ก็สะท้อนให้เห็นถงความคิดสร้างสรรค์และจินตนาการของช่างทอผ้าชาวลาวครั่งที่มีอย่างร่ำรวย และยิ่งน่าสนใจเมื่อเราพบเห็นงานทอในแต่ละแหล่ง แม้มีแบบแผนประเพณีอันเดียวกัน ทว่าในแต่ละท้องถิ่นกลับมีเอกลักษณ์เฉพาะตัว หรือจะเรียกว่าเป็นลักษณะของช่างเฉพาะคนก็ว่าได้ เพราะในลายเดียวกัน แต่วิธีการให้จังหวะ การใช้คู่สี การแทรกสีล้วนผิดแผกแตกต่างกันอย่างเห็นได้ชัด เช่นที่บ้านทัพหลวงนี้ พี่มณีทอผ้าที่มีสีสันสด สนุกสนานและมีชีวิตชีวา\r\n\r\nน่าเสียดาย ภายหลังผู้ขียนได้ทราบข่าวว่า พี่มณีซึ่งปกติมีโรคประจำตัวเป็นลมชักอยู่นั้นได้เสียชีวิตลงเสียแล้ว เราจึงสูญเสียช่างฝีมืดีไปอีกคนหนึ่ง\r\n\r\nถัดบ้านทัพหลวงไปอีกไม่ไกล คือศูนย์ทอผ้าบ้านบึงซึ่งเป็นศูนย์ใหญ่ที่มีการพัฒนาและก้าวหน้ามากกว่าสามแห่งแรก ศูนย์แห่งนี้มีประธานศูนย์คือ ศรีนิน จันทรักษ์\r\n\r\nลักษณะที่พิเศษแตกต่างจากแหล่งอื่นๆ ก็คือ ที่นี่เน้นการใช้สีย้อมจากธรรมชาติ\r\n\r\nพี่ศรีนินได้เล่าให้ฟังว่า แต่เดิมก็ทอผ้าเป็นตามแบบสาวๆ ลาวครั่งทั่วไป คือพอเรียนจบป.4 ก็มาช่วยแม่ทอผ้า ต่อมาได้รู้จักกับคุณวิสุตา สาณะเสน ได้พาพี่ศรีนินไปออกร้านขายผ้าในงานเทศกาลของจังหวัดอุทัยธานี หลังจากนั้นพี่ศรีนินก็เริ่มหันมาทอผ้าขาย จนกระทั่งรวบรวมสมาชิกตั้งเป็นศูนย์ขึ้นมาได้\r\n\r\n\r\nผ้าคลุมเตียง ที่นำลวดลายแบบผ้าคลุมไหล่มาประยุกต์ใช้ และย้อมสีธรรมชาติให้นุ่มนวล\r\n\r\n\r\nที่นี่ได้นำการทอผ้าแบบดั้งเดิมมาประยุกร์เพื่อผลิตผ้าที่ใช้ได้กว้างขวางขึ้น และเหมาะกับชีวิตของสังคมยุคใหม่มากขึ้น เช่นการนำผ้าห่มมาขยายขนาดทำเป็นผ้าคลุมเตียง ลายเรขาคณิตและลายรูปสัตว์นำมาทอเป็นผ้ารองจาน ผ้าตัดเสื้อ และอื่นๆ ตามแต่จะมีออเดอร์ หรือมีการออกแบบใหม่ๆ\r\n\r\nความรู้ในด้านการย้อมสีธรรมชาตินั้น ก็รวบรวมมาจากคนเฒ่าคนแก่ในหมู่บ้านที่ยังพอมีความทรงจำในภูมิปัญญาเก่าๆ อยู่ วัตถุดิบก็หาไม่ยาก เพราะมีอยู๋ในท้องไร่ท้องนา ช่างทำกี่และกระสวยก็เป็นคนในหมู่บ้าน ช่างเหล่านี้เป็นพวกพ่อบ้าน แม้ว่าจะมีอายุแล้ว แต่ความชำนาญและความเข้าใจในเชิงช่างมีเหนือกว่าคนหนุ่มๆ อย่างเช่น การทำกระสวยช่างรุ่นเก่าจะคัดเลือกไม้ โดยเลือกเอาไม้โมกมันซึ่งไม่มีเสี้ยน เพื่อจะได้ไม่เกี่ยวเส้นด้ายขาดเวลาใช้งาน\r\n\r\nด้วยพื้นฐานภูมิปัญญาที่มีอยู่เดิม ผสมผสานกับความคิดใหม่ๆ ไม่ว่าจะเป็นด้านการผลิตที่พี่ศรีนินศึกษามาจากที่อื่น หรือด้านการตลาดและการจำหน่าย ก็ทำให้ศูนย์บ้านบึงก้าวหน้าไปได้มาก และมีการพัฒนาตลอดเวลา\r\n\r\nแม้กระนั้นก็ใช่ว่าทุกอย่างจะราบรื่น พี่ศรินินบอกว่ามีปัญหาให้ต้องขบคิดตลอดเวลา เช่น การฝึกช่างทอรุ่นใหม่ เพราะเด็กสาวส่วนใหญ่ไม่สนใจ หรือที่มีความสนใจก็ไม่มีเวลามากพอที่จะฝึกฝนให้ชำนาญได้ เพราะต้องเรียนหนังสือ เป็นต้น\r\n\r\nความประทับใจในเส้นทางสายผ้าลาวครั่งเส้นนี้ นอกจากจะได้เพลิดเพลินกับความสวยงามของผ้าทอพื้นเมืองแล้ว อัธยาศัยของชาวบ้านก็เป็นเสน่ห์อีกอย่างหนึ่งที่ประทับใจผู้มาเยือน\r\n\r\nแหล่งทอผ้าบนเส้นทางสายนี้ยังมีอีกหลายแหล่ง แต่เฉพาะสี่แห่งที่ผู้เขียนเล่าถึง เชื่อแน่ว่าสำหรับคนรักผ้าแล้วก็สามารถเพลิดเพลินจนเวลาล่วงไปอย่างไม่รู้ตัว\r\n\r\n***หมายเหตุ \r\n\r\n        หลังจากตีพิมพ์บทความนี้ในวารสารเมืองโบราณ ได้มีผู้อ่านโทรศัพท์มาคุยกับผู้เขียน เขาประทับใจทั้งชื่อและเรื่องราวของเส้นทางสายผ้าลาวครั่งมาก และอยากจะนำไปทำเป็นวิทยานิพนธ์ต่อ ผู้เขียนเองไม่ขัดข้องที่เขาจะนำไปต่อยอด แต่หลังจากนั้นก็ไม่ทราบข่าวความคืบหน้าอีกเลย\r\n\r\n        ต่อมา ผู้เขียนเองก็อยากต่อยอดงานเขียนเรื่องนี้ วางแผนไว้ว่า จะขยายเรื่องให้เป็นหนังสือสักหนึ่งเล่ม จึงได้เก็บรวบรวมข้อมูลและเขียนเรื่องนี้เพิ่มเติมขึ้นอีก\r\n       \r\n        กลายเป็นว่า ยิ่งทำ ยิ่งมีข้อมูลให้ศึกษามากขึ้น ถึงบัดนี้ ยังเข้าไปเก็บรวบรวมได้หมดทุกพื้นที่เลยค่ะ น่าเสียดายมากๆ เพราะว่าแต่ละท้องถิ่นมีเรื่องเล่าเรื่องราวที่สนุกสนาน\r\n\r\n        วันนี้จึงเพียงนำเรื่องบางส่วนมาเล่าสู่กันฟังในบล็อกก่อน ไว้มีโอกาส จะนำ “เส้นทางสายผ้าครั่ง” มานำเสนออีกนะคะ\r\n', 'images/blog/blog2.jpg', 1),
(3, 'การดูแลรักษาผ้าไหม', 'การดูแลรักษาผ้าไหม\r\n\r\n          ผ้าไหมเป็นผ้าจากเส้นใยธรรมชาติมีโปรตีนเป็นองค์ประกอบที่สำคัญ มีความสวยงามอยู่ในตัวของมันเอง ลองมาดูวิธีการดูแลรักษากันว่ายากง่ายหรือไม่\r\n\r\nการเก็บรักษาผ้าไหมที่เป็นแบบชิ้นๆ  ถ้าจะเก็บไว้นานๆ ยังไม่ปรารถนาที่จะนำไปตัดเย็บเป็นชุดสำเร็จ การเก็บรักษาควรจะม้วนโดยมีแกนอยู่ตรงกลาง ซึ่งเป็นแกนกลมๆ รูปร่างเหมือนกระบองที่เห็นตามร้านขายผ้าทั่วๆ ไป แกนจะใช้ท่อเอสลอนนำมาตัดให้ได้ตามความกว้างของผ้าและต้องเป็นแกนที่สะอาด ม้วนเสร็จแล้วนำเอากระดาษแก้วมาม้วนทับอีกชั้นเพื่อป้องกันความชื้น ก่อนจะนำผ้าไหมที่ม้วนไว้ไปตัดชุด ควรนำเอาผ้าไปอบไอน้ำเสียก่อนเพื่อให้ผ้าฟิตตัวดีขึ้น\r\n\r\nการซักทำความสะอาดชุดผ้าไหม  การดูแลรักษาผ้าไหมให้สวยงามอาจใช้นำยาซักแห้งทั่วๆ ไป หรือใช้สบู่อ่อน หรือแชมพูอ่อนซักในน้ำอุ่น (ไม่ควรซักด้วยผงซักฟอก) ควรจะซักผ้าไหมด้วยมือ ไม่ควรขยี้หรือบิดผ้าแรงๆ อาจจะหยดน้ำมันทาผิวทารก (Baby oil) ลงในน้ำซักสุดท้าย 2-3 หยด เพื่อทำให้ผ้าไหมเงางามขึ้น\r\n\r\n          การตากผ้าภายหลังการซัก ก่อนตากควรสลัดเบาๆ ให้ผ้าคลายตัวก่อนตาก และนำไปตากในที่ร่มเพื่อป้องกันสีซีดจากแสงแดดหรือรังสีอัลตราไวโอเล็ต\r\n\r\n          การรีดผ้าไหมสำหรับผ้าไหมที่ตากแห้งแล้ว ควรใช้เตารีดไอน้ำ ถ้าเป็นเตารีดธรรมดา ควรพรมน้ำให้ผ้าไหมพอแห้งหมาดๆ อาจห่อใส่ถุงพลาสติกเก็บไว้ในตู้เย็น หรือให้มีความชื้น และเมื่อต้องการใช้ก็นำออกมารีด แล้วรีดด้วยไฟค่อนข้างร้อน จากด้านในของเสื้อผ้าก่อน การรีดควรมีผ้าขาวบางหรือผ้าดิบรองรีดด้วย ส่วนด้านนอกรีดด้วยไฟอ่อนและมีผ้าขาวบางหรือผ้าดิบรองรีดเช่นกัน', 'images/blog/blog4.jpg', 1),
(4, 'PABAJA ผู้ออกแบบลายผ้าสุดคราฟต์กับ 10 ผลงานที่ชื่นชอบ', '<p> เมื่อไม่กี่เดือนก่อน ทีม happening ได้มีโอกาสไปร่วมงาน Debut Talk by TCDCCONNECT ที่ศูนย์สร้างสรรค์งานออกแบบ TCDC บางรัก และได้พบกับ ภา-ภาวิษา มีศรีนนท์ ดีไซเนอร์สาวผู้อยู่เบื้องหลังการออกแบบลายผ้าให้แก่สินค้าแบรนด์ดังๆ มาแล้วมากมาย ในเวลาอันแสนจำกัด เธอได้เล่าประสบการณ์การทำงานและผลงานที่เคยทำอย่างรวบรัดเข้าใจง่าย พร้อมกับโชว์สไลด์ภาพผลิตภัณฑ์บางส่วนที่ทำให้ใครหลายคนรวมถึงเราชื่นชม</p>\r\n<p>ไม่นานหลังจากวันนั้น เราได้นัดพูดคุยกับเธอที่คาเฟ่ย่านเอกมัย หญิงสาวผู้มีคาแรกเตอร์ชัดเจนปรากฏตัวในชุดกระโปรงและเครื่องประดับกรุยกราย บ่งบอกได้ถึงรสนิยมความชอบของเธอได้เป็นอย่างดี ดีไซเนอร์ตัวเล็กคนนี้จบการศึกษาจากคณะสถาปัตยกรรมศาสตร์ สาขานิเทศศิลป์ สถาบันเทคโนโลยีพระจอมเกล้าเจ้าคุณทหารลาดกระบัง ซึ่งในช่วงที่เรียนอยู่ เธอก็ได้มีโอกาสฝึกงานกับหลายแบรนด์ดัง หนึ่งในนั้นคือ แบรนด์แฟชั่น Issue ซึ่งนั่นถือเป็นจุดเปลี่ยนสำคัญในชีวิตเธอก็ว่าได้</p>\r\n<p>\"ตอนฝึกงาน เราได้เป็นผู้ช่วยเขา แต่พี่โรจน์ (ภูภวิศ กฤตพลนารา) เห็นว่าเรามีศักยภาพพอ น่าจะลองไปทำอะไรสักอย่างได้เลย เขาก็จ้างเราให้ไปทำงานตอนนั้น ซึ่งเราอยู่ปี 3 เอง ก็ตกใจที่เขาให้เราทำ แต่มันก็เป็นโอกาสที่ดีมาก เราได้ไปเปิดตัวและขายในงาน ELLE Fashion Week ของปีนั้น เพื่อนำเงินไปช่วยเหลือผู้ประสบภัยสึนามิ ผลตอบรับคือขายดีมากจนสื่อสนใจ เขาก็เลยเรียกเราไปสัมภาษณ์ หลังจากนั้นคนก็เริ่มรู้จักเรา ติดต่อเราผ่านทางนิตยสารบ้าง ทางเพจบ้าง ก็เลยได้ทำงานในวงการนี้มาเรื่อยๆ\"</p>\r\n<p>แรกเริ่มเธอเริ่มต้นทำงานกับบริษัทแห่งหนึ่ง จนสุดท้ายก็ออกมาเป็นฟรีแลนซ์และรับงานตามโจทย์ที่ลูกค้าต้องการ ซึ่งสโคปงานที่ภาทำจะเป็นแนวแฟชั่นทั้งหมด ไม่ว่าจะเป็นลายผ้าหรือโปรดักต์ที่เกี่ยวกับรองเท้า กระเป๋า หรือเสื้อผ้า ลายเซ็นอันโดดเด่นของ PABAJA คือการประยุกต์ศิลปะหลายแขนงเข้าด้วยกัน ไม่ว่าจะเป็นงานวาด ร้อยลูกปัด ถักเชือก หรือปักลาย สาวดีไซเนอร์ของเราจะหยิบจับศาสตร์เหล่านี้มาผสมรวมกันให้เกิดเป็นงานคราฟต์สีสันสดใสตามแบบฉบับของเธอจนหลายคนรู้ได้ทันทีว่าผลงานชิ้นไหนเกิดจากฝีมือการออกแบบของภา</p>\r\n<p>เป็นเวลากว่า 5 ปีที่นักออกแบบหญิงฟรีแลนซ์ได้ออกมาโลดแล่นสร้างลายผ้าและอยู่เบื้องหลังผลิตภัณฑ์แฟชั่นกว่าหลายสิบชิ้น ไม่ว่าจะทำให้แบรนด์ชื่อดังระดับประเทศหรือโปรเจกต์ OTOP โกอินเตอร์ของกระทรวงพาณิชย์ ผลงานของเธอวางขายทั้งที่ไทยและต่างประเทศ ไม่ว่าจะเป็นญี่ปุ่น โอมาน หรือมาเลเซีย ซึ่งขณะนี้เธอก็กำลังทำงานร่วมกับกรมส่งเสริมการค้าระหว่างประเทศ และสถาบันพัฒนาอุตสาหกรรมสิ่งทอ เพื่อเตรียมขยายกลุ่มลูกค้าต่างประเทศให้กว้างขวางและหลากหลายขึ้นนั่นเอง</p>\r\n<p>ครั้งนี้ เราจึงชวนเธอมาเลือกและเล่าถึง 10 ผลงานฝีมือการออกแบบที่ตัวเธอเองประทับใจ ซึ่งนอกจากจะมีรายละเอียดของลายและดีไซน์ที่สวยงามสร้างสรรค์แล้ว เธอยังเล่าถึงประสบการณ์ทำงานแต่ละชิ้นได้สนุกและน่าสนใจไม่แพ้กัน มาดูกันดีกว่าผลงานจำนวน 10 ชิ้นที่ดีไซเนอร์ลายผ้าร่วมสมัยคนนี้เลือกมา มีลายอะไรกันบ้าง</p>\r\n<p></p>\r\n<p><b>1. คอลเล็กชัน Spring &amp; Summer - แบรนด์ ISSUE(2011)</b></p>\r\n<img src=\"https://www.happeningandfriends.com/uploads/happening/articles/1/37/image_detail/4559418_orig.jpg\" />\r\n<p>\"เราเลือกชิ้นนี้เพราะเป็นลายที่ทำให้กับ Issue ตอนที่ฝึกงานอยู่ เป็นอันที่เปิดตัวเราขึ้นมา ทำให้รู้ว่าเราชอบอะไร ไม่ชอบอะไร และคนเขาชอบอะไรในตัวเรา เป็นงานแรกที่ภูมิใจมาก เพราะว่าตอนนั้นยังเด็ก แต่เรามีโอกาสได้ทำแบรนด์ใหญ่ แล้วก็เป็นความฝันอย่างหนึ่งที่เราอยากทำด้วย ถือว่าค่อนข้างประสบความสำเร็จ ทำให้เราเป็นที่รู้จัก\"<BR></p>\r\n<p><b>2. LYN REFLECTION SPRING-SUMMER 2016 Folktale Pattern Collection (2016)</b></p>\r\n<img src=\"https://www.happeningandfriends.com/uploads/happening/articles/1/37/image_detail/jj.jpg\" />\r\n<p>\"ชิ้นนี้เป็นกระดาษฉลุ เพราะ LYN ต้องการทำเป็นคอนเซปต์ Folk Art ทีนี้เราก็เป็นคนชอบงานคราฟต์ (Craft) อยู่แล้ว เพราะงั้นเลยคิดว่าจะนำงานคราฟต์มาผสมกับงานแพตเทิร์นดีไซน์ (Pattern Design) คือมองลงไปจะเป็นสองมิติ แต่เราจะเล่นแสงเงาให้มันกลายเป็นงานสามมิติ โดยเราจะฉลุกระดาษขึ้นมาก่อนแล้วสแกนเข้าไป แล้วค่อยดราฟต์งานตามลายกระดาษนั้น จากนั้นทำเป็นเลเยอร์ซ้อนๆ กัน ก็จะกลายเป็นงานสามมิติขึ้นมา พอมองแล้วจะเหมือนกับงานตัดกระดาษ คนก็ตื่นเต้นว่าเราทำได้ยังไง เพราะมันแปลกใหม่มาก\"<BR> </p>\r\n<p><b>3. Thai Embroidery Tribal, Arkha (2015)</b></p>\r\n<img src=\"https://www.happeningandfriends.com/uploads/happening/articles/1/37/image_detail/12113399_1020033758017092_7840324025783045660_o.jpg\" />\r\n<p>\"เป็นงานที่ทำให้กับ OTOP โกอินเตอร์ เป็นของชนเผ่าอาข่า ตอนแรกพวกเขาทำขายที่เชียงใหม่ ซึ่งขายยากและราคาถูกมาก เราก็ดีไซน์ใหม่ เปลี่ยนสี เปลี่ยนกราฟิก จริงๆ ลายอาข่าก็มีสไตล์ของเขาเองอยู่แล้ว เราไม่สามารถเปลี่ยนกราฟิกเขาใหม่ได้ทั้งหมด มันจะกลายเป็นว่าไม่ใช่ชนเผ่าอาข่า เพราะพื้นฐานของลายเขาคือการใช้เรขาคณิตมาผสมกันจนเกิดเป็นลาย เราเลยดัดแปลงให้กลายเป็นแบบสีสันเพื่อให้มันดูสนุกขึ้น เป็นวัยรุ่นมากขึ้น แล้วก็ใช้ดอกบัวตองปักลงไปเป็นกิมมิกเล็กๆ ที่บ่งบอกถึงตัวตนของชาวอาข่า</p><p>&nbsp;&nbsp;&nbsp;&nbsp;&nbsp;&nbsp; \"ชิ้นนี้ค่อนข้างประสบความสำเร็จมาก เพราะว่าเปลี่ยนไปจากภาพผ้าไทยๆ ที่นำมาทำเป็นผ้าถุง และใช้เวลาในการทำนาน เราก็นำมาดัดแปลง ปรับแค่บางส่วนให้ดูเบาขึ้น ขายง่ายขึ้น เปลี่ยนสีสันใหม่หมด จากสีที่ไม่เคยทำมาก่อนอย่างสีพาสเทล ก็ย้อมตั้งแต่เส้นด้ายจนกลายเป็นตัวนี้ขึ้นมา ชิ้นนี้ก็ขายที่ญี่ปุ่นเหมือนกัน เขาเห็นก็คาวาอี้ เพราะสีมันน่ารัก แล้วรู้สึกว่าจะขายได้ในไทยและต่างประเทศอย่างยุโรปด้วย เราก็ดีใจเพราะรู้สึกว่ามันไม่ตันแล้ว ทีแรกชาวอาข่าเขาท้อว่าเขาจะทำต่อดีไหม งานฝีมือแบบนี้ ขายไม่ได้ ราคาก็ถูก จนเราเปิดโอกาสให้เขาไปขายที่ต่างประเทศ มันก็แปลก แถมประสบความสำเร็จเสริมรายได้ให้เขา ชาวอาข่าก็มีกำลังใจในการทำงานมากขึ้น\"\r\n\r\n', 'images/blog/blog3.jpg', 1);

-- --------------------------------------------------------

--
-- Table structure for table `codepromotion`
--

CREATE TABLE `codepromotion` (
  `id_Code` int(11) NOT NULL,
  `CodePromotion` varchar(12) NOT NULL,
  `MatchPercen` int(11) NOT NULL
) ENGINE=InnoDB DEFAULT CHARSET=utf8;

--
-- Dumping data for table `codepromotion`
--

INSERT INTO `codepromotion` (`id_Code`, `CodePromotion`, `MatchPercen`) VALUES
(1, 'GFTIRKQL6654', 10);

-- --------------------------------------------------------

--
-- Table structure for table `favoruite`
--

CREATE TABLE `favoruite` (
  `id_Favoruite` int(11) NOT NULL,
  `id_product` int(11) NOT NULL,
  `id_user` int(11) NOT NULL
) ENGINE=InnoDB DEFAULT CHARSET=utf8;

-- --------------------------------------------------------

--
-- Table structure for table `formregisterstore`
--

CREATE TABLE `formregisterstore` (
  `id_formRegisterStore` int(11) NOT NULL,
  `NameStore` varchar(255) NOT NULL,
  `AvatarStore` varchar(50) NOT NULL,
  `AddressStore` varchar(255) NOT NULL,
  `TelStore` varchar(30) NOT NULL,
  `CityStore` varchar(100) NOT NULL,
  `StateStore` varchar(100) NOT NULL,
  `ZipStore` varchar(10) NOT NULL,
  `CountryStore` varchar(100) NOT NULL,
  `EmailStore` varchar(100) NOT NULL,
  `Password` varchar(100) NOT NULL,
  `textStory` text NOT NULL
) ENGINE=InnoDB DEFAULT CHARSET=utf8;

--
-- Dumping data for table `formregisterstore`
--

INSERT INTO `formregisterstore` (`id_formRegisterStore`, `NameStore`, `AvatarStore`, `AddressStore`, `TelStore`, `CityStore`, `StateStore`, `ZipStore`, `CountryStore`, `EmailStore`, `Password`, `textStory`) VALUES
(1, 'FolkCharm', '---', '555/55', '099-999-9999', 'เมือง', 'กรุงเทพ', '10000', 'ประเทศไทย', 'folkChram@info.com', '81dc9bdb52d04dc20036dbd8313ed055', 'กระเป๋า ทุกคนน่ารักมาก สวัสดีครับ เย้ๆดีใจจังเลยห่อส่งไปร้านเดียวน่ะ ฮ่าาๆ ก่อนจะกลับนะครับ');

-- --------------------------------------------------------

--
-- Table structure for table `hotproduct`
--

CREATE TABLE `hotproduct` (
  `id_hotproduct` int(11) NOT NULL,
  `id_product` int(11) NOT NULL
) ENGINE=InnoDB DEFAULT CHARSET=utf8;

--
-- Dumping data for table `hotproduct`
--

INSERT INTO `hotproduct` (`id_hotproduct`, `id_product`) VALUES
(2, 5),
(1, 6),
(3, 7);

-- --------------------------------------------------------

--
-- Table structure for table `imgproduct`
--

CREATE TABLE `imgproduct` (
  `id_imgProduct` int(11) NOT NULL,
  `Name_img` varchar(100) NOT NULL,
  `url_img` varchar(100) NOT NULL
) ENGINE=InnoDB DEFAULT CHARSET=utf8;

--
-- Dumping data for table `imgproduct`
--

INSERT INTO `imgproduct` (`id_imgProduct`, `Name_img`, `url_img`) VALUES
(4, 'jai-01.png', 'images/product/'),
(5, 'jai-02.png', 'images/product/'),
(6, 'jai-03.png', 'images/product/'),
(7, 'jai-04.png', 'images/product/'),
(12, 'pro1-2.png', 'images/product/'),
(13, 'pro2-2.png', 'images/product/'),
(14, 'pro3-2.png', 'images/product/'),
(15, 'pro4-2.png', 'images/product/'),
(16, 'c1-2.png', 'images/product/'),
(17, 'c2-2.png', 'images/product/'),
(18, 'c3-2.png', 'images/product/'),
(19, 'c4-2.png', 'images/product/'),
(20, 'b1-2.png', 'images/product/'),
(21, 'b2-2.png', 'images/product/'),
(22, 'b3-2.png', 'images/product/'),
(23, 'b4-2.png', 'images/product/'),
(25, 'pro11-2.png', 'images/product/'),
(26, '01.jpg', 'images/product/');

-- --------------------------------------------------------

--
-- Table structure for table `imgproductdetail`
--

CREATE TABLE `imgproductdetail` (
  `id_imgProductDetail` int(11) NOT NULL,
  `id_product` int(11) NOT NULL,
  `id_imgProduct` int(11) NOT NULL,
  `namethumbProduct` varchar(1) NOT NULL,
  `urlthumbProduct` text NOT NULL,
  `qty` varchar(10) NOT NULL
) ENGINE=InnoDB DEFAULT CHARSET=utf8;

--
-- Dumping data for table `imgproductdetail`
--

INSERT INTO `imgproductdetail` (`id_imgProductDetail`, `id_product`, `id_imgProduct`, `namethumbProduct`, `urlthumbProduct`, `qty`) VALUES
(4, 3, 4, '1', 'images/thumbproduct/jai-p01.png', '10'),
(5, 3, 5, '2', 'images/thumbproduct/jai-p02.png', '10'),
(6, 3, 6, '3', 'images/thumbproduct/jai-p03.png', '10'),
(7, 3, 7, '4', 'images/thumbproduct/jai-p04.png', '10'),
(12, 5, 12, '1', 'images/thumbproduct/pro1-1.png', '10'),
(13, 5, 13, '2', 'images/thumbproduct/pro2-1.png', '15'),
(14, 5, 14, '3', 'images/thumbproduct/pro3-1.png', '19'),
(15, 5, 15, '4', 'images/thumbproduct/pro4-1.png', '18'),
(16, 6, 16, '1', 'images/thumbproduct/c1-1.jpg', '15'),
(17, 6, 17, '2', 'images/thumbproduct/c2-1.jpg', '15'),
(18, 6, 18, '3', 'images/thumbproduct/c3-1.jpg', '15'),
(19, 6, 19, '4', 'images/thumbproduct/c4-1.jpg', '15'),
(20, 7, 20, '1', 'images/thumbproduct/b1-1.jpg', '12'),
(21, 7, 21, '2', 'images/thumbproduct/b2-1.jpg', '13'),
(22, 7, 22, '3', 'images/thumbproduct/b3-1.jpg', '14'),
(23, 7, 23, '4', 'images/thumbproduct/b4-1.jpg', '15'),
(25, 9, 25, '1', 'images/thumbproduct/pro11-2.png', '155'),
(26, 10, 26, '1', 'images/thumbproduct/01.jpg', '100');

-- --------------------------------------------------------

--
-- Table structure for table `orderproductdetail`
--

CREATE TABLE `orderproductdetail` (
  `id_orderDetail` int(11) NOT NULL,
  `id_order` int(11) NOT NULL,
  `id_product` int(11) NOT NULL,
  `namethumbProduct` int(11) NOT NULL,
  `qty` varchar(10) NOT NULL,
  `Price` varchar(100) NOT NULL
) ENGINE=InnoDB DEFAULT CHARSET=utf8;

--
-- Dumping data for table `orderproductdetail`
--

INSERT INTO `orderproductdetail` (`id_orderDetail`, `id_order`, `id_product`, `namethumbProduct`, `qty`, `Price`) VALUES
(14, 13, 3, 1, '6', '1250'),
(15, 14, 3, 3, '4', '1250'),
(16, 15, 5, 1, '1', '850'),
(17, 15, 5, 2, '1', '850'),
(18, 15, 6, 1, '1', '980'),
(19, 15, 9, 1, '1', '1600');

-- --------------------------------------------------------

--
-- Table structure for table `order_product`
--

CREATE TABLE `order_product` (
  `id_order` int(11) NOT NULL,
  `id_user` int(11) NOT NULL,
  `Date_order` date NOT NULL,
  `Tax` varchar(5) NOT NULL,
  `Name` varchar(100) NOT NULL,
  `LastName` varchar(100) NOT NULL,
  `Tel` varchar(30) NOT NULL,
  `Address` varchar(255) NOT NULL,
  `Zip` varchar(10) NOT NULL,
  `Send_email_order` varchar(100) NOT NULL,
  `Totalprice` int(11) NOT NULL
) ENGINE=InnoDB DEFAULT CHARSET=utf8;

--
-- Dumping data for table `order_product`
--

INSERT INTO `order_product` (`id_order`, `id_user`, `Date_order`, `Tax`, `Name`, `LastName`, `Tel`, `Address`, `Zip`, `Send_email_order`, `Totalprice`) VALUES
(13, 3, '2017-12-16', '7%', 'พรเทพ', 'อภิรักษ์ลี้พล', '083546053', '3 พุทธรักษา2 ต.สนามจันทร์  อำเภอนครปฐม จังหวัดเมือง ประเทศไทย ', '73000', 'apiraklypol_p@hotmail.com', 7500),
(14, 4, '2017-12-16', '7%', 'ซักบ่อย', 'ซักบ่อย', '099-999-9999', '555 อำเภอกรุงเทพมหานคร จังหวัดเมือง ประเทศไทย ', '10400', 'gg@gmail.com', 5000),
(15, 1, '2018-02-14', '7%', 'Admin', 'Fumin', '099-999-9999', '555/55 หมู่ 5 หมู่บ้าน 555 ตำบล รารา  อำเภอกรุงเทพ จังหวัดเมือง ประเทศประเทศไทย ', '10000', 'Luxor@info.com', 4280);

-- --------------------------------------------------------

--
-- Table structure for table `payment`
--

CREATE TABLE `payment` (
  `id_payment` int(11) NOT NULL,
  `Type_payment` varchar(255) NOT NULL,
  `Payment_Status` varchar(255) NOT NULL,
  `DatePayment` date NOT NULL,
  `id_code` int(11) DEFAULT NULL
) ENGINE=InnoDB DEFAULT CHARSET=utf8;

--
-- Dumping data for table `payment`
--

INSERT INTO `payment` (`id_payment`, `Type_payment`, `Payment_Status`, `DatePayment`, `id_code`) VALUES
(6, 'VISA', 'pay', '2017-12-16', NULL),
(8, 'VISA', 'pay', '2017-12-16', NULL),
(9, 'VISA', 'pay', '2018-02-14', NULL);

-- --------------------------------------------------------

--
-- Table structure for table `product`
--

CREATE TABLE `product` (
  `id_product` int(11) NOT NULL,
  `NameProduct` varchar(300) NOT NULL,
  `Status` varchar(50) NOT NULL,
  `PriceProduct` varchar(10) NOT NULL,
  `discount` varchar(100) NOT NULL,
  `tax` varchar(3) NOT NULL,
  `date_input` date NOT NULL,
  `productDetail` varchar(255) NOT NULL,
  `textProductDetail` text NOT NULL,
  `checkCustomize` varchar(1) NOT NULL,
  `id_type` int(11) NOT NULL,
  `id_store` int(11) NOT NULL
) ENGINE=InnoDB DEFAULT CHARSET=utf8;

--
-- Dumping data for table `product`
--

INSERT INTO `product` (`id_product`, `NameProduct`, `Status`, `PriceProduct`, `discount`, `tax`, `date_input`, `productDetail`, `textProductDetail`, `checkCustomize`, `id_type`, `id_store`) VALUES
(3, 'Jaina', 'Stock', '1250', '0%', '7%', '2017-12-14', 'ขนาดของกระเป๋า (กว้าง x ยาว x สูง) 23 x 30 x 18', 'กระเป๋าสะพาย/ถือ ที่สวยงามมีเอกลักษณ์ ไม่ซ้ำใคร (งานทำเพียงใบเดียว) เป็นกระเป๋าที่สามารถใช้งานได้ทั้งวัน ใบนี้ทำจาก ผ้าไหมมัดหมี่และหนังวัวแท้สีน้ำเงิน มีสายสะพายซึ่งสามารถปรับความสั้นยาวและถอดออกได้ หากคุณต้องการกระเป๋าที่ไม่ซ้ำใคร กระเป๋าใบนี้ตอบโจทย์ให้คุณได้ วัสดุภายนอก ตกแต่งด้วย อุปกรณ์สีทอง ด้านหน้ามีโลโก้ Jai แบบแสตมป์จม มีกระเป๋าใส่ของด้านหลังเปิดปิดด้วยแม่เหล็ก ซิปสองทางสีทองอย่างดี วัสดุภายใน กระเป๋าติดซิปสีทองอย่างดี 2 ช่อง มีช่องสำหรับใส่มือถือและบัตรต่างๆ และใช้ซับในหนังกลับสีน้ำเงิน ขนาดของกระเป๋า สูง 23 ยาว 30 กว้าง 18 ซม.', '1', 5, 1),
(5, 'กระเป๋าเงินจากสีชา', 'Stock', '850', '0%', '7%', '2017-12-16', 'กระเป๋าหนัง มีการประดับโดยใช้ผ้าไทย', 'ซักบ่อยเอ้ย ซักบ่อยๆ ซัก กะ ซัก บ่อย~~~~', '1', 5, 3),
(6, 'กระเป๋า Jaibangs แดง', 'Stock', '980', '0%', '7%', '2017-12-16', 'ซักบ่อยซักบ่อยซักบ่อยซักบ่อยซักบ่อยซักบ่อยซักบ่อยซักบ่อยซักบ่อย', 'ซักบ่อยซักบ่อยซักบ่อยซักบ่อยซักบ่อยซักบ่อยซักบ่อยซักบ่อยซักบ่อยซักบ่อยซักบ่อยซักบ่อยซักบ่อยซักบ่อยซักบ่อยซักบ่อยซักบ่อยซักบ่อยซักบ่อยซักบ่อย', '1', 5, 2),
(7, 'กระเป๋าหนัง ซักบ่อย ', 'Stock', '1555', '0%', '7%', '2017-12-16', 'ซักบ่อยซักบ่อยซักบ่อยซักบ่อยซักบ่อยซักบ่อยซักบ่อยซักบ่อยซักบ่อยซักบ่อยซักบ่อย', 'ซักบ่อยซักบ่อยซักบ่อยซักบ่อยซักบ่อยซักบ่อยซักบ่อยซักบ่อยซักบ่อยซักบ่อยซักบ่อยซักบ่อยซักบ่อยซักบ่อยซักบ่อยซักบ่อยซักบ่อยซักบ่อยซักบ่อยซักบ่อยซักบ่อยซักบ่อยซักบ่อยซักบ่อยซักบ่อยซักบ่อยซักบ่อย', '1', 5, 2),
(9, 'Fff', 'Stock', '1600', '0%', '7%', '2018-01-18', 'adsfsadfsafasfasdfasd', 'asdfsaasasdfsadfasdfasfasfsa', '0', 2, 3),
(10, 'ผ้าพันคอ ผ้าลาวครั่ง', 'Stock', '1555', '0%', '7%', '2018-01-20', 'ผ้าพันคอ ลาวครั่ง', 'ศิลปิน OTOP นำเอาภูมิปัญญาที่มีอยู่มาประยุกต์ใช้ให้เกิดการผสมผสานระหว่างลายผ้าแบบโบราณและลายผ้าสมัยใหม่โดยเน้นไปที่การประยุกต์ใช่เส้นฝ้ายผสมไหมที่ขึ้นลายผ้าที่เป็นเอกลักษณ์ มีความโดดเด่นและร่วมสมัย ทำให้คนในชุมชนเกิดความตระหนักและรักที่สืบทอดภูมิปัญญาด้านการทอผ้าและนำมาเป็นอาชีพได้อย่างต่อเนื่อง  ', '0', 3, 6);

-- --------------------------------------------------------

--
-- Table structure for table `review`
--

CREATE TABLE `review` (
  `id_Review` int(11) NOT NULL,
  `Comment` varchar(800) NOT NULL,
  `ratepoint` varchar(1) NOT NULL,
  `id_product` int(11) NOT NULL,
  `id_user` int(11) NOT NULL
) ENGINE=InnoDB DEFAULT CHARSET=utf8;

-- --------------------------------------------------------

--
-- Table structure for table `shipping`
--

CREATE TABLE `shipping` (
  `id_Shipping` int(11) NOT NULL,
  `NameShipping` varchar(255) NOT NULL
) ENGINE=InnoDB DEFAULT CHARSET=utf8;

--
-- Dumping data for table `shipping`
--

INSERT INTO `shipping` (`id_Shipping`, `NameShipping`) VALUES
(2, 'Kerry'),
(1, 'Thailand Post');

-- --------------------------------------------------------

--
-- Table structure for table `store`
--

CREATE TABLE `store` (
  `id_store` int(11) NOT NULL,
  `NameStore` varchar(255) NOT NULL,
  `AvatarStore` varchar(50) NOT NULL,
  `AddressStore` varchar(255) NOT NULL,
  `TelStore` varchar(30) NOT NULL,
  `CityStore` varchar(100) NOT NULL,
  `StateStore` varchar(100) NOT NULL,
  `ZipStore` varchar(10) NOT NULL,
  `CountryStore` varchar(100) NOT NULL,
  `EmailStore` varchar(100) NOT NULL,
  `Password` varchar(100) NOT NULL,
  `textStory` text NOT NULL,
  `nameAccountStore` varchar(50) NOT NULL,
  `numberStorebank` varchar(10) NOT NULL,
  `namebank` varchar(80) NOT NULL
) ENGINE=InnoDB DEFAULT CHARSET=utf8;

--
-- Dumping data for table `store`
--

INSERT INTO `store` (`id_store`, `NameStore`, `AvatarStore`, `AddressStore`, `TelStore`, `CityStore`, `StateStore`, `ZipStore`, `CountryStore`, `EmailStore`, `Password`, `textStory`, `nameAccountStore`, `numberStorebank`, `namebank`) VALUES
(1, 'ภูคราม', 'images/avatar/Bhukram.jpg', '555/55 หมู่ 5 ชุมชน 555', '099-999-9999', 'ชุมชน', 'จังหวัด', '10000', 'ประเทศไทย', ' store@info.com', 'MD5(\'1234\')', '<h3>“ภูคราม” ผ้าฝ้ายปักลวดลายธรรมชาติ</h3><p> เป็นผลิตประเภทสิ่งทอ งานหัตถกรรมทำมือ และส่วนใหญ่เป็นผลิตภัณฑ์จากธรรมชาติ โดยการใช้ครามธรรมชาติ และใช้ฝ้ายทอมือเป็นหลัก โดยได้ทำงานกับกลุ่มชาวบ้าน ตำบลโคกภู จังหวัดสกลนคร กลุ่มเล็กๆ ที่ใช้เวลาว่างมาทอผ้า การทอผ้าใช้อารมณ์ทอแบบสบายๆ ไม่เครียด ถ้าหากเครียดจะไม่ทำ ดังนั้นผ้าของกลุ่มผู้ครามจะเป็นผ้าที่ถักทอขึ้นด้วยความสุข</p><h3>แรงบันดาลใจ (Inspiration)</h3><p>เริ่มจากประสบการณ์การทำงานที่ผ่านมาล้วนทำงานในส่วนของชุมชนมีการกระตุ้นและพัฒนาชุมชนอื่นๆ ทำให้อยากกลับมาทำที่ชุมชนของบ้านเกิดตนเอง ซึ่งมีการพัฒนาน้อย ประจวบเหมาะกับป้ากลุ่มเล็กในชุมชนมีการกลับมาทอผ้า โดยไม่มีใครมาสนับสนุน ไม่มีตลาด จึงได้เริ่มเข้าไปหาตลาดให้ ขายให้ และทำให้เรามีรายได้อีกส่วนนึงด้วย หลังจากนั้นได้มาศึกษาการทำผ้าฝ้ายย้อมคราม ทำให้เห็นขั้นตอนทั้งหมดในการที่มีขั้นตอนการทำที่ยากและมีหลายขั้นตอน ต้นทุนต่างๆไม่สัมพันธ์กับราคาจึงอยากเป็นส่วนในการช่วยเหลือ รวมทั้งหากกลุ่มนี้เริ่มต้นได้ดี ก็อยากขยายไปสู่ชุมชนอื่นๆมีภาวะเช่นเดียวกัน</p><h3>สู่การเปลี่ยนแปลง (Social Impact)</h3><li>สร้างอาชีพและเพิ่มรายได้ภายในครอบครัวแก่คนในชุมชน</li><li>เป็นการรื้อฟื้นและอนุรักษ์วิถีดั่งเดิม เช่น การทอผ้า เลี้ยงคราม ปลูกฝ้าย ปลูกคราม เป็นต้น</li><li>ลดการเดินทางขายแรงงานในเมืองหลวง</li><li>พัฒนาคุณภาพชีวิตของคนในชุมชน</li> <li>เกิดการรวมกลุ่มของคนในชุมชน มีการแลกเปลี่ยน นำไปสู่แนวทางพัฒนาคุณภาพชีวิตด้วยตัวเอง</li><li>ชาวบ้านได้มีโอกาสในการใช้ความคิดสร้างสรรค์ระหว่างการทำงาน</li><li>สร้างอาชีพให้แก่กลุ่มคนรุ่นใหม่</li>', 'ภูคราม', '0000000000', 'krungthai'),
(2, 'Jai Bags', 'images/avatar/Folkcham.jpg', 'Jaibags', '0858423700', 'จตุจักร', 'กรุงเทพ', '10900', 'ไทย', 'Jaibags@gmail.com', '6562c5c1f33db6e05a082a88cddab5ea', 'ร้านใจผลิตกระเป๋าและเสื้อผ้าที่มีความสวยงาม ทันสมัย และไม่เหมือนใคร โดยใช้ผ้าทอพื้นเมืองที่มีคุณภาพดี มีความสวยงามและมีความเป็นเอกลักษณ์เฉพาะตัว ซึ่งทางร้านรับซื้อมาจากชาวบ้านที่ทอผ้าโดยตรงด้วยราคายุติธรรม เพื่อให้ชาวบ้านได้มีรายได้เพิ่มขึ้น', 'Jaibags', '0952171706', 'กสิกรไทย'),
(3, 'Thaisicha', 'images/avatar/Thaisicha.png', 'Thaisicha', '0874125778', 'พระโขนง', 'กรุงเทพ', '10260', 'ไทย', 'thaisicha@hotmail.com', '81dc9bdb52d04dc20036dbd8313ed055', 'ไทยสีชา กระเป๋าแฮนด์เมด ผลิตภัณฑ์คนไทย ใช้ถือออกงาน หรือวันสบายๆ สวยงามแบบไม่ซ้ำใคร ทำจากผ้าครามทอมือ 100% ทอด้วยมือด้วยความปราณีตเส้นต่อเส้น ย้อมสีจากต้นครามที่ปลูกโดยวิธีธรรมชาติ\r\n สนับสนุนชุมชนทอผ้าโดยตรง ไม่ผ่านพ่อค้าคนกลาง', 'Thaisicha', '3111322932', 'กรุงศรีอยุธยา'),
(4, 'Madmatter', 'images/avatar/1n.jpg', '330 Charansanitwong 67 Sirinthorn Rd. Bangplad, Bangkok, Thailand 10700', '0860520205', 'สิรินธร', 'กรุงเทพมหานคร', '10700', 'ไทย', 'madmatter.store@gmail.com', '81dc9bdb52d04dc20036dbd8313ed055', 'ถุงผ้าจาก Madmatter มาพร้อมไอเดียสนุกๆ ด้วยการทำถุงผ้าที่ไม่ใช่เพียงแค่คู่สีสวยแปลกตา แต่ยังเป็นถุงผ้าสีมงคลเสริมโชค 7 วัน 7 สีอีกด้วย เพราะแต่ละวันก่อนออกจากบ้าน คงมีใครหลายคนแอบเปิดตารางสีมงคลเพื่อสร้างความมั่นใจว่าแต่ละวันควรใส่อะไร สีไหนดี ไม่ดี เราจึงนำมาเป็นแรงบันดาลใจของ Mongkol Bag \r\nส่วนวัสดุที่ใช้ เรายังคงใช้เสื้อผ้ามือสองมาผสมผสานกับสต๊อกผ้าเก่าจากโรงงาน ผสมกับผ้าฝ้ายไทย แล้วนำมาชุบชีวิตใหม่ จับแมตช์กันด้วยเทคนิคที่เป็นเอกลักษณ์แบบ Patchwork (ผ้าตัดต่อ)', 'Madmatter', '2459046905', 'ไทนพานิชย์'),
(5, 'humblehug', 'images/avatar/48n.png', '1832 ถนนเชียงคาน อำเภอคูเวียง', '0815959951', 'เมือง', 'เชียงราย', '10400', 'ไทย', 'humblehugshiso@hotmail.com', '81dc9bdb52d04dc20036dbd8313ed055', 'ชุดผ้าไทยสไตล์ชาวดอย ผลิตภัณฑ์ที่ทุนเดิมมีสีสันสุดน่ารักเนื้อผ้านิ่ม  มีลักษณะเป็นผ้าฝ้ายปักลวดลายด้วยด้ายสีสันต่างๆ ซึ่งตอนนี้ก็มีวัยรุ่นหลายคนที่หาชุดสไตล์นี้มาใส่ นอกจากจะมีสีสันที่น่ารักแล้ว เขายังทำออกมาหลากหลายสไตล์ ทั้งเสื้อแขนสั้น แขนกุด กระโปรง ชุดเดรส จะสั้นหรือจะยาวชุดชาวดอย ความหลากหลายของผ้าชาวเขา ไม่ได้มีแค่รูปแบบของเสื้อ ขึ้นชื่อว่ามีสีสันจัดจ้าน ', 'humblehug', '9832279402', 'กรุงไทย'),
(6, 'Chomkwan', 'images/avatar/Logo-01-300x112.png', '102 ม.15 ตำบลหนองมะค่าโมง', '0878057220', 'ด่านช้าง', 'สุพรรณบุรี', '72180', 'ไทย', 'ChomkwanDes@gmail.com', '81dc9bdb52d04dc20036dbd8313ed055', 'แต่เดิม งานทอผ้าเป็นงานของผู้หญิง ซึ่งเด็กสาวทุกคนก็จะได้เรียนรู้จากแม่ เริ่มด้วยการช่วยงานเล็กๆ น้อยๆ จนกระทั่งทอผ้าได้ชำนาญ และจะต้องทุ่มเทฝีมือการทออีกครั้งเมื่อจะออกเรือน เพราะเสื้อผ้าเครื่องใช้ ตลอดจนผ้าไหว้ มีการสืบทอดจากรุ่นสู่รุ่น ลวดลายผ้าเป็นทรงเลขาคณิต ผู้ทอสามารถทำการออกแบบลายของตนเองได้ แต่ยังคงความเป็นเอกลักษณ์นั้นไว้ นับว่าเป็นศิลปะที่งดงามบนผืนผ้า', 'Chomkwan', '5940766446', 'กรุงเทพ');

-- --------------------------------------------------------

--
-- Table structure for table `store_product_shipment`
--

CREATE TABLE `store_product_shipment` (
  `id_shipment` int(11) NOT NULL,
  `id_order` int(11) NOT NULL,
  `id_payment` int(11) NOT NULL,
  `Status` varchar(1) NOT NULL,
  `id_store` int(11) NOT NULL,
  `id_orderDetail` int(11) NOT NULL,
  `id_shipping` int(11) DEFAULT NULL,
  `ShipCode` varchar(15) DEFAULT NULL
) ENGINE=InnoDB DEFAULT CHARSET=utf8;

--
-- Dumping data for table `store_product_shipment`
--

INSERT INTO `store_product_shipment` (`id_shipment`, `id_order`, `id_payment`, `Status`, `id_store`, `id_orderDetail`, `id_shipping`, `ShipCode`) VALUES
(6, 13, 6, '0', 1, 14, NULL, NULL),
(8, 14, 8, '0', 1, 15, NULL, NULL),
(9, 15, 9, '0', 3, 16, NULL, NULL),
(10, 15, 9, '0', 3, 17, NULL, NULL),
(11, 15, 9, '0', 2, 18, NULL, NULL),
(12, 15, 9, '0', 3, 19, NULL, NULL);

-- --------------------------------------------------------

--
-- Table structure for table `subemail`
--

CREATE TABLE `subemail` (
  `id_subemail` int(11) NOT NULL,
  `email` varchar(100) NOT NULL
) ENGINE=InnoDB DEFAULT CHARSET=utf8;

-- --------------------------------------------------------

--
-- Table structure for table `typeproduct`
--

CREATE TABLE `typeproduct` (
  `id_typeProduct` int(11) NOT NULL,
  `nameTypeProduct` varchar(100) NOT NULL
) ENGINE=InnoDB DEFAULT CHARSET=utf8;

--
-- Dumping data for table `typeproduct`
--

INSERT INTO `typeproduct` (`id_typeProduct`, `nameTypeProduct`) VALUES
(2, 'กางเกง'),
(4, 'ของฝาก'),
(5, 'ผ้าพันคอ'),
(6, 'อื่นๆ'),
(3, 'เครื่องประดับ'),
(1, 'เสื้อผ้า');

-- --------------------------------------------------------

--
-- Table structure for table `user_member`
--

CREATE TABLE `user_member` (
  `id_user` int(11) NOT NULL,
  `Name` varchar(100) NOT NULL,
  `LastName` varchar(100) NOT NULL,
  `Email` varchar(100) NOT NULL,
  `Tel` varchar(30) NOT NULL,
  `Address` varchar(255) NOT NULL,
  `City` varchar(100) NOT NULL,
  `State` varchar(100) NOT NULL,
  `Country` varchar(100) NOT NULL,
  `Zip` varchar(10) NOT NULL,
  `Password` varchar(255) NOT NULL
) ENGINE=InnoDB DEFAULT CHARSET=utf8;

--
-- Dumping data for table `user_member`
--

INSERT INTO `user_member` (`id_user`, `Name`, `LastName`, `Email`, `Tel`, `Address`, `City`, `State`, `Country`, `Zip`, `Password`) VALUES
(1, 'Admin', 'Fumin', 'Luxor@info.com', '099-999-9999', '555/55 หมู่ 5 หมู่บ้าน 555 ตำบล รารา ', 'เมือง', 'กรุงเทพ', 'ประเทศไทย', '10000', '81dc9bdb52d04dc20036dbd8313ed055'),
(2, 'Plammy', 'poohizi', 'pulytest.bigc@gmail.com', '0895412365', '120 Chayangkoon road landchester', 'Fleming Island', 'Alaska', 'สหรัฐอเมริกา', '32003', '81dc9bdb52d04dc20036dbd8313ed055'),
(3, 'พรเทพ', 'อภิรักษ์ลี้พล', 'apiraklypol_p@hotmail.com', '083546053', '3 พุทธรักษา2 ต.สนามจันทร์ ', 'เมือง', 'นครปฐม', 'ไทย', '73000', '5e558d59cc61acfcd2b037825d938894'),
(4, 'ซักบ่อย', 'ซักบ่อย', 'gg@gmail.com', '099-999-9999', '555', 'เมือง', 'กรุงเทพมหานคร', 'ไทย', '10400', '81dc9bdb52d04dc20036dbd8313ed055');

--
-- Indexes for dumped tables
--

--
-- Indexes for table `adminluxor`
--
ALTER TABLE `adminluxor`
  ADD PRIMARY KEY (`id_admin`);

--
-- Indexes for table `blog`
--
ALTER TABLE `blog`
  ADD PRIMARY KEY (`id_blog`),
  ADD KEY `id_admin` (`id_admin`);

--
-- Indexes for table `codepromotion`
--
ALTER TABLE `codepromotion`
  ADD PRIMARY KEY (`id_Code`),
  ADD UNIQUE KEY `CodePromotion` (`CodePromotion`);

--
-- Indexes for table `favoruite`
--
ALTER TABLE `favoruite`
  ADD PRIMARY KEY (`id_Favoruite`),
  ADD KEY `id_product` (`id_product`),
  ADD KEY `id_user` (`id_user`);

--
-- Indexes for table `formregisterstore`
--
ALTER TABLE `formregisterstore`
  ADD PRIMARY KEY (`id_formRegisterStore`),
  ADD UNIQUE KEY `NameStore` (`NameStore`),
  ADD UNIQUE KEY `EmailStore` (`EmailStore`);

--
-- Indexes for table `hotproduct`
--
ALTER TABLE `hotproduct`
  ADD PRIMARY KEY (`id_hotproduct`),
  ADD KEY `id_product` (`id_product`);

--
-- Indexes for table `imgproduct`
--
ALTER TABLE `imgproduct`
  ADD PRIMARY KEY (`id_imgProduct`);

--
-- Indexes for table `imgproductdetail`
--
ALTER TABLE `imgproductdetail`
  ADD PRIMARY KEY (`id_imgProductDetail`),
  ADD KEY `id_product` (`id_product`),
  ADD KEY `id_imgProduct` (`id_imgProduct`);

--
-- Indexes for table `orderproductdetail`
--
ALTER TABLE `orderproductdetail`
  ADD PRIMARY KEY (`id_orderDetail`),
  ADD KEY `id_product` (`id_product`),
  ADD KEY `id_order` (`id_order`);

--
-- Indexes for table `order_product`
--
ALTER TABLE `order_product`
  ADD PRIMARY KEY (`id_order`),
  ADD KEY `id_user` (`id_user`);

--
-- Indexes for table `payment`
--
ALTER TABLE `payment`
  ADD PRIMARY KEY (`id_payment`),
  ADD KEY `id_code` (`id_code`);

--
-- Indexes for table `product`
--
ALTER TABLE `product`
  ADD PRIMARY KEY (`id_product`),
  ADD KEY `id_type` (`id_type`),
  ADD KEY `id_store` (`id_store`);

--
-- Indexes for table `review`
--
ALTER TABLE `review`
  ADD PRIMARY KEY (`id_Review`),
  ADD KEY `id_product` (`id_product`),
  ADD KEY `id_user` (`id_user`);

--
-- Indexes for table `shipping`
--
ALTER TABLE `shipping`
  ADD PRIMARY KEY (`id_Shipping`),
  ADD UNIQUE KEY `NameShipping` (`NameShipping`);

--
-- Indexes for table `store`
--
ALTER TABLE `store`
  ADD PRIMARY KEY (`id_store`),
  ADD UNIQUE KEY `NameStore` (`NameStore`),
  ADD UNIQUE KEY `EmailStore` (`EmailStore`);

--
-- Indexes for table `store_product_shipment`
--
ALTER TABLE `store_product_shipment`
  ADD PRIMARY KEY (`id_shipment`),
  ADD KEY `id_order` (`id_order`),
  ADD KEY `id_shipping` (`id_shipping`),
  ADD KEY `id_payment` (`id_payment`),
  ADD KEY `id_store` (`id_store`),
  ADD KEY `store_product_shipment_ibfk_5` (`id_orderDetail`);

--
-- Indexes for table `subemail`
--
ALTER TABLE `subemail`
  ADD PRIMARY KEY (`id_subemail`);

--
-- Indexes for table `typeproduct`
--
ALTER TABLE `typeproduct`
  ADD PRIMARY KEY (`id_typeProduct`),
  ADD UNIQUE KEY `nameTypeProduct` (`nameTypeProduct`);

--
-- Indexes for table `user_member`
--
ALTER TABLE `user_member`
  ADD PRIMARY KEY (`id_user`),
  ADD UNIQUE KEY `Email` (`Email`);

--
-- AUTO_INCREMENT for dumped tables
--

--
-- AUTO_INCREMENT for table `adminluxor`
--
ALTER TABLE `adminluxor`
  MODIFY `id_admin` int(11) NOT NULL AUTO_INCREMENT, AUTO_INCREMENT=2;

--
-- AUTO_INCREMENT for table `blog`
--
ALTER TABLE `blog`
  MODIFY `id_blog` int(11) NOT NULL AUTO_INCREMENT, AUTO_INCREMENT=5;

--
-- AUTO_INCREMENT for table `codepromotion`
--
ALTER TABLE `codepromotion`
  MODIFY `id_Code` int(11) NOT NULL AUTO_INCREMENT, AUTO_INCREMENT=2;

--
-- AUTO_INCREMENT for table `favoruite`
--
ALTER TABLE `favoruite`
  MODIFY `id_Favoruite` int(11) NOT NULL AUTO_INCREMENT;

--
-- AUTO_INCREMENT for table `formregisterstore`
--
ALTER TABLE `formregisterstore`
  MODIFY `id_formRegisterStore` int(11) NOT NULL AUTO_INCREMENT, AUTO_INCREMENT=2;

--
-- AUTO_INCREMENT for table `hotproduct`
--
ALTER TABLE `hotproduct`
  MODIFY `id_hotproduct` int(11) NOT NULL AUTO_INCREMENT, AUTO_INCREMENT=4;

--
-- AUTO_INCREMENT for table `imgproduct`
--
ALTER TABLE `imgproduct`
  MODIFY `id_imgProduct` int(11) NOT NULL AUTO_INCREMENT, AUTO_INCREMENT=27;

--
-- AUTO_INCREMENT for table `imgproductdetail`
--
ALTER TABLE `imgproductdetail`
  MODIFY `id_imgProductDetail` int(11) NOT NULL AUTO_INCREMENT, AUTO_INCREMENT=27;

--
-- AUTO_INCREMENT for table `orderproductdetail`
--
ALTER TABLE `orderproductdetail`
  MODIFY `id_orderDetail` int(11) NOT NULL AUTO_INCREMENT, AUTO_INCREMENT=20;

--
-- AUTO_INCREMENT for table `order_product`
--
ALTER TABLE `order_product`
  MODIFY `id_order` int(11) NOT NULL AUTO_INCREMENT, AUTO_INCREMENT=16;

--
-- AUTO_INCREMENT for table `payment`
--
ALTER TABLE `payment`
  MODIFY `id_payment` int(11) NOT NULL AUTO_INCREMENT, AUTO_INCREMENT=10;

--
-- AUTO_INCREMENT for table `product`
--
ALTER TABLE `product`
  MODIFY `id_product` int(11) NOT NULL AUTO_INCREMENT, AUTO_INCREMENT=11;

--
-- AUTO_INCREMENT for table `review`
--
ALTER TABLE `review`
  MODIFY `id_Review` int(11) NOT NULL AUTO_INCREMENT;

--
-- AUTO_INCREMENT for table `shipping`
--
ALTER TABLE `shipping`
  MODIFY `id_Shipping` int(11) NOT NULL AUTO_INCREMENT, AUTO_INCREMENT=3;

--
-- AUTO_INCREMENT for table `store`
--
ALTER TABLE `store`
  MODIFY `id_store` int(11) NOT NULL AUTO_INCREMENT, AUTO_INCREMENT=7;

--
-- AUTO_INCREMENT for table `store_product_shipment`
--
ALTER TABLE `store_product_shipment`
  MODIFY `id_shipment` int(11) NOT NULL AUTO_INCREMENT, AUTO_INCREMENT=13;

--
-- AUTO_INCREMENT for table `subemail`
--
ALTER TABLE `subemail`
  MODIFY `id_subemail` int(11) NOT NULL AUTO_INCREMENT;

--
-- AUTO_INCREMENT for table `typeproduct`
--
ALTER TABLE `typeproduct`
  MODIFY `id_typeProduct` int(11) NOT NULL AUTO_INCREMENT, AUTO_INCREMENT=7;

--
-- AUTO_INCREMENT for table `user_member`
--
ALTER TABLE `user_member`
  MODIFY `id_user` int(11) NOT NULL AUTO_INCREMENT, AUTO_INCREMENT=5;

--
-- Constraints for dumped tables
--

--
-- Constraints for table `blog`
--
ALTER TABLE `blog`
  ADD CONSTRAINT `blog_ibfk_1` FOREIGN KEY (`id_admin`) REFERENCES `adminluxor` (`id_admin`);

--
-- Constraints for table `favoruite`
--
ALTER TABLE `favoruite`
  ADD CONSTRAINT `favoruite_ibfk_1` FOREIGN KEY (`id_product`) REFERENCES `product` (`id_product`),
  ADD CONSTRAINT `favoruite_ibfk_2` FOREIGN KEY (`id_user`) REFERENCES `user_member` (`id_user`);

--
-- Constraints for table `hotproduct`
--
ALTER TABLE `hotproduct`
  ADD CONSTRAINT `hotproduct_ibfk_1` FOREIGN KEY (`id_product`) REFERENCES `product` (`id_product`);

--
-- Constraints for table `imgproductdetail`
--
ALTER TABLE `imgproductdetail`
  ADD CONSTRAINT `imgproductdetail_ibfk_1` FOREIGN KEY (`id_product`) REFERENCES `product` (`id_product`),
  ADD CONSTRAINT `imgproductdetail_ibfk_2` FOREIGN KEY (`id_imgProduct`) REFERENCES `imgproduct` (`id_imgProduct`);

--
-- Constraints for table `orderproductdetail`
--
ALTER TABLE `orderproductdetail`
  ADD CONSTRAINT `orderproductdetail_ibfk_1` FOREIGN KEY (`id_product`) REFERENCES `product` (`id_product`),
  ADD CONSTRAINT `orderproductdetail_ibfk_2` FOREIGN KEY (`id_order`) REFERENCES `order_product` (`id_order`);

--
-- Constraints for table `order_product`
--
ALTER TABLE `order_product`
  ADD CONSTRAINT `order_product_ibfk_1` FOREIGN KEY (`id_user`) REFERENCES `user_member` (`id_user`);

--
-- Constraints for table `payment`
--
ALTER TABLE `payment`
  ADD CONSTRAINT `payment_ibfk_1` FOREIGN KEY (`id_code`) REFERENCES `codepromotion` (`id_Code`);

--
-- Constraints for table `product`
--
ALTER TABLE `product`
  ADD CONSTRAINT `product_ibfk_1` FOREIGN KEY (`id_type`) REFERENCES `typeproduct` (`id_typeProduct`),
  ADD CONSTRAINT `product_ibfk_2` FOREIGN KEY (`id_store`) REFERENCES `store` (`id_store`);

--
-- Constraints for table `review`
--
ALTER TABLE `review`
  ADD CONSTRAINT `review_ibfk_1` FOREIGN KEY (`id_product`) REFERENCES `product` (`id_product`),
  ADD CONSTRAINT `review_ibfk_2` FOREIGN KEY (`id_user`) REFERENCES `user_member` (`id_user`);

--
-- Constraints for table `store_product_shipment`
--
ALTER TABLE `store_product_shipment`
  ADD CONSTRAINT `store_product_shipment_ibfk_1` FOREIGN KEY (`id_order`) REFERENCES `order_product` (`id_order`),
  ADD CONSTRAINT `store_product_shipment_ibfk_2` FOREIGN KEY (`id_shipping`) REFERENCES `shipping` (`id_Shipping`),
  ADD CONSTRAINT `store_product_shipment_ibfk_3` FOREIGN KEY (`id_payment`) REFERENCES `payment` (`id_payment`),
  ADD CONSTRAINT `store_product_shipment_ibfk_4` FOREIGN KEY (`id_store`) REFERENCES `store` (`id_store`),
  ADD CONSTRAINT `store_product_shipment_ibfk_5` FOREIGN KEY (`id_orderDetail`) REFERENCES `orderproductdetail` (`id_orderDetail`);
COMMIT;

/*!40101 SET CHARACTER_SET_CLIENT=@OLD_CHARACTER_SET_CLIENT */;
/*!40101 SET CHARACTER_SET_RESULTS=@OLD_CHARACTER_SET_RESULTS */;
/*!40101 SET COLLATION_CONNECTION=@OLD_COLLATION_CONNECTION */;
