-- phpMyAdmin SQL Dump
-- version 4.7.7
-- https://www.phpmyadmin.net/
--
-- Host: localhost
-- Generation Time: Mar 13, 2018 at 12:17 PM
-- Server version: 10.1.30-MariaDB
-- PHP Version: 7.2.1

SET SQL_MODE = "NO_AUTO_VALUE_ON_ZERO";
SET AUTOCOMMIT = 0;
START TRANSACTION;
SET time_zone = "+00:00";


/*!40101 SET @OLD_CHARACTER_SET_CLIENT=@@CHARACTER_SET_CLIENT */;
/*!40101 SET @OLD_CHARACTER_SET_RESULTS=@@CHARACTER_SET_RESULTS */;
/*!40101 SET @OLD_COLLATION_CONNECTION=@@COLLATION_CONNECTION */;
/*!40101 SET NAMES utf8mb4 */;

--
-- Database: `h514771_birdfire`
--
CREATE DATABASE IF NOT EXISTS `h514771_birdfire` DEFAULT CHARACTER SET utf8 COLLATE utf8_general_ci;
USE `h514771_birdfire`;

-- --------------------------------------------------------

--
-- Table structure for table `adminluxor`
--

CREATE TABLE `adminluxor` (
  `id_admin` int(11) NOT NULL,
  `username` varchar(50) NOT NULL,
  `password` varchar(50) NOT NULL
) ENGINE=InnoDB DEFAULT CHARSET=utf8;

--
-- Dumping data for table `adminluxor`
--

INSERT INTO `adminluxor` (`id_admin`, `username`, `password`) VALUES
(1, 'Admin', '81dc9bdb52d04dc20036dbd8313ed055');

-- --------------------------------------------------------

--
-- Table structure for table `blog`
--

CREATE TABLE `blog` (
  `id_blog` int(11) NOT NULL,
  `titleBlog` varchar(255) NOT NULL,
  `textBlog` text NOT NULL,
  `img_blog` text NOT NULL,
  `id_admin` int(11) NOT NULL
) ENGINE=InnoDB DEFAULT CHARSET=utf8;

--
-- Dumping data for table `blog`
--

INSERT INTO `blog` (`id_blog`, `titleBlog`, `textBlog`, `img_blog`, `id_admin`) VALUES
(1, 'ภูคราม : แบรนด์ผ้าย้อมครามน่ารักที่ปักดอกไม้จากภูพานลงไปทุกฝีเข็ม', '<h3>จุดเริ่มต้น (Beginning Point)</h3>\r\n“ภูคราม” เป็นผลิตประเภทสิ่งทอ งานหัตถกรรมทำมือ และส่วนใหญ่เป็นผลิตภัณฑ์จากธรรมชาติ โดยการใช้ครามธรรมชาติ และใช้ฝ้ายทอมือเป็นหลัก โดยได้ทำงานกับกลุ่มชาวบ้าน ตำบลโคกภู จังหวัดสกลนคร กลุ่มเล็กๆ ที่ใช้เวลาว่างมาทอผ้า การทอผ้าใช้อารมณ์ทอแบบสบายๆ ไม่เครียด ถ้าหากเครียดจะไม่ทำ ดังนั้นผ้าของกลุ่มผู้ครามจะเป็นผ้าที่ถักทอขึ้นด้วยความสุข\r\n\r\n<h3>แรงบันดาลใจ (Inspiration)</h3>\r\nเริ่มจากประสบการณ์การทำงานที่ผ่านมาล้วนทำงานในส่วนของชุมชนมีการกระตุ้นและพัฒนาชุมชนอื่นๆ ทำให้อยากกลับมาทำที่ชุมชนของบ้านเกิดตนเอง ซึ่งมีการพัฒนาน้อย ประจวบเหมาะกับป้ากลุ่มเล็กในชุมชนมีการกลับมาทอผ้า โดยไม่มีใครมาสนับสนุน ไม่มีตลาด จึงได้เริ่มเข้าไปหาตลาดให้ ขายให้ และทำให้เรามีรายได้อีกส่วนนึงด้วย หลังจากนั้นได้มาศึกษาการทำผ้าฝ้ายย้อมคราม ทำให้เห็นขั้นตอนทั้งหมดในการที่มีขั้นตอนการทำที่ยากและมีหลายขั้นตอน ต้นทุนต่างๆไม่สัมพันธ์กับราคาจึงอยากเป็นส่วนในการช่วยเหลือ รวมทั้งหากกลุ่มนี้เริ่มต้นได้ดี ก็อยากขยายไปสู่ชุมชนอื่นๆมีภาวะเช่นเดียวกัน\r\n\r\n<h3>สู่การสร้างสรรค์ (Social Innovation)</h3>\r\nกระตุ้นให้ชุมชนเห็นคุณค่าของวิถีชิวิตท้องถิ่น โดยพยายามพัฒนาภูมิปัญญาร่วมกับชาวบ้านให้เกิดรายได้เพื่อเป็นการสืบสานและอนุรักษ์วิถีชีวิตไปในตัว', 'images/blog/blog1.jpg', 1),
(2, 'เส้นทางสายผ้าลาวครั่ง', 'คุณเคยประทับใจเส้นทางสายไหนเป็นพิเศษไหมคะ?\r\n\r\nสำหรับผู้เขียน นึกถึงเส้นทางสายหนึ่งที่แสนประทับใจ และขอเรียกว่า “เส้นทางสายผ้าลาวครั่ง” ล้อ “เส้นทางสายไหม” อันลือชื่อ แม้หนทางจะไม่ทุรกันดาร ยาวไกล หรือเก่าแก่เท่าก็ตาม แต่สำหรับคนรักผ้าแล้ว เส้นทางสายนี้ย่อมประทับใจแน่นอน\r\n\r\nเริ่มต้นจากอำเภอด่านช้าง จังหวัดสุพรรณบุรี ถนนดีบ้าง แย่บ้าง ตัดผ่านภูมิประเทศที่เป็นภูเขาและที่ราบ ถ้าเป็นเวลาเย็น ทิวทัศน์ในแสงตะวันชิงพลบก็จะสวยมากทีเดียว ถนนผ่านเข้าสู่อำเภอบ้านไร่ จังหวัดอุทัยธานี บนเส้นทางสายนี้นี่แหละ ที่ตัดผ่านชุมชนของชาวลาวครั่ง เจ้าของผ้าผืนงามที่หลากสีหลายลาย และแฝงเรื่องราวแห่งประวัติศาสตร์เอาไว้\r\n\r\nลาวครั่งเป็นใคร...มาจากไหน...\r\n\r\nน้อยคนนักจะรู้จักชื่อนี้ และแม้แต่จะหาข้อมูลอ้างอิงจากตำราก็ยังหาได้ยาก เผลอๆ บางคนก็จะเพี้ยนเสียง “ครั่ง” เป็น “คลั่ง” แล้วพานสงสัยว่า คนกลุ่มนี้คงมีนิสัยดุเดือดน่าดู ถึงต้องเรียกว่า “คลั่ง”\r\n\r\nก่อนอื่นก็ต้องแนะนำกันก่อนว่า ชาวลาวครั่ง เป็นคนไทยเชื้อสายลาวกลุ่มหนึ่งที่ตั้งถิ่นฐานกระจัดกระจายอยู่ในบริเวณภาคกลางของไทย เช่น สุพรรณบุรี อุทัยธานี ชัยนาท นครสวรรค์ และพิจิตร ซึ่งมีพื้นที่ติดต่อกัน มีการย้ายถิ่นไปมา มีการแต่งงาน เป็นเครือญาติกัน และรักษาขนบธรรมเนียม รวมทั้งภาษาพูดเอาไว้อย่างเหนียวแน่น\r\n\r\nส่วนประวัติความเป็นมา ก็กล่าวกันว่า ประเทศลาวในอดีต เมื่อครั้งยังเป็น “ศรีสัตนาคนหุต” ชนกลุ่มนี้อาศัยอยู่ในแถบภูเขาเรียกว่า ภูคัง ต่อมาเมื่อลาวตกเป็นประเทศราชของสยาม มีการรบกันหลายครั้ง ครั้งสุดท้ายในสมัยเจ้าอนุวงศ์ (พ.ศ. 2364) เมื่อกองทัพลาวพ่ายต่อสยาม พระบาทสมเด็จพระนั่งเกล้าเจ้าอยู่หัวก็ได้ตรัสสั่งให้เลิกอาณาจักรเวียงจันทน์และหลวงพระบางเสีย แล้วกวาดต้อนผู้คนให้เข้ามาอยู่ในบริเวณใกล้บางกอก\r\n\r\nชาวภูคังก็ถูกกวาดต้อนตามมาด้วย เมื่ออพยพมาแล้วนี้ คนก็พากันเรียกพวกเขาว่า “ลาวภูคัง” แล้วเพี้ยนมากลายเป็น “ลาวครั่ง” “ลาวขี้ครั่ง” บ้างก็เรียก “ลาวเต่าเหลือง” เพราะชอบอยู่ตามป่าเขา และมีความอดทนเหมือนเต่าภูเขากระดองเหลืองชนิดหนึ่ง\r\n\r\nความเป็นมาของชื่อ “ลาวครั่ง” ยังมีอีกตำราหนึ่ง เขาว่ามาจากการที่คนเหล่านี้นิยมใช้ “ครั่ง” มาย้อมสีเสื้อผ้า ครั่งเป็นแมลงชนิดหนึ่งทำรังอยู่ตามกิ่งไม้ ให้สีย้อมสีแดง ซึ่งเป็นสีที่ย้อมยากและเป็นที่ต้องการมากสีหนึ่ง และเราจะยังคงเห็นความนิยมในการใช้สีแดงบนผ้าทอพื้นเมืองของพวกเขา\r\n\r\nงานทอผ้าเป็นงานของผู้หญิง ซึ่งเด็กสาวทุกคนก็จะได้เรียนรู้จากแม่ เริ่มด้วยการช่วยงานเล็กๆ น้อยๆ จนกระทั่งทอผ้าได้ชำนาญ และจะต้องทุ่มเทฝีมือการทออีกครั้งเมื่อจะออกเรือน เพราะเสื้อผ้าเครื่องใช้ ตลอดจนผ้าไหว้ เจ้าสาวจะต้องเป็นคนลงมือทำเอง\r\n\r\n\r\n\r\nแหล่งทอผ้าที่ผู้เขียนได้แวะเข้าไปเยี่ยมชมตามเส้นทางสานนี้เป็นแห่งแรกนั้น เป็นหมู่บ้านเล็กๆ ชื่อ บ้านทับผึ้งน้อย อยู่ในตำบลวังคัน อำเภอด่านช้าง จังหวัดสุพรรณบุรี\r\n\r\nหมู่บ้านแห่งนี้เป็นแบบชนบททั่วไป ชาวบ้านก็เป็นเกษตรกร ในขณะที่แม่บ้านใช้เวลาในยามว่างทอผ้าแบบดั้งเดิมของลาวครั่ง ส่วนหนึ่งไว้ใช้เอง ที่เหลือก็แบ่งไว้ขาย โดยมากก็จะไปฝากรวบรวมกันไว้ที่บ้านของป้าทองศรี ทีปะลา\r\n\r\nผู้เขียนได้พบกับยายไป ทอดี คุณยายอายุ 70 กว่าปีแล้ว แต่ก็ยังทอผ้าอยู่ ยายใจดีมาก ไปขนเอาผ้าต่างๆ ที่ทอไว้แต่ยกให้หลานสาวไปแล้วมาให้ดูตั้งหลายผืน แถมยังตอบคำถามต่างๆ อย่างอารมณ์ดี แม้ว่าผู้เขียนจะฟังไม่ค่อยรู้เรื่อง แต่ยายก็อุตส่าห์เล่าซ้ำซากให้ฟัง\r\n\r\n“ลายนี้เขาเรียกโซ้ย (สร้อย) อันนี้เรียกนกน้อย โคกครือ นี่เรียก เอาะแอ (อ้อแอ้)” ยายไปอธิบายชื่อลายต่างๆ แล้วหัวเราะ เมื่อผู้เขียนถามย้ำเนื่องจากฟังไม่เข้าใจ แกว่าแกพูดภาษาไทยไม่เป็น พูดได้แต่ภาษาลาว แล้วยังบอกกับผู้เขีนอีกว่า สาวๆ สมัยนี้ เขาพากันละทิ้งการทอผ้า เพราะเห็นว่าเป็นงานจุกจิก ต้องใช้ความอดทนสูง สู้ไปทำงานในเมืองไม่ได้ ส่วนเสื้อผ้าก็หาซื้อเอาในตลาด\r\n\r\nผ้าที่ยายเอามาให้ดูนั้น มีหลายชนิดด้วยกัน ทั้งผาซิ่น ผ้าห่ม และหมอน ซึ่งมีทั้งหมอนสามเหลี่ยม และหมอนหน้าอิฐ ล้วนแต่สีสันจัดจ้าน และที่ไม่ขาดเลยก็คือ สีแดง มีแทรกอยู่ในผ้าทุกผืน จะมีที่สีสันขรึมหน่อย ก็คือ ซิ่นดอกดาวที่ยายไปทอไว้ใส่เอง\r\n\r\n\r\nซิ่นดอกดาว\r\n\r\nพื้นสีน้ำเงินมืด แล้วใช้คู่สีแดง-น้ำเงินที่เบรคให้สีหม่นลงแล้ว มาจกลายเป็นลายตีน และลาดดาวบนตัวซิ่น ผ้าซิ่นดอกดาวนี้ เป็นซิ่นแบบหนึ่งของลาวครั่ง ตีนซิ่นเป็นลายตีนจกเช่นเดียวกับซิ่นตีนจกมัดหมี่ของลาวครั่ง แต่ตัวซิ่น จกลายสี่เหลี่ยมขนมเปียกปูนเล็กๆ พราวไปหมดทั้งผืน\r\n\r\nทับผึ้งน้อยถือว่าเป็นช่วงเขตสิ้นสุดจังหวัดสุพรรณบุรี ขับรถไปอีกนิดเดียวก็ข้ามเส้นแบ่งเขตจังหวัด เข้าเขตของจังหวัดอุทัยธานี ซึ่งเราก็จะได้พบกับบ้านทัพคล้าย ในอำเภอบ้านไร่ ของจังหวัดอุทัยธานี\r\n\r\nที่นี่ยิ่งอบอุ่นกว่าที่ทับผึ้งน้อย เพราะเป็นหมู่บ้านใหญ่ และมีช่างทออยู่กันหลายคนมากกว่า แต่ส่วนใหญ่ก็ยังคงเป็นหญิงในวัยกลางคนขึ้นไป แม้กระทั่งคุณยายที่ผมสีดอกเลาแล้วก็ยังคงทอผ้าอยู่ใต้ถุนบ้าน\r\n\r\nที่ทัพคล้ายนี้ เราได้เห็นผ้าที่แตกต่างไปจากทับผึ้งน้อย คือผ้าม่าน ที่ทอลายรูปสัตว์หลายชนิด ทั้งสัตว์ปีกจำพวกไก่ นกสารพัดชนิด สัตว์สี่เท้า เช่น กวาง ม้า แรด ช้าง รวมทั้งมีรูปคนในอิริยาบถต่างๆ\r\n\r\nยายวิง จันทร ปูเสื่อไว้หน้าบ้าน แล้วก็ขนผ้าสารพัดแบบมาให้ผู้เขียนชม แล้วเพื่อนบ้านก็ทยอยกันขนผ้ามาให้บ้างก็มานั่งคุยด้วยเฉยๆ ก็มี\r\n\r\nแม้ว่าที่นี่จะอยู่ใกล้กับทับผึ้งน้อย และเป็นเครือญาติกัน แต่ผ้าทอที่นี่มีความแตกต่างอย่างเห็นได้ชัด เพราะการให้สีของลวดลายในผ้าแต่ละผืนนั่นเอง ชาวทัพคล้ายยังคงปลูกฝ้ายและปั่นฝ้ายไว้ใช้เอง และยังมีการย้อมสีธรรมชาติด้วย สีสันของผ้าทัพคล้ายจึงนุ่มนวลกว่า เฉพาะผ้าส่วนนี้เข้าใจว่า คงเป็นอิทธิพลจากแหล่งทอผ้าในบ้านไร่ที่เน้นสีย้อมธรรมชาติ เพราะชาวบ้านที่นี่ทอส่งไปขาย\r\n\r\nแต่หากเป็นผ้าซิ่นตีนจก ไม่ว่าจะเป็นซิ่นมัดหมี่ต่อตีนจก หรือจะเป็นซิ่นดอกดาว ก็ยังคงสีสันสด และไม่มีวันลืมสีแดงไปได้\r\n\r\n\r\nผ้าลาวครั่งนิยมสีสดใส มักจับคู่สีเป็นคู่ตรงข้าม\r\n\r\n\r\nผู้เขียนกล่าวถึงแหล่งผ้าถึงสองแห่งแล้ว แต่ยังไม่ได้กล่าวถึงลักษณะผ้าโดยรวมของลาวครั่งเลย ต้องขออภัยที่เพลิดเพลินกับการดูผ้ามากไปหน่อย\r\n\r\nผ้าลาวครั่งนั้น มีความหลากหลายทั้งในเรื่องลวดลายและเทคนิค เพราะใช้ทั้งฝ้ายและไหม มีทั้งเทคนิคในการทอจกและการมัดหมี่\r\n\r\nผ้าชนิดที่เป็นเอกลักษณ์โดดเด่นของชาวลาวครั่งก็คือ ผ้าซิ่นมัดหมี่ต่อตีนจก ซึ่งถือกันว่าเป็นผ้าชิ้นเอกของช่างทอลาวครั่ง กล่าวคือ ผ้าซิ่นชนิดนี้ ตัวซิ่นทอด้วยเส้นไหมโดยมัดหมี่เป็นลวดลาย แล้วทอสลับกับลายขิด ซึ่งจะเป็นลายเส้นตั้ง ไม่ใช่ขวางตัวเหมือนอย่างายซิ่นของที่อื่น แล้วต่อด้วยตีนจกซึ่งทอด้วยเส้นฝ้าย (น้อยครั้งจะเป็นไหม) นิยมพื้นสีแดง ส่วนลวดลายนั้นเป็นลายเรขาคณิตที่ไม่มีแบบแผนตายตัว ขึ้นอยู่กับจินตนาการของช่างแต่ละคน ว่าจะพลิกแพลงให้ลวดลายพิศดารอย่างไรก็ได้\r\n\r\n\r\nซิ่นมัดหมี่ ต่อตีนจก\r\n\r\n\r\nซิ่นต่อตีนจกแดงแบบนี้ บางผืนก็ทอตัวซิ่นเป็นผ้าไหมมัดหมี่ล้วน ไม่มีสลับขิดก็มีเหมือนกัน ก็บอกแล้วว่า ชาวลาวครั่งเขาไม่มีกรอบที่ขีดไว้ตายตัว แล้วแต่ความคิดความสามารถของช่างทอเป็นคนๆ ไป\r\n\r\nส่วนซิ่นอีกแบบหนึ่งก็คือ ซิ่นดอกดาว อย่างที่อธิบายเมื่อข้างต้นไปแล้ว ซิ่นดอกดาวนิยมทอสีพื้นให้มืดเข้าไว้ แล้วจกลายสี่เหลี่ยมเล็กๆ ด้วยโทนสีอ่อนแก่ ประมาณ สามสี เพื่อเลียนแบบท้องฟ้ายามค่ำคืนที่เต็มไปด้วยดวงดาว ซึ่งถ้าท่านได้เห็นผ้าซิ่นดอกดาวของช่างทอฝีมือดีๆ จะหลงรักทันที เพราะเหมือนดาวบนท้องฟ้าที่ระยิบระยับเอามากๆ\r\n\r\nผ้าห่มของลาวครั่งก็สวยไม่แพ้ใคร ทอเป็นผืนใหญ่ มีลายท้องผ้า และลายเชิงชาย นิยมใช้สีคู่ตรงข้ามนำมาเบรคสีลงแล้วแทรกด้วยสีอื่นเล็กน้อย ซึ่งช่างทอลาวครั่งก็ช่างจับคู่สี และให้จังหวะสีได้เก่งจริงๆ\r\n\r\n\r\nการจับคู่สีตรงข้ามเขียว-แดง แต่คุมโทนให้อ่อนหวาน เป็นวิธีการให้สีแบบใหม่\r\n\r\n\r\nยังมีผ้าม่าน ซึ่งนิยมทอลายรูปสัตว์ต่างๆ เมื่อก่อนเป็นของที่ทำถวายวัด เดี๋ยวนี้ทำตามออเดอร์ สำหรับชาวเมืองเขานำไปแต่งบ้าน\r\n\r\nลายรูปสัตว์และลายเรขาคณิตเหล่านี้ ปัจจุบันมีการประยุกต์ในการทอ ทำเป็นผ้าแบบต่างๆ สำหรับชีวิตคนยุคใหม่ เช่น ผ้ารองจาน ผ้าคลุมเตียง หรือผ้าตัดเสื้อ\r\n\r\nส่วนหมอนนั้น มีทั้งหมอนสามเหลี่ยมและหมอนหน้าอิฐ โดยใช้ลวดลายที่เป็นเรขาคณิต และใช้สีสันสดเหมือนกัน\r\n\r\n\r\nหมอนขวาน หรือหมอนสามเหลี่ยม\r\n\r\n\r\nแหล่งทอผาในหมู่บ้านถัดไป ตั้งอยู่ติดกับวัดทัพหลวง และตั้งเป็นศูนย์ทอผ้าแล้ว คือศูนย์ทอผ้าบ้านทัพหลวง มีประธานศูนย์ชื่อ สินเทา ป้อมคำ\r\n\r\nพี่สินเทาอยู่กับแม่และพี่สาว โดยที่ตัวเธอไม่ได้แต่งงาน อาศัยเป็นคนขยันทำมาหากินจึงเลี้ยงตัวเองได้ ช่างทอคนสำคัญของศูนย์นี้ก็คือพี่สาวของพี่สินเทา ชื่อมณี พี่สินเทาได้นำซิ่นดอดาวที่พี่มณีเป็นคนทอมาให้ผู้เขียนชม และเล่าให้ฟังว่า ใส่ผ้าซิ่นนี้ออกงานทีไร จะต้องมีออเดอร์ผ้าซิ่นดอกดาวติดไม้ติดมือกลับมาทุกครั้ง เพราะซิ่นผืนนี้ พี่มณีวางสีและจังหวะของลายสี่เหลี่ยมเล็กๆ บนตัวซิ่นได้อย่างเหมาะเจาะ ดูแล้วเหมือนท้องฟ้าที่มีดวงดาวระยิบระยับอยู่จริงๆ\r\n\r\n\r\nซิ่นดอกดาวของพี่มณี ด้วยวิธีการให้โทนสีอ่อนแก่อย่างฉลาด เลียนแบบความพร่างพราวของดาวบนท้องฟ้าได้อย่างน่าชม\r\n\r\n“ช่างทอเขาเล่ากันว่า ยายเกลี้ยงแกมองฟ้า แล้วก็เอามาทอซิ่นดอกดาว” พี่สินเทาเล่านิทานประกอบลวดลายให้เราฟัง ซึ่งเป็นนิทานปรัมปราที่เล่าสืบต่อๆ กันมา ไม่เฉพาะเพียงซิ่นดอกดาวนี้เท่านั้น ลวดลายอื่นๆ ก็มีเรื่องเล่าฟังเพลินเช่นกัน\r\n\r\n“ลายดอกรอด เขาก็เล่าว่าสามีไปรบ ช่างทออยู่บ้านทอผ้า ก็อธิษฐานให้สามีรอดชีวิตกลับมา แล้วก็เลยคิดออกเป็นลาย เรียกดอกรอด\r\n\r\nลายอ้อแอ้ เขาว่าเดินไปไหนๆ มาเหนื่อย กลับมาถึงก็คิดเป็นลาย เรียกว่าอ้อแอ้”\r\n\r\nแม้เป็นเพียงนิทานที่เล่าขานกันมา ไม่มีหลักฐานยืนยันเป็นลายลักษณ์อักษร แต่ก็สะท้อนให้เห็นถงความคิดสร้างสรรค์และจินตนาการของช่างทอผ้าชาวลาวครั่งที่มีอย่างร่ำรวย และยิ่งน่าสนใจเมื่อเราพบเห็นงานทอในแต่ละแหล่ง แม้มีแบบแผนประเพณีอันเดียวกัน ทว่าในแต่ละท้องถิ่นกลับมีเอกลักษณ์เฉพาะตัว หรือจะเรียกว่าเป็นลักษณะของช่างเฉพาะคนก็ว่าได้ เพราะในลายเดียวกัน แต่วิธีการให้จังหวะ การใช้คู่สี การแทรกสีล้วนผิดแผกแตกต่างกันอย่างเห็นได้ชัด เช่นที่บ้านทัพหลวงนี้ พี่มณีทอผ้าที่มีสีสันสด สนุกสนานและมีชีวิตชีวา\r\n\r\nน่าเสียดาย ภายหลังผู้ขียนได้ทราบข่าวว่า พี่มณีซึ่งปกติมีโรคประจำตัวเป็นลมชักอยู่นั้นได้เสียชีวิตลงเสียแล้ว เราจึงสูญเสียช่างฝีมืดีไปอีกคนหนึ่ง\r\n\r\nถัดบ้านทัพหลวงไปอีกไม่ไกล คือศูนย์ทอผ้าบ้านบึงซึ่งเป็นศูนย์ใหญ่ที่มีการพัฒนาและก้าวหน้ามากกว่าสามแห่งแรก ศูนย์แห่งนี้มีประธานศูนย์คือ ศรีนิน จันทรักษ์\r\n\r\nลักษณะที่พิเศษแตกต่างจากแหล่งอื่นๆ ก็คือ ที่นี่เน้นการใช้สีย้อมจากธรรมชาติ\r\n\r\nพี่ศรีนินได้เล่าให้ฟังว่า แต่เดิมก็ทอผ้าเป็นตามแบบสาวๆ ลาวครั่งทั่วไป คือพอเรียนจบป.4 ก็มาช่วยแม่ทอผ้า ต่อมาได้รู้จักกับคุณวิสุตา สาณะเสน ได้พาพี่ศรีนินไปออกร้านขายผ้าในงานเทศกาลของจังหวัดอุทัยธานี หลังจากนั้นพี่ศรีนินก็เริ่มหันมาทอผ้าขาย จนกระทั่งรวบรวมสมาชิกตั้งเป็นศูนย์ขึ้นมาได้\r\n\r\n\r\nผ้าคลุมเตียง ที่นำลวดลายแบบผ้าคลุมไหล่มาประยุกต์ใช้ และย้อมสีธรรมชาติให้นุ่มนวล\r\n\r\n\r\nที่นี่ได้นำการทอผ้าแบบดั้งเดิมมาประยุกร์เพื่อผลิตผ้าที่ใช้ได้กว้างขวางขึ้น และเหมาะกับชีวิตของสังคมยุคใหม่มากขึ้น เช่นการนำผ้าห่มมาขยายขนาดทำเป็นผ้าคลุมเตียง ลายเรขาคณิตและลายรูปสัตว์นำมาทอเป็นผ้ารองจาน ผ้าตัดเสื้อ และอื่นๆ ตามแต่จะมีออเดอร์ หรือมีการออกแบบใหม่ๆ\r\n\r\nความรู้ในด้านการย้อมสีธรรมชาตินั้น ก็รวบรวมมาจากคนเฒ่าคนแก่ในหมู่บ้านที่ยังพอมีความทรงจำในภูมิปัญญาเก่าๆ อยู่ วัตถุดิบก็หาไม่ยาก เพราะมีอยู๋ในท้องไร่ท้องนา ช่างทำกี่และกระสวยก็เป็นคนในหมู่บ้าน ช่างเหล่านี้เป็นพวกพ่อบ้าน แม้ว่าจะมีอายุแล้ว แต่ความชำนาญและความเข้าใจในเชิงช่างมีเหนือกว่าคนหนุ่มๆ อย่างเช่น การทำกระสวยช่างรุ่นเก่าจะคัดเลือกไม้ โดยเลือกเอาไม้โมกมันซึ่งไม่มีเสี้ยน เพื่อจะได้ไม่เกี่ยวเส้นด้ายขาดเวลาใช้งาน\r\n\r\nด้วยพื้นฐานภูมิปัญญาที่มีอยู่เดิม ผสมผสานกับความคิดใหม่ๆ ไม่ว่าจะเป็นด้านการผลิตที่พี่ศรีนินศึกษามาจากที่อื่น หรือด้านการตลาดและการจำหน่าย ก็ทำให้ศูนย์บ้านบึงก้าวหน้าไปได้มาก และมีการพัฒนาตลอดเวลา\r\n\r\nแม้กระนั้นก็ใช่ว่าทุกอย่างจะราบรื่น พี่ศรินินบอกว่ามีปัญหาให้ต้องขบคิดตลอดเวลา เช่น การฝึกช่างทอรุ่นใหม่ เพราะเด็กสาวส่วนใหญ่ไม่สนใจ หรือที่มีความสนใจก็ไม่มีเวลามากพอที่จะฝึกฝนให้ชำนาญได้ เพราะต้องเรียนหนังสือ เป็นต้น\r\n\r\nความประทับใจในเส้นทางสายผ้าลาวครั่งเส้นนี้ นอกจากจะได้เพลิดเพลินกับความสวยงามของผ้าทอพื้นเมืองแล้ว อัธยาศัยของชาวบ้านก็เป็นเสน่ห์อีกอย่างหนึ่งที่ประทับใจผู้มาเยือน\r\n\r\nแหล่งทอผ้าบนเส้นทางสายนี้ยังมีอีกหลายแหล่ง แต่เฉพาะสี่แห่งที่ผู้เขียนเล่าถึง เชื่อแน่ว่าสำหรับคนรักผ้าแล้วก็สามารถเพลิดเพลินจนเวลาล่วงไปอย่างไม่รู้ตัว\r\n\r\n***หมายเหตุ \r\n\r\n        หลังจากตีพิมพ์บทความนี้ในวารสารเมืองโบราณ ได้มีผู้อ่านโทรศัพท์มาคุยกับผู้เขียน เขาประทับใจทั้งชื่อและเรื่องราวของเส้นทางสายผ้าลาวครั่งมาก และอยากจะนำไปทำเป็นวิทยานิพนธ์ต่อ ผู้เขียนเองไม่ขัดข้องที่เขาจะนำไปต่อยอด แต่หลังจากนั้นก็ไม่ทราบข่าวความคืบหน้าอีกเลย\r\n\r\n        ต่อมา ผู้เขียนเองก็อยากต่อยอดงานเขียนเรื่องนี้ วางแผนไว้ว่า จะขยายเรื่องให้เป็นหนังสือสักหนึ่งเล่ม จึงได้เก็บรวบรวมข้อมูลและเขียนเรื่องนี้เพิ่มเติมขึ้นอีก\r\n       \r\n        กลายเป็นว่า ยิ่งทำ ยิ่งมีข้อมูลให้ศึกษามากขึ้น ถึงบัดนี้ ยังเข้าไปเก็บรวบรวมได้หมดทุกพื้นที่เลยค่ะ น่าเสียดายมากๆ เพราะว่าแต่ละท้องถิ่นมีเรื่องเล่าเรื่องราวที่สนุกสนาน\r\n\r\n        วันนี้จึงเพียงนำเรื่องบางส่วนมาเล่าสู่กันฟังในบล็อกก่อน ไว้มีโอกาส จะนำ “เส้นทางสายผ้าครั่ง” มานำเสนออีกนะคะ\r\n', 'images/blog/blog2.jpg', 1),
(3, 'การดูแลรักษาผ้าไหม', 'การดูแลรักษาผ้าไหม\r\n\r\n          ผ้าไหมเป็นผ้าจากเส้นใยธรรมชาติมีโปรตีนเป็นองค์ประกอบที่สำคัญ มีความสวยงามอยู่ในตัวของมันเอง ลองมาดูวิธีการดูแลรักษากันว่ายากง่ายหรือไม่\r\n\r\nการเก็บรักษาผ้าไหมที่เป็นแบบชิ้นๆ  ถ้าจะเก็บไว้นานๆ ยังไม่ปรารถนาที่จะนำไปตัดเย็บเป็นชุดสำเร็จ การเก็บรักษาควรจะม้วนโดยมีแกนอยู่ตรงกลาง ซึ่งเป็นแกนกลมๆ รูปร่างเหมือนกระบองที่เห็นตามร้านขายผ้าทั่วๆ ไป แกนจะใช้ท่อเอสลอนนำมาตัดให้ได้ตามความกว้างของผ้าและต้องเป็นแกนที่สะอาด ม้วนเสร็จแล้วนำเอากระดาษแก้วมาม้วนทับอีกชั้นเพื่อป้องกันความชื้น ก่อนจะนำผ้าไหมที่ม้วนไว้ไปตัดชุด ควรนำเอาผ้าไปอบไอน้ำเสียก่อนเพื่อให้ผ้าฟิตตัวดีขึ้น\r\n\r\nการซักทำความสะอาดชุดผ้าไหม  การดูแลรักษาผ้าไหมให้สวยงามอาจใช้นำยาซักแห้งทั่วๆ ไป หรือใช้สบู่อ่อน หรือแชมพูอ่อนซักในน้ำอุ่น (ไม่ควรซักด้วยผงซักฟอก) ควรจะซักผ้าไหมด้วยมือ ไม่ควรขยี้หรือบิดผ้าแรงๆ อาจจะหยดน้ำมันทาผิวทารก (Baby oil) ลงในน้ำซักสุดท้าย 2-3 หยด เพื่อทำให้ผ้าไหมเงางามขึ้น\r\n\r\n          การตากผ้าภายหลังการซัก ก่อนตากควรสลัดเบาๆ ให้ผ้าคลายตัวก่อนตาก และนำไปตากในที่ร่มเพื่อป้องกันสีซีดจากแสงแดดหรือรังสีอัลตราไวโอเล็ต\r\n\r\n          การรีดผ้าไหมสำหรับผ้าไหมที่ตากแห้งแล้ว ควรใช้เตารีดไอน้ำ ถ้าเป็นเตารีดธรรมดา ควรพรมน้ำให้ผ้าไหมพอแห้งหมาดๆ อาจห่อใส่ถุงพลาสติกเก็บไว้ในตู้เย็น หรือให้มีความชื้น และเมื่อต้องการใช้ก็นำออกมารีด แล้วรีดด้วยไฟค่อนข้างร้อน จากด้านในของเสื้อผ้าก่อน การรีดควรมีผ้าขาวบางหรือผ้าดิบรองรีดด้วย ส่วนด้านนอกรีดด้วยไฟอ่อนและมีผ้าขาวบางหรือผ้าดิบรองรีดเช่นกัน', 'images/blog/blog4.jpg', 1),
(4, 'PABAJA ผู้ออกแบบลายผ้าสุดคราฟต์กับ 10 ผลงานที่ชื่นชอบ', '<p> เมื่อไม่กี่เดือนก่อน ทีม happening ได้มีโอกาสไปร่วมงาน Debut Talk by TCDCCONNECT ที่ศูนย์สร้างสรรค์งานออกแบบ TCDC บางรัก และได้พบกับ ภา-ภาวิษา มีศรีนนท์ ดีไซเนอร์สาวผู้อยู่เบื้องหลังการออกแบบลายผ้าให้แก่สินค้าแบรนด์ดังๆ มาแล้วมากมาย ในเวลาอันแสนจำกัด เธอได้เล่าประสบการณ์การทำงานและผลงานที่เคยทำอย่างรวบรัดเข้าใจง่าย พร้อมกับโชว์สไลด์ภาพผลิตภัณฑ์บางส่วนที่ทำให้ใครหลายคนรวมถึงเราชื่นชม</p>\r\n<p>ไม่นานหลังจากวันนั้น เราได้นัดพูดคุยกับเธอที่คาเฟ่ย่านเอกมัย หญิงสาวผู้มีคาแรกเตอร์ชัดเจนปรากฏตัวในชุดกระโปรงและเครื่องประดับกรุยกราย บ่งบอกได้ถึงรสนิยมความชอบของเธอได้เป็นอย่างดี ดีไซเนอร์ตัวเล็กคนนี้จบการศึกษาจากคณะสถาปัตยกรรมศาสตร์ สาขานิเทศศิลป์ สถาบันเทคโนโลยีพระจอมเกล้าเจ้าคุณทหารลาดกระบัง ซึ่งในช่วงที่เรียนอยู่ เธอก็ได้มีโอกาสฝึกงานกับหลายแบรนด์ดัง หนึ่งในนั้นคือ แบรนด์แฟชั่น Issue ซึ่งนั่นถือเป็นจุดเปลี่ยนสำคัญในชีวิตเธอก็ว่าได้</p>\r\n<p>\"ตอนฝึกงาน เราได้เป็นผู้ช่วยเขา แต่พี่โรจน์ (ภูภวิศ กฤตพลนารา) เห็นว่าเรามีศักยภาพพอ น่าจะลองไปทำอะไรสักอย่างได้เลย เขาก็จ้างเราให้ไปทำงานตอนนั้น ซึ่งเราอยู่ปี 3 เอง ก็ตกใจที่เขาให้เราทำ แต่มันก็เป็นโอกาสที่ดีมาก เราได้ไปเปิดตัวและขายในงาน ELLE Fashion Week ของปีนั้น เพื่อนำเงินไปช่วยเหลือผู้ประสบภัยสึนามิ ผลตอบรับคือขายดีมากจนสื่อสนใจ เขาก็เลยเรียกเราไปสัมภาษณ์ หลังจากนั้นคนก็เริ่มรู้จักเรา ติดต่อเราผ่านทางนิตยสารบ้าง ทางเพจบ้าง ก็เลยได้ทำงานในวงการนี้มาเรื่อยๆ\"</p>\r\n<p>แรกเริ่มเธอเริ่มต้นทำงานกับบริษัทแห่งหนึ่ง จนสุดท้ายก็ออกมาเป็นฟรีแลนซ์และรับงานตามโจทย์ที่ลูกค้าต้องการ ซึ่งสโคปงานที่ภาทำจะเป็นแนวแฟชั่นทั้งหมด ไม่ว่าจะเป็นลายผ้าหรือโปรดักต์ที่เกี่ยวกับรองเท้า กระเป๋า หรือเสื้อผ้า ลายเซ็นอันโดดเด่นของ PABAJA คือการประยุกต์ศิลปะหลายแขนงเข้าด้วยกัน ไม่ว่าจะเป็นงานวาด ร้อยลูกปัด ถักเชือก หรือปักลาย สาวดีไซเนอร์ของเราจะหยิบจับศาสตร์เหล่านี้มาผสมรวมกันให้เกิดเป็นงานคราฟต์สีสันสดใสตามแบบฉบับของเธอจนหลายคนรู้ได้ทันทีว่าผลงานชิ้นไหนเกิดจากฝีมือการออกแบบของภา</p>\r\n<p>เป็นเวลากว่า 5 ปีที่นักออกแบบหญิงฟรีแลนซ์ได้ออกมาโลดแล่นสร้างลายผ้าและอยู่เบื้องหลังผลิตภัณฑ์แฟชั่นกว่าหลายสิบชิ้น ไม่ว่าจะทำให้แบรนด์ชื่อดังระดับประเทศหรือโปรเจกต์ OTOP โกอินเตอร์ของกระทรวงพาณิชย์ ผลงานของเธอวางขายทั้งที่ไทยและต่างประเทศ ไม่ว่าจะเป็นญี่ปุ่น โอมาน หรือมาเลเซีย ซึ่งขณะนี้เธอก็กำลังทำงานร่วมกับกรมส่งเสริมการค้าระหว่างประเทศ และสถาบันพัฒนาอุตสาหกรรมสิ่งทอ เพื่อเตรียมขยายกลุ่มลูกค้าต่างประเทศให้กว้างขวางและหลากหลายขึ้นนั่นเอง</p>\r\n<p>ครั้งนี้ เราจึงชวนเธอมาเลือกและเล่าถึง 10 ผลงานฝีมือการออกแบบที่ตัวเธอเองประทับใจ ซึ่งนอกจากจะมีรายละเอียดของลายและดีไซน์ที่สวยงามสร้างสรรค์แล้ว เธอยังเล่าถึงประสบการณ์ทำงานแต่ละชิ้นได้สนุกและน่าสนใจไม่แพ้กัน มาดูกันดีกว่าผลงานจำนวน 10 ชิ้นที่ดีไซเนอร์ลายผ้าร่วมสมัยคนนี้เลือกมา มีลายอะไรกันบ้าง</p>\r\n<p></p>\r\n<p><b>1. คอลเล็กชัน Spring &amp; Summer - แบรนด์ ISSUE(2011)</b></p>\r\n<img src=\"https://www.happeningandfriends.com/uploads/happening/articles/1/37/image_detail/4559418_orig.jpg\" />\r\n<p>\"เราเลือกชิ้นนี้เพราะเป็นลายที่ทำให้กับ Issue ตอนที่ฝึกงานอยู่ เป็นอันที่เปิดตัวเราขึ้นมา ทำให้รู้ว่าเราชอบอะไร ไม่ชอบอะไร และคนเขาชอบอะไรในตัวเรา เป็นงานแรกที่ภูมิใจมาก เพราะว่าตอนนั้นยังเด็ก แต่เรามีโอกาสได้ทำแบรนด์ใหญ่ แล้วก็เป็นความฝันอย่างหนึ่งที่เราอยากทำด้วย ถือว่าค่อนข้างประสบความสำเร็จ ทำให้เราเป็นที่รู้จัก\"<BR></p>\r\n<p><b>2. LYN REFLECTION SPRING-SUMMER 2016 Folktale Pattern Collection (2016)</b></p>\r\n<img src=\"https://www.happeningandfriends.com/uploads/happening/articles/1/37/image_detail/jj.jpg\" />\r\n<p>\"ชิ้นนี้เป็นกระดาษฉลุ เพราะ LYN ต้องการทำเป็นคอนเซปต์ Folk Art ทีนี้เราก็เป็นคนชอบงานคราฟต์ (Craft) อยู่แล้ว เพราะงั้นเลยคิดว่าจะนำงานคราฟต์มาผสมกับงานแพตเทิร์นดีไซน์ (Pattern Design) คือมองลงไปจะเป็นสองมิติ แต่เราจะเล่นแสงเงาให้มันกลายเป็นงานสามมิติ โดยเราจะฉลุกระดาษขึ้นมาก่อนแล้วสแกนเข้าไป แล้วค่อยดราฟต์งานตามลายกระดาษนั้น จากนั้นทำเป็นเลเยอร์ซ้อนๆ กัน ก็จะกลายเป็นงานสามมิติขึ้นมา พอมองแล้วจะเหมือนกับงานตัดกระดาษ คนก็ตื่นเต้นว่าเราทำได้ยังไง เพราะมันแปลกใหม่มาก\"<BR> </p>\r\n<p><b>3. Thai Embroidery Tribal, Arkha (2015)</b></p>\r\n<img src=\"https://www.happeningandfriends.com/uploads/happening/articles/1/37/image_detail/12113399_1020033758017092_7840324025783045660_o.jpg\" />\r\n<p>\"เป็นงานที่ทำให้กับ OTOP โกอินเตอร์ เป็นของชนเผ่าอาข่า ตอนแรกพวกเขาทำขายที่เชียงใหม่ ซึ่งขายยากและราคาถูกมาก เราก็ดีไซน์ใหม่ เปลี่ยนสี เปลี่ยนกราฟิก จริงๆ ลายอาข่าก็มีสไตล์ของเขาเองอยู่แล้ว เราไม่สามารถเปลี่ยนกราฟิกเขาใหม่ได้ทั้งหมด มันจะกลายเป็นว่าไม่ใช่ชนเผ่าอาข่า เพราะพื้นฐานของลายเขาคือการใช้เรขาคณิตมาผสมกันจนเกิดเป็นลาย เราเลยดัดแปลงให้กลายเป็นแบบสีสันเพื่อให้มันดูสนุกขึ้น เป็นวัยรุ่นมากขึ้น แล้วก็ใช้ดอกบัวตองปักลงไปเป็นกิมมิกเล็กๆ ที่บ่งบอกถึงตัวตนของชาวอาข่า</p><p>&nbsp;&nbsp;&nbsp;&nbsp;&nbsp;&nbsp; \"ชิ้นนี้ค่อนข้างประสบความสำเร็จมาก เพราะว่าเปลี่ยนไปจากภาพผ้าไทยๆ ที่นำมาทำเป็นผ้าถุง และใช้เวลาในการทำนาน เราก็นำมาดัดแปลง ปรับแค่บางส่วนให้ดูเบาขึ้น ขายง่ายขึ้น เปลี่ยนสีสันใหม่หมด จากสีที่ไม่เคยทำมาก่อนอย่างสีพาสเทล ก็ย้อมตั้งแต่เส้นด้ายจนกลายเป็นตัวนี้ขึ้นมา ชิ้นนี้ก็ขายที่ญี่ปุ่นเหมือนกัน เขาเห็นก็คาวาอี้ เพราะสีมันน่ารัก แล้วรู้สึกว่าจะขายได้ในไทยและต่างประเทศอย่างยุโรปด้วย เราก็ดีใจเพราะรู้สึกว่ามันไม่ตันแล้ว ทีแรกชาวอาข่าเขาท้อว่าเขาจะทำต่อดีไหม งานฝีมือแบบนี้ ขายไม่ได้ ราคาก็ถูก จนเราเปิดโอกาสให้เขาไปขายที่ต่างประเทศ มันก็แปลก แถมประสบความสำเร็จเสริมรายได้ให้เขา ชาวอาข่าก็มีกำลังใจในการทำงานมากขึ้น\"\r\n\r\n', 'images/blog/blog3.jpg', 1);

-- --------------------------------------------------------

--
-- Table structure for table `codepromotion`
--

CREATE TABLE `codepromotion` (
  `id_Code` int(11) NOT NULL,
  `CodePromotion` varchar(12) NOT NULL,
  `MatchPercen` int(11) NOT NULL
) ENGINE=InnoDB DEFAULT CHARSET=utf8;

--
-- Dumping data for table `codepromotion`
--

INSERT INTO `codepromotion` (`id_Code`, `CodePromotion`, `MatchPercen`) VALUES
(1, 'GFTIRKQL6654', 10);

-- --------------------------------------------------------

--
-- Table structure for table `favoruite`
--

CREATE TABLE `favoruite` (
  `id_Favoruite` int(11) NOT NULL,
  `id_product` int(11) NOT NULL,
  `id_user` int(11) NOT NULL
) ENGINE=InnoDB DEFAULT CHARSET=utf8;

-- --------------------------------------------------------

--
-- Table structure for table `formregisterstore`
--

CREATE TABLE `formregisterstore` (
  `id_formRegisterStore` int(11) NOT NULL,
  `NameStore` varchar(255) NOT NULL,
  `AvatarStore` varchar(50) NOT NULL,
  `AddressStore` varchar(255) NOT NULL,
  `TelStore` varchar(30) NOT NULL,
  `CityStore` varchar(100) NOT NULL,
  `StateStore` varchar(100) NOT NULL,
  `ZipStore` varchar(10) NOT NULL,
  `CountryStore` varchar(100) NOT NULL,
  `EmailStore` varchar(100) NOT NULL,
  `Password` varchar(100) NOT NULL,
  `textStory` text NOT NULL
) ENGINE=InnoDB DEFAULT CHARSET=utf8;

--
-- Dumping data for table `formregisterstore`
--

INSERT INTO `formregisterstore` (`id_formRegisterStore`, `NameStore`, `AvatarStore`, `AddressStore`, `TelStore`, `CityStore`, `StateStore`, `ZipStore`, `CountryStore`, `EmailStore`, `Password`, `textStory`) VALUES
(1, 'FolkCharm', '---', '555/55', '099-999-9999', 'เมือง', 'กรุงเทพ', '10000', 'ประเทศไทย', 'folkChram@info.com', '81dc9bdb52d04dc20036dbd8313ed055', 'กระเป๋า ทุกคนน่ารักมาก สวัสดีครับ เย้ๆดีใจจังเลยห่อส่งไปร้านเดียวน่ะ ฮ่าาๆ ก่อนจะกลับนะครับ');

-- --------------------------------------------------------

--
-- Table structure for table `hotproduct`
--

CREATE TABLE `hotproduct` (
  `id_hotproduct` int(11) NOT NULL,
  `id_product` int(11) NOT NULL
) ENGINE=InnoDB DEFAULT CHARSET=utf8;

--
-- Dumping data for table `hotproduct`
--

INSERT INTO `hotproduct` (`id_hotproduct`, `id_product`) VALUES
(7, 23),
(6, 24),
(4, 28),
(5, 30),
(9, 70),
(8, 71);

-- --------------------------------------------------------

--
-- Table structure for table `imgproduct`
--

CREATE TABLE `imgproduct` (
  `id_imgProduct` int(11) NOT NULL,
  `Name_img` varchar(100) NOT NULL,
  `url_img` varchar(100) NOT NULL
) ENGINE=InnoDB DEFAULT CHARSET=utf8;

--
-- Dumping data for table `imgproduct`
--

INSERT INTO `imgproduct` (`id_imgProduct`, `Name_img`, `url_img`) VALUES
(44, 'Jai Bags240.jpg', 'images/product/'),
(45, 'Jai Bags250.jpg', 'images/product/'),
(47, 'Jai Bags270.jpg', 'images/product/'),
(48, 'Jai Bags280.jpg', 'images/product/'),
(49, 'Jai Bags290.jpg', 'images/product/'),
(50, 'Jai Bags300.jpg', 'images/product/'),
(53, 'Chomkwan330.jpg', 'images/product/'),
(54, 'Chomkwan340.jpg', 'images/product/'),
(55, 'Chomkwan350.jpg', 'images/product/'),
(56, 'Mae Teeta360.jpg', 'images/product/'),
(57, 'Mae Teeta370.jpg', 'images/product/'),
(58, 'Mae Teeta380.jpg', 'images/product/'),
(59, 'FolkCharm Crafts390.jpg', 'images/product/'),
(60, 'FolkCharm Crafts400.jpg', 'images/product/'),
(61, 'FolkCharm Crafts410.jpg', 'images/product/'),
(62, 'Phya420.jpg', 'images/product/'),
(63, 'Phya430.jpg', 'images/product/'),
(64, 'Phya440.jpg', 'images/product/'),
(65, 'Taktai450.jpg', 'images/product/'),
(66, 'Taktai460.jpg', 'images/product/'),
(67, 'Taktai470.jpg', 'images/product/'),
(68, 'Madmatter480.jpg', 'images/product/'),
(69, 'Madmatter490.jpg', 'images/product/'),
(70, 'Madmatter500.jpg', 'images/product/'),
(72, 'ภูคราม520.png', 'images/product/'),
(73, 'ภูคราม530.png', 'images/product/'),
(74, 'ภูคราม540.png', 'images/product/'),
(75, 'ภูคราม550.png', 'images/product/'),
(76, 'ภูคราม560.png', 'images/product/'),
(77, 'ภูคราม570.png', 'images/product/'),
(79, 'SSAP590.jpg', 'images/product/'),
(80, 'SSAP600.jpg', 'images/product/'),
(81, 'SSAP610.jpg', 'images/product/'),
(84, 'Wmenswear craft640.jpg', 'images/product/'),
(85, 'Wmenswear craft650.jpg', 'images/product/'),
(86, 'Wmenswear craft660.jpg', 'images/product/'),
(93, 'Jai Bags700.jpg', 'images/product/'),
(94, 'Jai Bags701.jpg', 'images/product/'),
(95, 'Jai Bags710.jpg', 'images/product/'),
(96, 'Jai Bags711.jpg', 'images/product/');

-- --------------------------------------------------------

--
-- Table structure for table `imgproductdetail`
--

CREATE TABLE `imgproductdetail` (
  `id_imgProductDetail` int(11) NOT NULL,
  `id_product` int(11) NOT NULL,
  `id_imgProduct` int(11) NOT NULL,
  `namethumbProduct` varchar(1) NOT NULL,
  `textDetailThumb` text,
  `urlthumbProduct` text NOT NULL,
  `qty` varchar(10) NOT NULL
) ENGINE=InnoDB DEFAULT CHARSET=utf8;

--
-- Dumping data for table `imgproductdetail`
--

INSERT INTO `imgproductdetail` (`id_imgProductDetail`, `id_product`, `id_imgProduct`, `namethumbProduct`, `textDetailThumb`, `urlthumbProduct`, `qty`) VALUES
(44, 24, 44, '1', NULL, 'images/thumbproduct/Jai Bags240.jpg', '15'),
(45, 25, 45, '1', NULL, 'images/thumbproduct/Jai Bags250.jpg', '20'),
(47, 27, 47, '1', NULL, 'images/thumbproduct/Jai Bags270.jpg', '15'),
(48, 28, 48, '1', NULL, 'images/thumbproduct/Jai Bags280.jpg', '16'),
(49, 29, 49, '1', NULL, 'images/thumbproduct/Jai Bags290.jpg', '13'),
(50, 30, 50, '1', NULL, 'images/thumbproduct/Jai Bags300.jpg', '16'),
(53, 33, 53, '1', NULL, 'images/thumbproduct/Chomkwan330.jpg', '13'),
(54, 34, 54, '1', NULL, 'images/thumbproduct/Chomkwan340.jpg', '12'),
(55, 35, 55, '1', NULL, 'images/thumbproduct/Chomkwan350.jpg', '19'),
(56, 36, 56, '1', NULL, 'images/thumbproduct/Mae Teeta360.jpg', '12'),
(57, 37, 57, '1', NULL, 'images/thumbproduct/Mae Teeta370.jpg', '11'),
(58, 38, 58, '1', NULL, 'images/thumbproduct/Mae Teeta380.jpg', '1'),
(59, 39, 59, '1', NULL, 'images/thumbproduct/FolkCharm Crafts390.jpg', '10'),
(60, 40, 60, '1', NULL, 'images/thumbproduct/FolkCharm Crafts400.jpg', '16'),
(61, 41, 61, '1', NULL, 'images/thumbproduct/FolkCharm Crafts410.jpg', '5'),
(62, 42, 62, '1', NULL, 'images/thumbproduct/Phya420.jpg', '10'),
(63, 43, 63, '1', NULL, 'images/thumbproduct/Phya430.jpg', '13'),
(64, 44, 64, '1', NULL, 'images/thumbproduct/Phya440.jpg', '10'),
(65, 45, 65, '1', NULL, 'images/thumbproduct/Taktai450.jpg', '30'),
(66, 46, 66, '1', NULL, 'images/thumbproduct/Taktai460.jpg', '12'),
(67, 47, 67, '1', NULL, 'images/thumbproduct/Taktai470.jpg', '10'),
(68, 48, 68, '1', NULL, 'images/thumbproduct/Madmatter480.jpg', '10'),
(69, 49, 69, '1', NULL, 'images/thumbproduct/Madmatter490.jpg', '1'),
(70, 50, 70, '1', NULL, 'images/thumbproduct/Madmatter500.jpg', '10'),
(72, 52, 72, '1', NULL, 'images/thumbproduct/ภูคราม520.png', '19'),
(73, 53, 73, '1', NULL, 'images/thumbproduct/ภูคราม530.png', '19'),
(74, 54, 74, '1', NULL, 'images/thumbproduct/ภูคราม540.png', '18'),
(75, 55, 75, '1', NULL, 'images/thumbproduct/ภูคราม550.png', '18'),
(76, 56, 76, '1', NULL, 'images/thumbproduct/ภูคราม560.png', '12'),
(77, 57, 77, '1', NULL, 'images/thumbproduct/ภูคราม570.png', '12'),
(79, 59, 79, '1', NULL, 'images/thumbproduct/SSAP590.jpg', '10'),
(80, 60, 80, '1', NULL, 'images/thumbproduct/SSAP600.jpg', '14'),
(81, 61, 81, '1', NULL, 'images/thumbproduct/SSAP610.jpg', '18'),
(84, 64, 84, '1', NULL, 'images/thumbproduct/Wmenswear craft640.jpg', '19'),
(85, 65, 85, '1', NULL, 'images/thumbproduct/Wmenswear craft650.jpg', '10'),
(86, 66, 86, '1', NULL, 'images/thumbproduct/Wmenswear craft660.jpg', '13'),
(93, 70, 93, '1', 'ผ้าไหมของร้าน Jai ได้นำมา นำเสนอเป็นสินค้าที่สามารถออกแบบลายได้ ผ้าไหมไทย เป็นผ้าที่มีเอกลักษณ์เฉพาะตัวแตกต่างจากผ้าไหมทั่วไป กล่าวคือ มีแสงแวววาวเป็นมันเลื่อม เนื้อผ้าฟูไม่เรียบ อ่อนนุ่ม มีน้ำหนัก บางชนิดเป็นปุ่มปมอันเนื่องมาจากระดับคุณภาพซึ่งเกิดในกระบวนการผลิตแต่ก็ทำให้ได้รับความนิยม ผ้าไหมสีดำของที่นี่ ถูกถักทออย่างละเอียดลออ ที่จังหวัดขอนแก่น จากชุมชนกลุ่มแม่บ้านทอฮูก ที่เป็นวัฒนธรรมพื้นบ้านจากรุ่นสู่รุ่น มีคุณค่า สวยงาม คู่ควรแก่การนำมาสวมใส่', 'images/thumbproduct/Jai Bags700.png', '15'),
(94, 70, 94, '2', 'ผ้าขาวม้า ที่ร้าน Jai ได้นำมา นำเสนอเป็นสินค้าที่สามารถออกแบบลายได้ ผ้าขาวม้า มักจะถูกยกย่องสรรเสริญว่า เป็นผ้าอเนกประสงค์ ใช้ได้หลากหลายรูปแบบ ทั้งนุ่ง-ห่ม-ห่อ แต่ก็ต้องยอมรับว่า ผ้าขาวม้า คือตัวแทนความโบราณ เหมาะเหมาะสำหรับคนรุ่นใหญ่ ไม่ใช่คนรุ่นใหม่ แต่ ณ วันนี้คุณลบความคิดนี้ทิ้งไปได้เลย เมื่อเวลาเปลี่ยน ใจคนเปลี่ยน ผ้าขาวม้าย่อมเปลี่ยนตาม ด้วยการนำปรับการถักทอลายที่ทำให้ดูทันสมัยมีคลาส เหมาะแก่การสวมใส่ในชีวิตประจำวัน\r\n', 'images/thumbproduct/Jai Bags701.png', '10'),
(95, 71, 95, '1', 'ผ้าลายชาวเขา ที่ร้าน Jai ได้นำมา นำเสนอเป็นสินค้าที่สามารถออกแบบลายได้ ผ้าชาวเขาคือตัวแทนของความงดงาม ที่เรียบง่าย ด้วยความประณีตที่บรรจงลงมือ ถัก ปัก ลวดลายต่างๆ ลงบนผืนผ้าทีละชิ้นด้วยความตั้งใจ และใส่ใจในทุกรายละเอียด ', 'images/thumbproduct/Jai Bags710.png', '19'),
(96, 71, 96, '2', 'ผ้าลายขิด ที่ร้าน Jai ได้นำมา นำเสนอเป็นสินค้าที่สามารถออกแบบลายได้ ผ้าทอลายขิด คือ ลายผ้าพื้นเมืองของภาคอีสาน และอีกส่วนเป็นของภาคเหนือและภาคกลางของประเทศไทยไทย ถือเป็นศิลปะพื้นบ้านพื้นเมือง ที่แสดงให้เห็นภาพ ลักษณะ ลวดลาย เอกลักษณ์ และความเป็นมาของท้องถิ่นเดิมของประเทศไทยที่มีมาตั้งแต่สมัยโบราณ คน อีสานบอกว่าในกระบวนการทอผ้าด้วยกันนั้น การทอผ้าขิด มันยากและต้องอาศัยความชำนาญพิเศษ และมีชั้นเชิงทางฝีมือสูงกว่าการทอผ้าอย่างอื่นๆ เพราะทำยากมาก มีวิธีการและเทคนิคการทอที่ซับซ้อนมากกว่าการทอผ้าอื่นๆ  เพราะต้องใช้เวลา ความชำนาญ ความอดทน และความละเอียด และ มีวิธีทำที่ยุ่งยากทอได้ช้ามาก และผู้ทีทอต้องมีความชำนาญประสบการณ์สูง ', 'images/thumbproduct/Jai Bags711.png', '12');

-- --------------------------------------------------------

--
-- Table structure for table `orderproductdetail`
--

CREATE TABLE `orderproductdetail` (
  `id_orderDetail` int(11) NOT NULL,
  `id_order` varchar(15) NOT NULL,
  `id_product` int(11) NOT NULL,
  `namethumbProduct` int(11) NOT NULL,
  `qty` varchar(10) NOT NULL,
  `Price` varchar(100) NOT NULL
) ENGINE=InnoDB DEFAULT CHARSET=utf8;

--
-- Dumping data for table `orderproductdetail`
--

INSERT INTO `orderproductdetail` (`id_orderDetail`, `id_order`, `id_product`, `namethumbProduct`, `qty`, `Price`) VALUES
(32, '2017122500001', 70, 1, '3', '1600'),
(33, '2017122200001', 29, 1, '1', '1800'),
(34, '2017122200001', 30, 1, '1', '1400'),
(35, '2017122200001', 35, 1, '1', '450'),
(36, '2017122200001', 44, 1, '1', '1300'),
(37, '2017122200001', 54, 1, '1', '199'),
(38, '2017122200001', 55, 1, '6', '199'),
(39, '2017122200001', 66, 1, '1', '900'),
(40, '2017122200001', 70, 1, '2', '1600'),
(41, '2017122200002', 70, 1, '4', '1600'),
(42, '2017122200002', 42, 1, '5', '1800'),
(43, '2017122200003', 42, 1, '3', '1800'),
(44, '2017122200004', 55, 1, '5', '199'),
(45, '2017122200004', 34, 1, '1', '550'),
(46, '2017122200004', 37, 1, '1', '850'),
(47, '2017122200004', 66, 1, '1', '900'),
(48, '2017122200004', 64, 1, '1', '650'),
(49, '2017122300001', 70, 1, '1', '1600'),
(50, '2017122300001', 55, 1, '2', '199'),
(51, '2017122300001', 42, 1, '2', '1800'),
(52, '2017122300001', 40, 1, '1', '199'),
(53, '2017122300001', 39, 1, '1', '450'),
(54, '2017122300001', 60, 1, '1', '1400'),
(55, '2017122300001', 66, 1, '1', '900'),
(56, '2017122300002', 71, 1, '1', '1500'),
(57, '2017122300002', 70, 2, '2', '1600'),
(58, '2017122300002', 70, 1, '5', '1600'),
(59, '2017122300002', 28, 1, '1', '1600'),
(60, '2017122300002', 47, 1, '1', '1200'),
(61, '2017122300002', 55, 1, '3', '199'),
(62, '2017122300003', 70, 1, '2', '1600'),
(63, '2017122300003', 55, 1, '2', '199'),
(64, '2017122300003', 54, 1, '1', '199'),
(65, '2017122300004', 42, 1, '4', '1800'),
(66, '2017122500002', 24, 1, '1', '1900'),
(67, '2017122500002', 55, 1, '1', '199'),
(68, '2017122500003', 70, 1, '2', '1600'),
(69, '2017122500003', 42, 1, '3', '1800'),
(70, '2017122500003', 55, 1, '1', '199'),
(71, '2017122500004', 55, 1, '3', '199'),
(72, '2017122500005', 70, 1, '1', '1600'),
(73, '2017122500006', 70, 1, '1', '1600'),
(74, '2017122500006', 25, 1, '1', '1400'),
(75, '2017122500006', 42, 1, '2', '1800'),
(76, '2017122500007', 70, 1, '1', '1600'),
(77, '2017122500007', 42, 1, '1', '1800'),
(78, '2017122500007', 40, 1, '1', '199'),
(79, '2017122500007', 29, 1, '1', '1800'),
(80, '2017122500007', 57, 1, '1', '1200'),
(81, '2017122500007', 54, 1, '1', '199'),
(82, '2017122500007', 65, 1, '1', '1000'),
(83, '2017122600001', 55, 1, '3', '199'),
(84, '2017122600002', 70, 1, '1', '1600'),
(85, '2017122600002', 42, 1, '1', '1800'),
(86, '2017122600003', 70, 1, '3', '1600'),
(87, '2017122600004', 71, 1, '1', '1500'),
(88, '2017122600004', 25, 1, '2', '1400'),
(89, '2017122600004', 70, 1, '1', '1600'),
(90, '2017122600005', 70, 1, '1', '1600'),
(91, '2017122600005', 55, 1, '4', '199'),
(92, '2017122600006', 42, 1, '3', '1800'),
(93, '2017122600007', 57, 1, '3', '1200'),
(94, '2017122600007', 41, 1, '1', '900'),
(95, '2017122600007', 39, 1, '1', '450'),
(96, '2017122600007', 44, 1, '1', '1300'),
(97, '2017122600007', 42, 1, '1', '1800'),
(98, '2017122600007', 65, 1, '1', '1000'),
(99, '2017122600008', 70, 1, '1', '1600'),
(100, '2017122600008', 43, 1, '1', '1985'),
(101, '2017122600008', 59, 1, '1', '1985'),
(102, '2017122600008', 28, 1, '1', '1600'),
(103, '2017122600008', 55, 1, '3', '199'),
(104, '2017122600009', 25, 1, '2', '1400'),
(105, '2017122600009', 42, 1, '1', '1800'),
(106, '2017122600009', 38, 1, '1', '500'),
(107, '2017122600009', 70, 1, '1', '1600'),
(108, '2017122600010', 24, 1, '2', '1900'),
(109, '2017122600010', 35, 1, '2', '450'),
(110, '2017122600010', 42, 1, '4', '1800'),
(111, '2017122600010', 70, 1, '1', '1600'),
(112, '2017122600010', 40, 1, '1', '199'),
(113, '2017122600010', 61, 1, '1', '1300'),
(114, '2017122600011', 70, 1, '1', '1600'),
(115, '2017122600011', 55, 1, '1', '199'),
(116, '2017122600012', 70, 2, '1', '1600'),
(117, '2017122600012', 70, 1, '3', '1600'),
(118, '2017122600013', 70, 1, '1', '1600'),
(119, '2017122600014', 33, 1, '1', '1320'),
(120, '2017122600014', 55, 1, '1', '199'),
(121, '2017122600015', 70, 1, '1', '1600'),
(122, '2017122600015', 55, 1, '1', '199'),
(123, '2017122700001', 42, 1, '4', '1800'),
(124, '2017122700002', 55, 1, '1', '199'),
(125, '2017122700002', 27, 1, '1', '1500'),
(126, '2017122700002', 30, 1, '1', '1400'),
(127, '2017122700003', 55, 1, '1', '199'),
(128, '2017122700003', 70, 1, '4', '1600'),
(129, '2017122700003', 42, 1, '3', '1800'),
(130, '2017122700004', 39, 1, '1', '450'),
(131, '2017122700004', 40, 1, '1', '199'),
(132, '2017122700004', 61, 1, '1', '1300'),
(133, '2017122700004', 28, 1, '1', '1600'),
(134, '2017122700004', 70, 1, '3', '1600'),
(135, '2017122700004', 70, 2, '1', '1600'),
(136, '2017122700004', 55, 1, '1', '199'),
(137, '2017122700004', 34, 1, '1', '550'),
(138, '2017122700005', 70, 1, '1', '1600'),
(139, '2017122700006', 40, 1, '1', '199'),
(140, '2017122700007', 24, 1, '1', '1900'),
(141, '2017122700008', 55, 1, '1', '199'),
(142, '2017122700008', 56, 1, '1', '199'),
(143, '2017122800001', 66, 1, '1', '900'),
(144, '2017122800002', 43, 1, '1', '1985'),
(145, '2017122800003', 30, 1, '1', '1400'),
(146, '2017122800004', 30, 1, '1', '1400'),
(147, '2017122800004', 39, 1, '2', '450'),
(148, '2017122800004', 40, 1, '1', '199'),
(149, '2017122800005', 64, 1, '1', '650'),
(150, '2017122800005', 47, 1, '1', '1200'),
(151, '2017122800007', 34, 1, '1', '550'),
(152, '2017122800007', 61, 1, '1', '1300'),
(153, '2017122800007', 55, 1, '1', '199'),
(154, '2017122800008', 24, 1, '1', '1900'),
(155, '2017122800008', 33, 1, '1', '1320'),
(156, '2017122800008', 65, 1, '1', '1000'),
(157, '2017122800008', 70, 1, '2', '1600'),
(158, '2017122800009', 64, 1, '1', '650'),
(159, '2017122800009', 27, 1, '1', '1500'),
(160, '2017122800009', 40, 1, '1', '199'),
(161, '2017122800009', 65, 1, '1', '1000'),
(162, '2017122800009', 70, 1, '1', '1600'),
(163, '2017122800009', 42, 1, '3', '1800'),
(164, '2017122800010', 28, 1, '3', '1600'),
(165, '2017122800010', 24, 1, '1', '1900'),
(166, '2017122800011', 70, 1, '3', '1600'),
(167, '2017122800011', 42, 1, '2', '1800'),
(168, '2017122800011', 55, 1, '1', '199'),
(169, '2017122800012', 44, 1, '1', '1300'),
(170, '2017122800012', 42, 1, '1', '1800'),
(171, '2017122800012', 53, 1, '1', '199'),
(172, '2017122800012', 48, 1, '1', '600'),
(173, '2017122800012', 45, 1, '1', '150'),
(174, '2017122800013', 65, 1, '1', '1000'),
(175, '2017122800013', 66, 1, '1', '900'),
(176, '2017122800014', 55, 1, '1', '199'),
(177, '2017122800014', 44, 1, '1', '1300'),
(178, '2017122800014', 57, 1, '1', '1200'),
(179, '2017122800015', 70, 1, '1', '1600'),
(180, '2017122800015', 54, 1, '1', '199'),
(181, '2017122800015', 40, 1, '1', '199'),
(182, '2017122800015', 45, 1, '1', '150'),
(183, '2017122800015', 46, 1, '1', '750'),
(184, '2017122800016', 70, 1, '1', '1600'),
(185, '2017122800016', 47, 1, '1', '1200'),
(186, '2017122800016', 39, 1, '1', '450'),
(187, '2017122800016', 55, 1, '1', '199'),
(188, '2017122800017', 39, 1, '1', '450'),
(189, '2017122800017', 47, 1, '1', '1200'),
(190, '2017122800017', 66, 1, '1', '900'),
(191, '2017122800018', 43, 1, '1', '1985'),
(192, '2017122800018', 25, 1, '1', '1400'),
(193, '2017122800018', 27, 1, '1', '1500'),
(194, '2017122800018', 70, 1, '1', '1600'),
(195, '2017122800018', 71, 2, '3', '1500'),
(196, '2017122800018', 71, 1, '1', '1500'),
(197, '2017122800018', 42, 1, '5', '1800'),
(198, '2017122800019', 24, 1, '1', '1900'),
(199, '2017122800020', 40, 1, '1', '199'),
(200, '2017122800020', 70, 1, '1', '1600'),
(201, '2017122800020', 43, 1, '1', '1985'),
(202, '2017122800020', 42, 1, '1', '1800'),
(203, '2017122800021', 66, 1, '1', '900'),
(204, '2017122800021', 44, 1, '1', '1300'),
(205, '2017122800022', 65, 1, '1', '1000'),
(206, '2017122800022', 47, 1, '1', '1200'),
(207, '2017122800022', 37, 1, '1', '850'),
(208, '2017122800022', 36, 1, '1', '1200'),
(209, '2017122800022', 55, 1, '1', '199'),
(210, '2017122800023', 44, 1, '1', '1300'),
(211, '2017122800024', 66, 1, '1', '900'),
(212, '2017122900001', 28, 1, '1', '1600'),
(213, '2017122900001', 35, 1, '1', '450'),
(214, '2017122900002', 70, 1, '4', '1600'),
(215, '2017122900002', 42, 1, '5', '1800'),
(216, '2017122900003', 39, 1, '1', '450'),
(217, '2017122900004', 70, 1, '1', '1600'),
(218, '2017122900005', 71, 1, '1', '1500'),
(219, '2017122900005', 55, 1, '3', '199'),
(220, '2017122900006', 40, 1, '1', '199'),
(221, '2017123000001', 42, 1, '5', '1800'),
(222, '2017123000002', 65, 1, '1', '1000'),
(223, '2017123000002', 34, 1, '1', '550'),
(224, '2017123000003', 29, 1, '1', '1800'),
(225, '2017123000004', 61, 1, '1', '1300'),
(226, '2017123000004', 27, 1, '1', '1500'),
(227, '2017123000005', 55, 1, '1', '199'),
(228, '2017123000005', 39, 1, '1', '450'),
(229, '2017123000005', 65, 1, '1', '1000'),
(230, '2017123000006', 28, 1, '1', '1600'),
(231, '2017123000006', 40, 1, '1', '199'),
(232, '2017123000006', 70, 1, '1', '1600'),
(233, '2017123000006', 42, 1, '2', '1800'),
(234, '2017123000007', 42, 1, '1', '1800'),
(235, '2017123100001', 39, 1, '1', '450'),
(236, '2017123100002', 25, 1, '1', '1400'),
(237, '2017123100002', 30, 1, '1', '1400'),
(238, '2017123100002', 70, 1, '1', '1600'),
(239, '2017123100002', 42, 1, '1', '1800'),
(240, '2017123100003', 64, 1, '1', '650'),
(241, '2017123100004', 43, 1, '1', '1985'),
(242, '2017123100004', 59, 1, '1', '1985'),
(243, '2017123100004', 45, 1, '1', '150'),
(244, '2017123100005', 37, 1, '1', '850'),
(245, '2017080100001', 42, 1, '1', '1800'),
(246, '2017080100001', 70, 1, '1', '1600'),
(247, '2017080100001', 33, 1, '1', '1320'),
(248, '2017080200001', 44, 1, '1', '1300'),
(249, '2017080200001', 35, 1, '1', '450'),
(250, '2017080200001', 42, 1, '1', '1800'),
(251, '2017080200002', 41, 1, '1', '900'),
(252, '2017080200002', 60, 1, '1', '1400'),
(253, '2017080300001', 39, 1, '1', '450'),
(254, '2017080300001', 42, 1, '1', '1800'),
(255, '2017080300001', 70, 1, '1', '1600'),
(256, '2017080300001', 55, 1, '1', '199'),
(257, '2017080300002', 53, 1, '1', '199'),
(258, '2017080400001', 40, 1, '1', '199'),
(259, '2017080400001', 65, 1, '1', '1000'),
(260, '2017080400001', 41, 1, '1', '900'),
(261, '2017080400002', 24, 1, '1', '1900'),
(262, '2017080500001', 66, 1, '1', '900'),
(263, '2017080500001', 39, 1, '1', '450'),
(264, '2017080600001', 42, 1, '1', '1800'),
(265, '2017080900001', 42, 1, '1', '1800'),
(266, '2017080900002', 37, 1, '1', '850'),
(267, '2017081000001', 44, 1, '1', '1300'),
(268, '2017081000001', 25, 1, '1', '1400'),
(269, '2017081000001', 43, 1, '1', '1985'),
(270, '2017081100001', 35, 1, '1', '450'),
(271, '2017081100001', 70, 1, '4', '1600'),
(272, '2017081200001', 71, 2, '4', '1500'),
(273, '2017081200002', 44, 1, '1', '1300'),
(274, '2017081200002', 55, 1, '1', '199'),
(275, '2017081300001', 55, 1, '4', '199'),
(276, '2017081300002', 47, 1, '1', '1200'),
(277, '2017081300002', 25, 1, '1', '1400'),
(278, '2017081300003', 24, 1, '1', '1900'),
(279, '2017081400001', 70, 2, '4', '1600'),
(280, '2017081400001', 70, 1, '3', '1600'),
(281, '2017081400001', 55, 1, '6', '199'),
(282, '2017081500001', 42, 1, '2', '1800'),
(283, '2017081600001', 55, 1, '1', '199'),
(284, '2017081800001', 30, 1, '1', '1400'),
(285, '2017081800002', 70, 1, '1', '1600'),
(286, '2017081800002', 55, 1, '1', '199'),
(287, '2017081900001', 30, 1, '1', '1400'),
(288, '2017082000001', 37, 1, '1', '850'),
(289, '2017082000001', 36, 1, '1', '1200'),
(290, '2017082600001', 44, 1, '1', '1300'),
(291, '2017082700001', 61, 1, '1', '1300'),
(292, '2017082700001', 39, 1, '1', '450'),
(293, '2017082700001', 46, 1, '1', '750'),
(294, '2017082800001', 66, 1, '1', '900'),
(295, '2017082800002', 70, 1, '1', '1600'),
(296, '2017082800002', 53, 1, '1', '199'),
(297, '2017082900001', 24, 1, '1', '1900'),
(298, '2017082900002', 45, 1, '1', '150'),
(299, '2017082900002', 40, 1, '1', '199'),
(300, '2017083000001', 70, 1, '1', '1600'),
(301, '2017083000001', 55, 1, '1', '199'),
(302, '2017083000001', 42, 1, '3', '1800'),
(303, '2017083000002', 65, 1, '1', '1000'),
(304, '2017083000002', 43, 1, '1', '1985'),
(305, '2017083000002', 45, 1, '1', '150'),
(306, '2017083100001', 70, 2, '3', '1600'),
(307, '2017083100002', 37, 1, '1', '850'),
(308, '2017090100001', 29, 1, '1', '1800'),
(309, '2017090100002', 42, 1, '1', '1800'),
(310, '2017090100003', 28, 1, '1', '1600'),
(311, '2017090100003', 35, 1, '1', '450'),
(312, '2017090100003', 40, 1, '1', '199'),
(313, '2017090100003', 55, 1, '1', '199'),
(314, '2017090200001', 30, 1, '1', '1400'),
(315, '2017090200002', 38, 1, '1', '500'),
(316, '2017090200003', 39, 1, '1', '450'),
(317, '2017090300001', 44, 1, '1', '1300'),
(318, '2017090300001', 43, 1, '1', '1985'),
(319, '2017090300001', 47, 1, '1', '1200'),
(320, '2017090300002', 55, 1, '3', '199'),
(321, '2017090400001', 25, 1, '1', '1400'),
(322, '2017090800001', 33, 1, '1', '1320'),
(323, '2017091000001', 43, 1, '1', '1985'),
(324, '2017091000002', 70, 1, '1', '1600'),
(325, '2017091000002', 55, 1, '1', '199'),
(326, '2017091000002', 42, 1, '1', '1800'),
(327, '2017091100001', 29, 1, '1', '1800'),
(328, '2017091100001', 42, 1, '1', '1800'),
(329, '2017091300001', 42, 1, '1', '1800'),
(330, '2017091300002', 27, 1, '1', '1500'),
(331, '2017091300002', 42, 1, '1', '1800'),
(332, '2017091300002', 70, 1, '1', '1600'),
(333, '2017091400001', 70, 1, '1', '1600'),
(334, '2017091400002', 42, 1, '5', '1800'),
(335, '2017091600001', 55, 1, '5', '199'),
(336, '2017091700001', 70, 1, '1', '1600'),
(337, '2017091700001', 40, 1, '1', '199'),
(338, '2017091800001', 65, 1, '1', '1000'),
(339, '2017091800001', 40, 1, '1', '199'),
(340, '2017091800001', 42, 1, '4', '1800'),
(341, '2017091800002', 42, 1, '1', '1800'),
(342, '2017091900001', 70, 1, '4', '1600'),
(343, '2017091900001', 70, 2, '3', '1600'),
(344, '2017091900001', 42, 1, '1', '1800'),
(345, '2017091900001', 55, 1, '1', '199'),
(346, '2017092200001', 42, 1, '1', '1800'),
(347, '2017092200001', 70, 1, '1', '1600'),
(348, '2017092200001', 55, 1, '7', '199'),
(349, '2017092300001', 55, 1, '1', '199'),
(350, '2017092700001', 70, 1, '1', '1600'),
(351, '2017092800001', 25, 1, '1', '1400'),
(352, '2017092800001', 27, 1, '1', '1500'),
(353, '2017092900001', 40, 1, '1', '199'),
(354, '2017092900002', 55, 1, '1', '199'),
(355, '2017093000001', 24, 1, '1', '1900'),
(356, '2017093000001', 27, 1, '1', '1500'),
(357, '2017093000001', 66, 1, '1', '900'),
(358, '2017093000001', 60, 1, '1', '1400'),
(359, '2017093000001', 57, 1, '1', '1200'),
(360, '2017093000002', 70, 1, '1', '1600'),
(361, '2017100100001', 42, 1, '1', '1800'),
(362, '2017100100001', 54, 1, '1', '199'),
(363, '2017100100001', 53, 1, '1', '199'),
(364, '2017100100002', 25, 1, '1', '1400'),
(365, '2017100200001', 42, 1, '1', '1800'),
(366, '2017100200002', 55, 1, '1', '199'),
(367, '2017100200002', 27, 1, '1', '1500'),
(368, '2017100200002', 66, 1, '1', '900'),
(369, '2017100500001', 49, 1, '1', '750'),
(370, '2017100700001', 36, 1, '1', '1200'),
(371, '2017100700001', 47, 1, '1', '1200'),
(372, '2017100700001', 41, 1, '1', '900'),
(373, '2017100900001', 43, 1, '1', '1985'),
(374, '2017100900002', 70, 1, '4', '1600'),
(375, '2017100900002', 70, 2, '3', '1600'),
(376, '2017100900002', 71, 1, '5', '1500'),
(377, '2017100900002', 71, 2, '3', '1500'),
(378, '2017100900002', 25, 1, '1', '1400'),
(379, '2017101000001', 35, 1, '1', '450'),
(380, '2017101100001', 66, 1, '1', '900'),
(381, '2017101500001', 27, 1, '1', '1500'),
(382, '2017101500001', 30, 1, '1', '1400'),
(383, '2017101500001', 40, 1, '1', '199'),
(384, '2017101500001', 44, 1, '1', '1300'),
(385, '2017101500001', 52, 1, '1', '199'),
(386, '2017101500001', 55, 1, '3', '199'),
(387, '2017101500002', 24, 1, '1', '1900'),
(388, '2017101500002', 70, 1, '1', '1600'),
(389, '2017101500002', 55, 1, '1', '199'),
(390, '2017101500003', 45, 1, '1', '150'),
(391, '2017101700001', 44, 1, '1', '1300'),
(392, '2017101700001', 49, 1, '1', '750'),
(393, '2017101700002', 55, 1, '1', '199'),
(394, '2017102000001', 65, 1, '2', '1000'),
(395, '2017102000001', 25, 1, '1', '1400'),
(396, '2017102000001', 59, 1, '1', '1985'),
(397, '2017102400001', 24, 1, '1', '1900'),
(398, '2017103000001', 70, 1, '3', '1600'),
(399, '2017103000001', 45, 1, '1', '150'),
(400, '2017103000001', 55, 1, '3', '199'),
(401, '2017103100001', 39, 1, '1', '450'),
(402, '2017103100002', 47, 1, '1', '1200'),
(403, '2017110100001', 42, 1, '4', '1800'),
(404, '2017110100002', 70, 1, '1', '1600'),
(405, '2017110100002', 30, 1, '1', '1400'),
(406, '2017110100002', 65, 1, '1', '1000'),
(407, '2017110100002', 34, 1, '1', '550'),
(408, '2017110100003', 70, 1, '1', '1600'),
(409, '2017110100004', 42, 1, '3', '1800'),
(410, '2017110100004', 40, 1, '1', '199'),
(411, '2017110200001', 66, 1, '1', '900'),
(412, '2017110200001', 65, 1, '1', '1000'),
(413, '2017110200002', 42, 1, '1', '1800'),
(414, '2017110300001', 44, 1, '1', '1300'),
(415, '2017110300001', 39, 1, '1', '450'),
(416, '2017110300001', 55, 1, '2', '199'),
(417, '2017110300002', 65, 1, '1', '1000'),
(418, '2017110400001', 52, 1, '1', '199'),
(419, '2017110800001', 29, 1, '1', '1800'),
(420, '2017110800002', 25, 1, '1', '1400'),
(421, '2017110800002', 42, 1, '1', '1800'),
(422, '2017110800002', 70, 1, '1', '1600'),
(423, '2017110800002', 36, 1, '1', '1200'),
(424, '2017110900001', 27, 1, '1', '1500'),
(425, '2017110900001', 43, 1, '1', '1985'),
(426, '2017110900002', 41, 1, '1', '900'),
(427, '2017110900002', 57, 1, '1', '1200'),
(428, '2017110900002', 25, 1, '1', '1400'),
(429, '2017111000001', 50, 1, '1', '750'),
(430, '2017111000002', 42, 1, '1', '1800'),
(431, '2017111000002', 28, 1, '1', '1600'),
(432, '2017111000002', 70, 1, '1', '1600'),
(433, '2017111100001', 29, 1, '1', '1800'),
(434, '2017111100002', 70, 1, '1', '1600'),
(435, '2017111100002', 61, 1, '1', '1300'),
(436, '2017111100002', 44, 1, '1', '1300'),
(437, '2017111200001', 65, 1, '1', '1000'),
(438, '2017111200002', 42, 1, '1', '1800'),
(439, '2017111200002', 70, 1, '1', '1600'),
(440, '2017111300001', 56, 1, '1', '199'),
(441, '2017111300001', 54, 1, '1', '199'),
(442, '2017111600001', 40, 1, '1', '199'),
(443, '2017111700001', 47, 1, '1', '1200'),
(444, '2017111700001', 33, 1, '1', '1320'),
(445, '2017111700002', 42, 1, '1', '1800'),
(446, '2017111700003', 55, 1, '10', '199'),
(447, '2017111900001', 45, 1, '1', '150'),
(448, '2017111900002', 29, 1, '1', '1800'),
(449, '2017111900002', 57, 1, '1', '1200'),
(450, '2017111900003', 30, 1, '1', '1400'),
(451, '2017112000001', 70, 1, '5', '1600'),
(452, '2017112000001', 70, 2, '5', '1600'),
(453, '2017112000002', 40, 1, '1', '199'),
(454, '2017112000002', 38, 1, '1', '500'),
(455, '2017112000003', 25, 1, '1', '1400'),
(456, '2017112200001', 70, 1, '1', '1600'),
(457, '2017112200001', 55, 1, '3', '199'),
(458, '2017112200002', 44, 1, '1', '1300'),
(459, '2017112500001', 36, 1, '1', '1200'),
(460, '2017112500001', 37, 1, '1', '850'),
(461, '2017112500002', 61, 1, '1', '1300'),
(462, '2017112800001', 54, 1, '1', '199'),
(463, '2017112800002', 42, 1, '1', '1800'),
(464, '2017112800002', 70, 1, '1', '1600'),
(465, '2017112800003', 25, 1, '1', '1400'),
(466, '2017112800003', 40, 1, '1', '199'),
(467, '2017112800003', 42, 1, '1', '1800'),
(468, '2017112800004', 55, 1, '3', '199'),
(469, '2017112800005', 36, 1, '1', '1200'),
(470, '2017112800005', 37, 1, '1', '850'),
(471, '2017112800005', 38, 1, '1', '500'),
(472, '2017112900001', 70, 1, '1', '1600'),
(473, '2017112900001', 41, 1, '1', '900'),
(474, '2017112900001', 30, 1, '1', '1400'),
(475, '2017112900002', 45, 1, '1', '150'),
(476, '2017112900002', 25, 1, '1', '1400'),
(477, '2017112900002', 52, 1, '1', '199'),
(478, '2017112900003', 50, 1, '1', '750'),
(479, '2017112900003', 49, 1, '1', '750'),
(480, '2017113000001', 27, 1, '1', '1500'),
(481, '2017113000002', 28, 1, '1', '1600'),
(482, '2017113000002', 35, 1, '1', '450'),
(483, '2017113000002', 25, 1, '3', '1400'),
(484, '2017113000002', 70, 1, '3', '1600'),
(485, '2017113000003', 59, 1, '1', '1985'),
(486, '2018010100001', 71, 2, '3', '1500'),
(487, '2018010100001', 71, 1, '2', '1500'),
(488, '2018010100001', 70, 1, '2', '1600'),
(489, '2018010100001', 55, 1, '1', '199'),
(490, '2018010100002', 27, 1, '1', '1500'),
(491, '2018010100003', 36, 1, '1', '1200'),
(492, '2018010100003', 37, 1, '1', '850'),
(493, '2018010100004', 38, 1, '1', '500'),
(494, '2018010100004', 60, 1, '1', '1400'),
(495, '2018010100005', 65, 1, '1', '1000'),
(496, '2018010100005', 42, 1, '1', '1800'),
(497, '2018010200001', 28, 1, '1', '1600'),
(498, '2018010200001', 29, 1, '1', '1800'),
(499, '2018010200001', 70, 1, '1', '1600'),
(500, '2018010200001', 42, 1, '1', '1800'),
(501, '2018010200002', 45, 1, '1', '150'),
(502, '2018010200003', 57, 1, '1', '1200'),
(503, '2018010200003', 25, 1, '1', '1400'),
(504, '2018010200003', 42, 1, '3', '1800'),
(505, '2018010300001', 40, 1, '1', '199'),
(506, '2018010300002', 42, 1, '1', '1800'),
(507, '2018010300002', 70, 1, '3', '1600'),
(508, '2018010700001', 55, 1, '4', '199'),
(509, '2018011000001', 47, 1, '3', '1200'),
(510, '2018011000002', 49, 1, '1', '750'),
(511, '2018011000002', 70, 1, '1', '1600'),
(512, '2018011000002', 54, 1, '1', '199'),
(513, '2018011100001', 66, 1, '1', '900'),
(514, '2018011100002', 60, 1, '1', '1400'),
(515, '2018011100002', 52, 1, '1', '199'),
(516, '2018011300001', 57, 1, '1', '1200'),
(517, '2018011400001', 35, 1, '1', '450'),
(518, '2018011400001', 42, 1, '1', '1800'),
(519, '2018011500001', 43, 1, '1', '1985'),
(520, '2018011500001', 42, 1, '1', '1800'),
(521, '2018011700001', 39, 1, '1', '450'),
(522, '2018011700001', 43, 1, '1', '1985'),
(523, '2018011700001', 42, 1, '1', '1800'),
(524, '2018011700002', 30, 1, '1', '1400'),
(525, '2018011900001', 55, 1, '2', '199'),
(526, '2018011900001', 38, 1, '1', '500'),
(527, '2018011900002', 70, 1, '2', '1600'),
(528, '2018012200001', 37, 1, '1', '850'),
(529, '2018012200001', 47, 1, '1', '1200'),
(530, '2018012200002', 48, 1, '1', '600'),
(531, '2018012400001', 70, 1, '1', '1600'),
(532, '2018012700001', 70, 2, '3', '1600'),
(533, '2018013000001', 71, 1, '2', '1500'),
(534, '2018013000002', 55, 1, '1', '199'),
(535, '2018013100001', 66, 1, '1', '900'),
(536, '2018013100001', 34, 1, '1', '550'),
(537, '2018013100001', 33, 1, '1', '1320'),
(538, '2018013100001', 42, 1, '1', '1800'),
(539, '2018013100002', 43, 1, '1', '1985'),
(540, '2018020100001', 64, 1, '1', '650'),
(541, '2018020100002', 25, 1, '1', '1400'),
(542, '2018020100003', 29, 1, '1', '1800'),
(543, '2018020100003', 42, 1, '1', '1800'),
(544, '2018020100003', 70, 1, '1', '1600'),
(545, '2018020100003', 44, 1, '1', '1300'),
(546, '2018020300001', 55, 1, '3', '199'),
(547, '2018020300002', 61, 1, '1', '1300'),
(548, '2018020600001', 65, 1, '1', '1000'),
(549, '2018020700001', 28, 1, '1', '1600'),
(550, '2018021000001', 48, 1, '1', '600'),
(551, '2018021000002', 46, 1, '1', '750'),
(552, '2018021100001', 30, 1, '1', '1400'),
(553, '2018021100001', 44, 1, '1', '1300'),
(554, '2018021100002', 56, 1, '1', '199'),
(555, '2018021100003', 55, 1, '1', '199'),
(556, '2018021100004', 47, 1, '1', '1200'),
(557, '2018021100004', 30, 1, '1', '1400'),
(558, '2018021100004', 40, 1, '1', '199'),
(559, '2018021300001', 24, 1, '1', '1900'),
(560, '2018021300002', 70, 1, '3', '1600'),
(561, '2018021300002', 70, 2, '1', '1600'),
(562, '2018021400001', 42, 1, '1', '1800'),
(563, '2018021600001', 66, 1, '1', '900'),
(564, '2018021800001', 47, 1, '1', '1200'),
(565, '2018021800002', 42, 1, '1', '1800'),
(566, '2018021800002', 70, 1, '1', '1600'),
(567, '2018022400001', 30, 1, '1', '1400'),
(568, '2018022600001', 61, 1, '1', '1300'),
(569, '2018022600002', 55, 1, '1', '199'),
(570, '2018022600002', 27, 1, '1', '1500'),
(571, '2018022800001', 25, 1, '1', '1400'),
(572, '2018022800002', 24, 1, '1', '1900'),
(573, '2018030100001', 70, 1, '3', '1600'),
(574, '2018030100001', 55, 1, '3', '199'),
(575, '2018030100002', 39, 1, '1', '450'),
(576, '2018030200001', 42, 1, '1', '1800'),
(577, '2018030200002', 34, 1, '1', '550'),
(578, '2018030200002', 48, 1, '1', '600'),
(579, '2018030500001', 71, 1, '1', '1500'),
(580, '2018030700001', 66, 1, '1', '900'),
(581, '2018030900001', 40, 1, '1', '199'),
(582, '2018030900001', 42, 1, '1', '1800'),
(583, '2018030900001', 36, 1, '1', '1200'),
(584, '2018030900002', 33, 1, '1', '1320'),
(585, '2018031000001', 65, 1, '1', '1000'),
(586, '2018031000001', 39, 1, '1', '450'),
(587, '2018031000001', 42, 1, '1', '1800'),
(588, '2018031100001', 43, 1, '1', '1985'),
(589, '2018031500001', 48, 1, '1', '600'),
(590, '2018031500001', 55, 1, '4', '199'),
(591, '2018031500002', 56, 1, '1', '199'),
(592, '2018031500003', 44, 1, '1', '1300'),
(593, '2018031700001', 35, 1, '1', '450'),
(594, '2018031700001', 37, 1, '1', '850'),
(595, '2018031700002', 70, 1, '1', '1600'),
(596, '2018032000001', 71, 2, '4', '1500'),
(597, '2018032400001', 65, 1, '1', '1000'),
(598, '2018033000001', 43, 1, '1', '1985'),
(599, '2018033100001', 66, 1, '1', '900'),
(600, '2018033100001', 30, 1, '1', '1400'),
(601, '2018033100002', 55, 1, '1', '199'),
(602, '2018021700084', 42, 1, '1', '1800'),
(603, '2018021700085', 57, 1, '1', '1200'),
(604, '2018021700086', 25, 1, '1', '1400'),
(605, '2018021700087', 42, 1, '1', '1800'),
(606, '2018021700087', 55, 1, '1', '199'),
(607, '2018021700088', 43, 1, '1', '1985'),
(608, '2018021700089', 70, 1, '1', '1600'),
(609, '2018021700090', 70, 1, '1', '1600'),
(610, '2018021700090', 42, 1, '1', '1800'),
(611, '2018021700091', 30, 1, '1', '1400'),
(612, '2018021700092', 29, 1, '1', '1800'),
(613, '2018021700092', 55, 1, '1', '199'),
(614, '2018021700093', 55, 1, '1', '199'),
(615, '2018021700093', 46, 1, '1', '750'),
(616, '2018021700094', 35, 1, '1', '450'),
(617, '2018021700095', 29, 1, '1', '1800'),
(618, '2018021700095', 70, 1, '1', '1600'),
(619, '2018021700095', 42, 1, '1', '1800'),
(620, '2018021700096', 70, 1, '1', '1600'),
(621, '2018021700096', 44, 1, '1', '1300'),
(622, '2018021700097', 66, 1, '1', '900'),
(623, '2018021700098', 57, 1, '1', '1200'),
(624, '2018021700099', 29, 1, '1', '1800'),
(625, '2018021700100', 24, 1, '1', '1900'),
(626, '2018021700101', 43, 1, '1', '1985'),
(627, '2018021700101', 55, 1, '1', '199'),
(628, '2018021700102', 55, 1, '1', '199'),
(629, '2018021700103', 70, 1, '1', '1600'),
(630, '2018021700104', 56, 1, '1', '199'),
(631, '2018021700105', 29, 1, '1', '1800'),
(632, '2018021700106', 40, 1, '2', '199'),
(633, '2018021700107', 35, 1, '1', '450'),
(634, '2018021700108', 28, 1, '1', '1600'),
(635, '2018021700109', 48, 1, '1', '600'),
(636, '2018021700110', 45, 1, '1', '150'),
(637, '2018021700111', 42, 1, '1', '1800'),
(638, '2018021700111', 70, 1, '1', '1600'),
(639, '2018021700113', 42, 1, '1', '1800'),
(640, '2018021700113', 70, 1, '1', '1600'),
(641, '2018021700114', 39, 1, '1', '450'),
(642, '2018021700115', 27, 1, '1', '1500'),
(643, '2018021700116', 30, 1, '1', '1400'),
(644, '2018021700116', 66, 1, '1', '900'),
(645, '2018021700116', 34, 1, '1', '550'),
(646, '2018021700117', 42, 1, '1', '1800'),
(647, '2018021700117', 70, 1, '1', '1600'),
(648, '2018021700118', 40, 1, '1', '199'),
(649, '2018021700119', 55, 1, '1', '199'),
(650, '2018021700120', 55, 1, '1', '199'),
(651, '2018021700120', 66, 1, '1', '900'),
(652, '2018021700121', 42, 1, '1', '1800'),
(653, '2018021700122', 70, 1, '1', '1600'),
(654, '2018021700122', 71, 1, '3', '1500'),
(655, '2018021700123', 54, 1, '1', '199'),
(656, '2018021700124', 37, 1, '1', '850'),
(657, '2018021700125', 59, 1, '1', '1985'),
(658, '2018021700126', 60, 1, '1', '1400'),
(659, '2018021700127', 34, 1, '1', '550'),
(660, '2018021700127', 48, 1, '1', '600'),
(661, '2018021700128', 49, 1, '1', '750'),
(662, '2018021700129', 49, 1, '1', '750'),
(663, '2018021700129', 27, 1, '1', '1500'),
(664, '2018021700130', 25, 1, '1', '1400'),
(665, '2018021700131', 39, 1, '1', '450'),
(666, '2018021700131', 55, 1, '1', '199'),
(667, '2018021700132', 70, 1, '1', '1600'),
(668, '2018021700132', 30, 1, '1', '1400'),
(669, '2018021700132', 40, 1, '1', '199'),
(670, '2018021700133', 29, 1, '1', '1800'),
(671, '2018021700134', 45, 1, '1', '150'),
(672, '2018021700134', 40, 1, '1', '199'),
(673, '2018021700135', 42, 1, '1', '1800'),
(674, '2018021700135', 25, 1, '1', '1400'),
(675, '2018021700136', 42, 1, '1', '1800'),
(676, '2018021700136', 70, 1, '1', '1600'),
(677, '2018021700137', 39, 1, '1', '450'),
(678, '2018021700138', 66, 1, '1', '900'),
(679, '2018021700138', 55, 1, '1', '199'),
(680, '2018021700139', 71, 1, '1', '1500'),
(681, '2018021700140', 61, 1, '1', '1300'),
(682, '2018021700141', 29, 1, '1', '1800'),
(683, '2018021700142', 28, 1, '1', '1600'),
(684, '2018021700143', 28, 1, '1', '1600'),
(685, '2018021700144', 71, 2, '5', '1500'),
(686, '2018021700144', 71, 1, '1', '1500'),
(687, '2018021700145', 24, 1, '3', '1900'),
(688, '2018022100001', 24, 1, '1', '1900'),
(689, '2018031200001', 70, 1, '2', '1600');

-- --------------------------------------------------------

--
-- Table structure for table `order_product`
--

CREATE TABLE `order_product` (
  `id_order` varchar(15) NOT NULL,
  `id_user` int(11) NOT NULL,
  `Date_order` date NOT NULL,
  `Tax` varchar(5) NOT NULL,
  `Name` varchar(100) NOT NULL,
  `LastName` varchar(100) NOT NULL,
  `Tel` varchar(30) NOT NULL,
  `Address` varchar(255) NOT NULL,
  `Zip` varchar(10) NOT NULL,
  `Send_email_order` varchar(100) NOT NULL,
  `Totalprice` int(11) NOT NULL
) ENGINE=InnoDB DEFAULT CHARSET=utf8;

--
-- Dumping data for table `order_product`
--

INSERT INTO `order_product` (`id_order`, `id_user`, `Date_order`, `Tax`, `Name`, `LastName`, `Tel`, `Address`, `Zip`, `Send_email_order`, `Totalprice`) VALUES
('2017080100001', 13, '2017-08-01', '7%', 'จุตินันท์', 'สุวรรณศรี', '0836060571', 'ห้อง 24C อาคารวิคตอเรีย Tower 5 224/255 เมืองทองเลควิวคอนโดมิเนียม อำเภอนนทบุรี จังหวัดปากเกร็ด ประเทศประเทศไทย ', '11120', 'stamp_885@hotmail.com', 4720),
('2017080200001', 15, '2017-08-02', '7%', 'สุริยัน', 'ภู่พลอย', '0874300753', 'ห้อง 24c 224/255 อาคารวิคตอเรีย ทาวเวอร์ 5 อำเภอนนทบุรี จังหวัดปากเกร็ด ประเทศไทย ', '76120', 'bike-008@hotmail.com', 3550),
('2017080200002', 15, '2017-08-02', '7%', 'สุริยัน', 'ภู่พลอย', '0874300753', 'ห้อง 24c 224/255 อาคารวิคตอเรีย ทาวเวอร์ 5 อำเภอนนทบุรี จังหวัดปากเกร็ด ประเทศไทย ', '76120', 'bike-008@hotmail.com', 2300),
('2017080300001', 16, '2017-08-03', '7%', 'ฉัตริน', 'นาคถาวร', '0834343987', '224/255 อาคารวิคตอเรีย ทาวเวอร์ 5 อำเภอนนทบุรี จังหวัดปากเกร็ด ประเทศไทย ', '76120', 'khemkung_2538@hotmail.com', 4049),
('2017080300002', 17, '2017-08-03', '7%', 'ธเนศ', 'กล่อมจาด', '0866533142', '224/255 อาคารวิคตอเรีย ทาวเวอร์ 5 อำเภอนนทบุรี จังหวัดปากเกร็ด ประเทศไทย ', '76120', 'klomjad.t@hotmail.com', 199),
('2017080400001', 17, '2017-08-04', '7%', 'ธเนศ', 'กล่อมจาด', '0866533142', '224/255 อาคารวิคตอเรีย ทาวเวอร์ 5 อำเภอนนทบุรี จังหวัดปากเกร็ด ประเทศไทย ', '76120', 'klomjad.t@hotmail.com', 2099),
('2017080400002', 18, '2017-08-04', '7%', 'พีระพงศ์', 'อัศวเธียรธำรง', '0957652154', '226 ม.4 ต.แพรกษา อำเภอสมุทรปราการ จังหวัดเมือง ประเทศไทย ', '10280', 'peerapong_pera@gmail.com', 1900),
('2017080500001', 18, '2017-08-05', '7%', 'พีระพงศ์', 'อัศวเธียรธำรง', '0957652154', '226 ม.4 ต.แพรกษา อำเภอสมุทรปราการ จังหวัดเมือง ประเทศไทย ', '10280', 'peerapong_pera@gmail.com', 1350),
('2017080600001', 18, '2017-08-06', '7%', 'พีระพงศ์', 'อัศวเธียรธำรง', '0957652154', '226 ม.4 ต.แพรกษา อำเภอสมุทรปราการ จังหวัดเมือง ประเทศไทย ', '10280', 'peerapong_pera@gmail.com', 1800),
('2017080900001', 19, '2017-08-09', '7%', 'ณัฏฐ์', 'เวชกรณ์', '0645219932', '503 ม. 22 ชอยนวลหงษ์5 ถนนมะลิวัลย์ ต. บ้านเป็ด อำเภอขอนแก่น จังหวัดเมือง ประเทศไทย ', '40000', 'nuttiw_nut@hotmail.com', 1800),
('2017080900002', 19, '2017-08-09', '7%', 'ณัฏฐ์', 'เวชกรณ์', '0645219932', '503 ม. 22 ชอยนวลหงษ์5 ถนนมะลิวัลย์ ต. บ้านเป็ด อำเภอขอนแก่น จังหวัดเมือง ประเทศไทย ', '40000', 'nuttiw_nut@hotmail.com', 850),
('2017081000001', 19, '2017-08-10', '7%', 'ณัฏฐ์', 'เวชกรณ์', '0645219932', '503 ม. 22 ชอยนวลหงษ์5 ถนนมะลิวัลย์ ต. บ้านเป็ด อำเภอขอนแก่น จังหวัดเมือง ประเทศไทย ', '40000', 'nuttiw_nut@hotmail.com', 4685),
('2017081100001', 19, '2017-08-11', '7%', 'ณัฏฐ์', 'เวชกรณ์', '0645219932', '503 ม. 22 ชอยนวลหงษ์5 ถนนมะลิวัลย์ ต. บ้านเป็ด อำเภอขอนแก่น จังหวัดเมือง ประเทศไทย ', '40000', 'nuttiw_nut@hotmail.com', 6850),
('2017081200001', 19, '2017-08-12', '7%', 'ณัฏฐ์', 'เวชกรณ์', '0645219932', '503 ม. 22 ชอยนวลหงษ์5 ถนนมะลิวัลย์ ต. บ้านเป็ด อำเภอขอนแก่น จังหวัดเมือง ประเทศไทย ', '40000', 'nuttiw_nut@hotmail.com', 6000),
('2017081200002', 19, '2017-08-12', '7%', 'ณัฏฐ์', 'เวชกรณ์', '0645219932', '503 ม. 22 ชอยนวลหงษ์5 ถนนมะลิวัลย์ ต. บ้านเป็ด อำเภอขอนแก่น จังหวัดเมือง ประเทศไทย ', '40000', 'nuttiw_nut@hotmail.com', 1499),
('2017081300001', 19, '2017-08-13', '7%', 'ณัฏฐ์', 'เวชกรณ์', '0645219932', '503 ม. 22 ชอยนวลหงษ์5 ถนนมะลิวัลย์ ต. บ้านเป็ด อำเภอขอนแก่น จังหวัดเมือง ประเทศไทย ', '40000', 'nuttiw_nut@hotmail.com', 796),
('2017081300002', 19, '2017-08-13', '7%', 'ณัฏฐ์', 'เวชกรณ์', '0645219932', '503 ม. 22 ชอยนวลหงษ์5 ถนนมะลิวัลย์ ต. บ้านเป็ด อำเภอขอนแก่น จังหวัดเมือง ประเทศไทย ', '40000', 'nuttiw_nut@hotmail.com', 2600),
('2017081300003', 20, '2017-08-13', '7%', 'เพ็ญพร', 'ศรีวารีรัตน์', '0836050531', 'หมู่บ้าน..บ้านสร้างแกร์นวิลเลจ 39/131 ซ.4หมู่7ต.บ้านสร้าง  อำเภออยุธยา จังหวัดบางประอิน ประเทศไทย ', '13170', 'kob_love_bo@hotmail.com', 1900),
('2017081400001', 20, '2017-08-14', '7%', 'เพ็ญพร', 'ศรีวารีรัตน์', '0836050531', 'หมู่บ้าน..บ้านสร้างแกร์นวิลเลจ 39/131 ซ.4หมู่7ต.บ้านสร้าง  อำเภออยุธยา จังหวัดบางประอิน ประเทศไทย ', '13170', 'kob_love_bo@hotmail.com', 12394),
('2017081500001', 20, '2017-08-15', '7%', 'เพ็ญพร', 'ศรีวารีรัตน์', '0836050531', '', '13170', 'kob_love_bo@hotmail.com', 3600),
('2017081600001', 20, '2017-08-16', '7%', 'เพ็ญพร', 'ศรีวารีรัตน์', '0836050531', 'หมู่บ้าน..บ้านสร้างแกร์นวิลเลจ 39/131 ซ.4หมู่7ต.บ้านสร้าง  อำเภออยุธยา จังหวัดบางประอิน ประเทศไทย ', '13170', 'kob_love_bo@hotmail.com', 199),
('2017081800001', 21, '2017-08-18', '7%', 'วรเวียร์', 'อภิวณิชย์กุล', '0852548759', '103 ม. 2 ต. บ้านสวน อำเภอชลบุรี จังหวัดเมือง ประเทศไทย ', '20000', 'worra_crazy@hotmail.com', 1400),
('2017081800002', 22, '2017-08-18', '7%', 'นพรัตน์', 'บุโคตร', '0815255563', '115 ม.2 ต.แพรกษาใหม่ อำเภอสมุทรปราการ จังหวัดเมือง ประเทศไทย ', '10280', 'littleoiw@gmail.com', 1799),
('2017081900001', 22, '2017-08-19', '7%', 'นพรัตน์', 'บุโคตร', '0815255563', '115 ม.2 ต.แพรกษาใหม่ อำเภอสมุทรปราการ จังหวัดเมือง ประเทศไทย ', '10280', 'littleoiw@gmail.com', 1400),
('2017082000001', 22, '2017-08-20', '7%', 'นพรัตน์', 'บุโคตร', '0815255563', '115 ม.2 ต.แพรกษาใหม่ อำเภอสมุทรปราการ จังหวัดเมือง ประเทศไทย ', '10280', 'littleoiw@gmail.com', 2050),
('2017082600001', 22, '2017-08-26', '7%', 'นพรัตน์', 'บุโคตร', '0815255563', '115 ม.2 ต.แพรกษาใหม่ อำเภอสมุทรปราการ จังหวัดเมือง ประเทศไทย ', '10280', 'littleoiw@gmail.com', 1300),
('2017082700001', 22, '2017-08-27', '7%', 'นพรัตน์', 'บุโคตร', '0815255563', '115 ม.2 ต.แพรกษาใหม่ อำเภอสมุทรปราการ จังหวัดเมือง ประเทศไทย ', '10280', 'littleoiw@gmail.com', 2500),
('2017082800001', 22, '2017-08-28', '7%', 'นพรัตน์', 'บุโคตร', '0815255563', '115 ม.2 ต.แพรกษาใหม่ อำเภอสมุทรปราการ จังหวัดเมือง ประเทศไทย ', '10280', 'littleoiw@gmail.com', 900),
('2017082800002', 22, '2017-08-28', '7%', 'นพรัตน์', 'บุโคตร', '0815255563', '115 ม.2 ต.แพรกษาใหม่ อำเภอสมุทรปราการ จังหวัดเมือง ประเทศไทย ', '10280', 'littleoiw@gmail.com', 1799),
('2017082900001', 22, '2017-08-29', '7%', 'นพรัตน์', 'บุโคตร', '0815255563', '115 ม.2 ต.แพรกษาใหม่ อำเภอสมุทรปราการ จังหวัดเมือง ประเทศไทย ', '10280', 'littleoiw@gmail.com', 1900),
('2017082900002', 22, '2017-08-29', '7%', 'นพรัตน์', 'บุโคตร', '0815255563', '115 ม.2 ต.แพรกษาใหม่ อำเภอสมุทรปราการ จังหวัดเมือง ประเทศไทย ', '10280', 'littleoiw@gmail.com', 349),
('2017083000001', 22, '2017-08-30', '7%', 'นพรัตน์', 'บุโคตร', '0815255563', '115 ม.2 ต.แพรกษาใหม่ อำเภอสมุทรปราการ จังหวัดเมือง ประเทศไทย ', '10280', 'littleoiw@gmail.com', 7199),
('2017083000002', 23, '2017-08-30', '7%', 'คม', 'ไชยระ', '0877775213', '111หมู่13 ถนนกิ่งแก้ว ต.ราชาเทวะ อำเภอสมุทรปราการ จังหวัดบางพลี ประเทศไทย ', '10540', 'chaiyana_love_s@hotmail.com', 3135),
('2017083100001', 23, '2017-08-31', '7%', 'คม', 'ไชยระ', '0877775213', '111หมู่13 ถนนกิ่งแก้ว ต.ราชาเทวะ อำเภอสมุทรปราการ จังหวัดบางพลี ประเทศไทย ', '10540', 'chaiyana_love_s@hotmail.com', 4800),
('2017083100002', 23, '2017-08-31', '7%', 'คม', 'ไชยระ', '0877775213', '111หมู่13 ถนนกิ่งแก้ว ต.ราชาเทวะ อำเภอสมุทรปราการ จังหวัดบางพลี ประเทศไทย ', '10540', 'chaiyana_love_s@hotmail.com', 850),
('2017090100001', 23, '2017-09-01', '7%', 'คม', 'ไชยระ', '0877775213', '111หมู่13 ถนนกิ่งแก้ว ต.ราชาเทวะ อำเภอสมุทรปราการ จังหวัดบางพลี ประเทศไทย ', '10540', 'chaiyana_love_s@hotmail.com', 1800),
('2017090100002', 23, '2017-09-01', '7%', 'คม', 'ไชยระ', '0877775213', '111หมู่13 ถนนกิ่งแก้ว ต.ราชาเทวะ อำเภอสมุทรปราการ จังหวัดบางพลี ประเทศไทย ', '10540', 'chaiyana_love_s@hotmail.com', 1800),
('2017090100003', 24, '2017-09-01', '7%', 'ธนเดช', 'ภัควรารัตน์', '0986566798', '998/1425 ม.วิเศษสุขนคร ซ.ประชาอุทิศ79 อำเภอกรุงเทพมหานคร จังหวัดทุ่งครุ ประเทศไทย ', '10140', 'tanadej_pakwararat@gmail.com', 2448),
('2017090200001', 24, '2017-09-02', '7%', 'ธนเดช', 'ภัควรารัตน์', '0986566798', '998/1425 ม.วิเศษสุขนคร ซ.ประชาอุทิศ79 อำเภอกรุงเทพมหานคร จังหวัดทุ่งครุ ประเทศไทย ', '10140', 'tanadej_pakwararat@gmail.com', 1400),
('2017090200002', 24, '2017-09-02', '7%', 'ธนเดช', 'ภัควรารัตน์', '0986566798', '998/1425 ม.วิเศษสุขนคร ซ.ประชาอุทิศ79 อำเภอกรุงเทพมหานคร จังหวัดทุ่งครุ ประเทศไทย ', '10140', 'tanadej_pakwararat@gmail.com', 500),
('2017090200003', 24, '2017-09-02', '7%', 'ธนเดช', 'ภัควรารัตน์', '0986566798', '998/1425 ม.วิเศษสุขนคร ซ.ประชาอุทิศ79 อำเภอกรุงเทพมหานคร จังหวัดทุ่งครุ ประเทศไทย ', '10140', 'tanadej_pakwararat@gmail.com', 450),
('2017090300001', 24, '2017-09-03', '7%', 'ธนเดช', 'ภัควรารัตน์', '0986566798', '998/1425 ม.วิเศษสุขนคร ซ.ประชาอุทิศ79 อำเภอกรุงเทพมหานคร จังหวัดทุ่งครุ ประเทศไทย ', '10140', 'tanadej_pakwararat@gmail.com', 4485),
('2017090300002', 25, '2017-09-03', '7%', 'สาริสา', 'แก้วเทศ', '0814819826', '29 ถ.พิทักษ์สันติ ต.บางปรอก อำเภอปธุมธานี จังหวัดเมือง ประเทศไทย ', '12000', 'o-sarisa@hotmail.com', 597),
('2017090400001', 26, '2017-09-04', '7%', 'ประวุฒิ', 'จันทร์ไทย', '0855552145', '2/2ม.4ต.คลองไผ่ อำเภอนครราชสีมา จังหวัดสีคิ้ว ประเทศไทย ', '30340', 'pawut_pawut@hotmail.com', 1400),
('2017090800001', 26, '2017-09-08', '7%', 'ประวุฒิ', 'จันทร์ไทย', '0855552145', '', '30340', 'pawut_pawut@hotmail.com', 1320),
('2017091000001', 28, '2017-09-10', '7%', 'วรากรณ์', 'คลังสมบูรณ์สิน', '0855233698', '88/218 ต.หนองกรด อำเภอนครสวรรค์ จังหวัดเมือง ประเทศไทย ', '60240', 'vitkara@gmail.com', 1985),
('2017091000002', 29, '2017-09-10', '7%', 'ฤทธิชัย', 'เลิศบัวบาน', '0687533215', '4หมู่1 ต.วัดแค อำเภอนครปฐม จังหวัดนครชัยศรี ประเทศไทย ', '73120', 'eark_betta@gmail.com', 3599),
('2017091100001', 29, '2017-09-11', '7%', 'ฤทธิชัย', 'เลิศบัวบาน', '0687533215', '4หมู่1 ต.วัดแค อำเภอนครปฐม จังหวัดนครชัยศรี ประเทศไทย ', '73120', 'eark_betta@gmail.com', 3600),
('2017091300001', 30, '2017-09-13', '7%', 'พรชัย', 'หาญธงชัย', '0873256656', '94/28หมู่5 ต.หนองปรือ อำเภอชลบุรี จังหวัดบางละมุง ประเทศไทย ', '20150', 'ting_han@gmail.com', 1800),
('2017091300002', 30, '2017-09-13', '7%', 'พรชัย', 'หาญธงชัย', '0873256656', '94/28หมู่5 ต.หนองปรือ อำเภอชลบุรี จังหวัดบางละมุง ประเทศไทย ', '20150', 'ting_han@gmail.com', 4900),
('2017091400001', 30, '2017-09-14', '7%', 'พรชัย', 'หาญธงชัย', '0873256656', '94/28หมู่5 ต.หนองปรือ อำเภอชลบุรี จังหวัดบางละมุง ประเทศไทย ', '20150', 'ting_han@gmail.com', 1600),
('2017091400002', 31, '2017-09-14', '7%', 'กำชัย', 'ตละมาส', '0867311373', '222/1 หมู่5 ต.หนองกรด อำเภอนครสวรรค์ จังหวัดเมือง ประเทศไทย ', '60240', 'kumsus@gmail.com', 9000),
('2017091600001', 31, '2017-09-16', '7%', 'กำชัย', 'ตละมาส', '0867311373', '222/1 หมู่5 ต.หนองกรด อำเภอนครสวรรค์ จังหวัดเมือง ประเทศไทย ', '60240', 'kumsus@gmail.com', 995),
('2017091700001', 32, '2017-09-17', '7%', 'โอทากะ', 'อนันตะชิน', '0856322252', '154/160 หมู่บ้านกันยารัตน์ ต.ในเมือง อำเภอขอนแก่น จังหวัดเมือง ประเทศไทย ', '40000', 'otaki_zawa@hotmail.com', 1799),
('2017091800001', 32, '2017-09-18', '7%', 'โอทากะ', 'อนันตะชิน', '0856322252', '154/160 หมู่บ้านกันยารัตน์ ต.ในเมือง อำเภอขอนแก่น จังหวัดเมือง ประเทศไทย ', '40000', 'otaki_zawa@hotmail.com', 8399),
('2017091800002', 32, '2017-09-18', '7%', 'โอทากะ', 'อนันตะชิน', '0856322252', '154/160 หมู่บ้านกันยารัตน์ ต.ในเมือง อำเภอขอนแก่น จังหวัดเมือง ประเทศไทย ', '40000', 'otaki_zawa@hotmail.com', 1800),
('2017091900001', 33, '2017-09-19', '7%', 'ไสว', 'สมหวัง', '0977373987', '67/159 เคหะบ้านโพธิ์ หมู่ 2 ซอย 11 ต.สนามจันทร์ อำเภอฉะเชิงเทรา จังหวัดบ้านโพธิ์ ประเทศไทย ', '24140', 'wai_wai_song@outlook.com', 13199),
('2017092200001', 34, '2017-09-22', '7%', 'อัญชิษฐา', 'คงประยูร', '0965322658', '14/5 ม.2 ต.สะเดียง อำเภอเพชรบูรณ์ จังหวัดเมือง ประเทศไทย ', '67000', 'kwanfeelgood@outlook.com', 4793),
('2017092300001', 34, '2017-09-23', '7%', 'อัญชิษฐา', 'คงประยูร', '0965322658', '14/5 ม.2 ต.สะเดียง อำเภอเพชรบูรณ์ จังหวัดเมือง ประเทศไทย ', '67000', 'kwanfeelgood@outlook.com', 199),
('2017092700001', 34, '2017-09-27', '7%', 'อัญชิษฐา', 'คงประยูร', '0965322658', '14/5 ม.2 ต.สะเดียง อำเภอเพชรบูรณ์ จังหวัดเมือง ประเทศไทย ', '67000', 'kwanfeelgood@outlook.com', 1600),
('2017092800001', 34, '2017-09-28', '7%', 'อัญชิษฐา', 'คงประยูร', '0965322658', '14/5 ม.2 ต.สะเดียง อำเภอเพชรบูรณ์ จังหวัดเมือง ประเทศไทย ', '67000', 'kwanfeelgood@outlook.com', 2900),
('2017092900001', 34, '2017-09-29', '7%', 'อัญชิษฐา', 'คงประยูร', '0965322658', '14/5 ม.2 ต.สะเดียง อำเภอเพชรบูรณ์ จังหวัดเมือง ประเทศไทย ', '67000', 'kwanfeelgood@outlook.com', 199),
('2017092900002', 34, '2017-09-29', '7%', 'อัญชิษฐา', 'คงประยูร', '0965322658', '14/5 ม.2 ต.สะเดียง อำเภอเพชรบูรณ์ จังหวัดเมือง ประเทศไทย ', '67000', 'kwanfeelgood@outlook.com', 199),
('2017093000001', 34, '2017-09-30', '7%', 'อัญชิษฐา', 'คงประยูร', '0965322658', '14/5 ม.2 ต.สะเดียง อำเภอเพชรบูรณ์ จังหวัดเมือง ประเทศไทย ', '67000', 'kwanfeelgood@outlook.com', 6900),
('2017093000002', 35, '2017-09-30', '7%', 'โสภณ', 'ช่อฟ้าบัณฑิต', '0877356154', '48/761 มบ.เค ซี การ์เด้นท์ โฮม 15 ถ.นิมิตรใหม่ 40 แขวง คลองสามวาตะวันออก อำเภอกรุงเทพมหานคร จังหวัดคลองสามวา ประเทศไทย ', '10510', 'sopon.chorfabundit@yahoo.com', 1600),
('2017100100001', 35, '2017-10-01', '7%', 'โสภณ', 'ช่อฟ้าบัณฑิต', '0877356154', '48/761 มบ.เค ซี การ์เด้นท์ โฮม 15 ถ.นิมิตรใหม่ 40 แขวง คลองสามวาตะวันออก อำเภอกรุงเทพมหานคร จังหวัดคลองสามวา ประเทศไทย ', '10510', 'sopon.chorfabundit@yahoo.com', 2198),
('2017100100002', 35, '2017-10-01', '7%', 'โสภณ', 'ช่อฟ้าบัณฑิต', '0877356154', '48/761 มบ.เค ซี การ์เด้นท์ โฮม 15 ถ.นิมิตรใหม่ 40 แขวง คลองสามวาตะวันออก อำเภอกรุงเทพมหานคร จังหวัดคลองสามวา ประเทศไทย ', '10510', 'sopon.chorfabundit@yahoo.com', 1400),
('2017100200001', 35, '2017-10-02', '7%', 'โสภณ', 'ช่อฟ้าบัณฑิต', '0877356154', '48/761 มบ.เค ซี การ์เด้นท์ โฮม 15 ถ.นิมิตรใหม่ 40 แขวง คลองสามวาตะวันออก อำเภอกรุงเทพมหานคร จังหวัดคลองสามวา ประเทศไทย ', '10510', 'sopon.chorfabundit@yahoo.com', 1800),
('2017100200002', 35, '2017-10-02', '7%', 'โสภณ', 'ช่อฟ้าบัณฑิต', '0877356154', '48/761 มบ.เค ซี การ์เด้นท์ โฮม 15 ถ.นิมิตรใหม่ 40 แขวง คลองสามวาตะวันออก อำเภอกรุงเทพมหานคร จังหวัดคลองสามวา ประเทศไทย ', '10510', 'sopon.chorfabundit@yahoo.com', 2599),
('2017100500001', 35, '2017-10-05', '7%', 'โสภณ', 'ช่อฟ้าบัณฑิต', '0877356154', '', '10510', 'sopon.chorfabundit@yahoo.com', 750),
('2017100700001', 35, '2017-10-07', '7%', 'โสภณ', 'ช่อฟ้าบัณฑิต', '0877356154', '48/761 มบ.เค ซี การ์เด้นท์ โฮม 15 ถ.นิมิตรใหม่ 40 แขวง คลองสามวาตะวันออก อำเภอกรุงเทพมหานคร จังหวัดคลองสามวา ประเทศไทย ', '10510', 'sopon.chorfabundit@yahoo.com', 3300),
('2017100900001', 35, '2017-10-09', '7%', 'โสภณ', 'ช่อฟ้าบัณฑิต', '0877356154', '48/761 มบ.เค ซี การ์เด้นท์ โฮม 15 ถ.นิมิตรใหม่ 40 แขวง คลองสามวาตะวันออก อำเภอกรุงเทพมหานคร จังหวัดคลองสามวา ประเทศไทย ', '10510', 'sopon.chorfabundit@yahoo.com', 1985),
('2017100900002', 35, '2017-10-09', '7%', 'โสภณ', 'ช่อฟ้าบัณฑิต', '0877356154', '48/761 มบ.เค ซี การ์เด้นท์ โฮม 15 ถ.นิมิตรใหม่ 40 แขวง คลองสามวาตะวันออก อำเภอกรุงเทพมหานคร จังหวัดคลองสามวา ประเทศไทย ', '10510', 'sopon.chorfabundit@yahoo.com', 24600),
('2017101000001', 35, '2017-10-10', '7%', 'โสภณ', 'ช่อฟ้าบัณฑิต', '0877356154', '48/761 มบ.เค ซี การ์เด้นท์ โฮม 15 ถ.นิมิตรใหม่ 40 แขวง คลองสามวาตะวันออก อำเภอกรุงเทพมหานคร จังหวัดคลองสามวา ประเทศไทย ', '10510', 'sopon.chorfabundit@yahoo.com', 450),
('2017101100001', 35, '2017-10-11', '7%', 'โสภณ', 'ช่อฟ้าบัณฑิต', '0877356154', '48/761 มบ.เค ซี การ์เด้นท์ โฮม 15 ถ.นิมิตรใหม่ 40 แขวง คลองสามวาตะวันออก อำเภอกรุงเทพมหานคร จังหวัดคลองสามวา ประเทศไทย ', '10510', 'sopon.chorfabundit@yahoo.com', 900),
('2017101500001', 35, '2017-10-15', '7%', 'โสภณ', 'ช่อฟ้าบัณฑิต', '0877356154', '48/761 มบ.เค ซี การ์เด้นท์ โฮม 15 ถ.นิมิตรใหม่ 40 แขวง คลองสามวาตะวันออก อำเภอกรุงเทพมหานคร จังหวัดคลองสามวา ประเทศไทย ', '10510', 'sopon.chorfabundit@yahoo.com', 5195),
('2017101500002', 36, '2017-10-15', '7%', 'ณัฏฐพล', 'สุเพ็งคำ', '0985622858', '200/2 ม.8 ต.ทุ่งสุขลา อำเภอชลบุรี จังหวัดศรีราชา ประเทศไทย ', '20230', 'ิboombay@hotmail.com', 3699),
('2017101500003', 36, '2017-10-15', '7%', 'ณัฏฐพล', 'สุเพ็งคำ', '0985622858', '200/2 ม.8 ต.ทุ่งสุขลา อำเภอชลบุรี จังหวัดศรีราชา ประเทศไทย ', '20230', 'ิboombay@hotmail.com', 150),
('2017101700001', 36, '2017-10-17', '7%', 'ณัฏฐพล', 'สุเพ็งคำ', '0985622858', '200/2 ม.8 ต.ทุ่งสุขลา อำเภอชลบุรี จังหวัดศรีราชา ประเทศไทย ', '20230', 'boombay@hotmail.com', 2050),
('2017101700002', 36, '2017-10-17', '7%', 'ณัฏฐพล', 'สุเพ็งคำ', '0985622858', '200/2 ม.8 ต.ทุ่งสุขลา อำเภอชลบุรี จังหวัดศรีราชา ประเทศไทย ', '20230', 'boombay@hotmail.com', 199),
('2017102000001', 36, '2017-10-20', '7%', 'ณัฏฐพล', 'สุเพ็งคำ', '0985622858', '200/2 ม.8 ต.ทุ่งสุขลา อำเภอชลบุรี จังหวัดศรีราชา ประเทศไทย ', '20230', 'boombay@hotmail.com', 5385),
('2017102400001', 37, '2017-10-24', '7%', 'อัญชลี', 'ภานานันท์', '0866200100', '428 ถ.ราชดำเนิน อำเภอกำแพงเพชร จังหวัดเมือง ประเทศไทย ', '62000', 'anchari@gmail.com', 1900),
('2017103000001', 37, '2017-10-30', '7%', 'อัญชลี', 'ภานานันท์', '0866200100', '428 ถ.ราชดำเนิน อำเภอกำแพงเพชร จังหวัดเมือง ประเทศไทย ', '62000', 'anchari@gmail.com', 5547),
('2017103100001', 37, '2017-10-31', '7%', 'อัญชลี', 'ภานานันท์', '0866200100', '428 ถ.ราชดำเนิน อำเภอกำแพงเพชร จังหวัดเมือง ประเทศไทย ', '62000', 'anchari@gmail.com', 450),
('2017103100002', 37, '2017-10-31', '7%', 'อัญชลี', 'ภานานันท์', '0866200100', '428 ถ.ราชดำเนิน อำเภอกำแพงเพชร จังหวัดเมือง ประเทศไทย ', '62000', 'anchari@gmail.com', 1200),
('2017110100001', 37, '2017-11-01', '7%', 'อัญชลี', 'ภานานันท์', '0866200100', '428 ถ.ราชดำเนิน อำเภอกำแพงเพชร จังหวัดเมือง ประเทศไทย ', '62000', 'anchari@gmail.com', 7200),
('2017110100002', 37, '2017-11-01', '7%', 'อัญชลี', 'ภานานันท์', '0866200100', '428 ถ.ราชดำเนิน อำเภอกำแพงเพชร จังหวัดเมือง ประเทศไทย ', '62000', 'anchari@gmail.com', 4550),
('2017110100003', 37, '2017-11-01', '7%', 'อัญชลี', 'ภานานันท์', '0866200100', '428 ถ.ราชดำเนิน อำเภอกำแพงเพชร จังหวัดเมือง ประเทศไทย ', '62000', 'anchari@gmail.com', 1600),
('2017110100004', 37, '2017-11-01', '7%', 'อัญชลี', 'ภานานันท์', '0866200100', '428 ถ.ราชดำเนิน อำเภอกำแพงเพชร จังหวัดเมือง ประเทศไทย ', '62000', 'anchari@gmail.com', 5599),
('2017110200001', 37, '2017-11-02', '7%', 'อัญชลี', 'ภานานันท์', '0866200100', '428 ถ.ราชดำเนิน อำเภอกำแพงเพชร จังหวัดเมือง ประเทศไทย ', '62000', 'anchari@gmail.com', 1900),
('2017110200002', 37, '2017-11-02', '7%', 'อัญชลี', 'ภานานันท์', '0866200100', '428 ถ.ราชดำเนิน อำเภอกำแพงเพชร จังหวัดเมือง ประเทศไทย ', '62000', 'anchari@gmail.com', 1800),
('2017110300001', 37, '2017-11-03', '7%', 'อัญชลี', 'ภานานันท์', '0866200100', '428 ถ.ราชดำเนิน อำเภอกำแพงเพชร จังหวัดเมือง ประเทศไทย ', '62000', 'anchari@gmail.com', 2148),
('2017110300002', 37, '2017-11-03', '7%', 'อัญชลี', 'ภานานันท์', '0866200100', '428 ถ.ราชดำเนิน อำเภอกำแพงเพชร จังหวัดเมือง ประเทศไทย ', '62000', 'anchari@gmail.com', 1000),
('2017110400001', 37, '2017-11-04', '7%', 'อัญชลี', 'ภานานันท์', '0866200100', '428 ถ.ราชดำเนิน อำเภอกำแพงเพชร จังหวัดเมือง ประเทศไทย ', '62000', 'anchari@gmail.com', 199),
('2017110800001', 37, '2017-11-08', '7%', 'อัญชลี', 'ภานานันท์', '0866200100', '428 ถ.ราชดำเนิน อำเภอกำแพงเพชร จังหวัดเมือง ประเทศไทย ', '62000', 'anchari@gmail.com', 1800),
('2017110800002', 37, '2017-11-08', '7%', 'อัญชลี', 'ภานานันท์', '0866200100', '428 ถ.ราชดำเนิน อำเภอกำแพงเพชร จังหวัดเมือง ประเทศไทย ', '62000', 'anchari@gmail.com', 6000),
('2017110900001', 37, '2017-11-09', '7%', 'อัญชลี', 'ภานานันท์', '0866200100', '428 ถ.ราชดำเนิน อำเภอกำแพงเพชร จังหวัดเมือง ประเทศไทย ', '62000', 'anchari@gmail.com', 3485),
('2017110900002', 37, '2017-11-09', '7%', 'อัญชลี', 'ภานานันท์', '0866200100', '428 ถ.ราชดำเนิน อำเภอกำแพงเพชร จังหวัดเมือง ประเทศไทย ', '62000', 'anchari@gmail.com', 3500),
('2017111000001', 37, '2017-11-10', '7%', 'อัญชลี', 'ภานานันท์', '0866200100', '428 ถ.ราชดำเนิน อำเภอกำแพงเพชร จังหวัดเมือง ประเทศไทย ', '62000', 'anchari@gmail.com', 750),
('2017111000002', 38, '2017-11-10', '7%', 'เดชาธร', 'พลนุรักษ์', '0822155236', 'ค่ายเอราวัณ ต.เขาสามยอด อำเภอลพบุรี จังหวัดเมือง ประเทศไทย ', '15000', 'dechathon.pon@hotmail.com', 5000),
('2017111100001', 38, '2017-11-11', '7%', 'เดชาธร', 'พลนุรักษ์', '0822155236', 'ค่ายเอราวัณ ต.เขาสามยอด อำเภอลพบุรี จังหวัดเมือง ประเทศไทย ', '15000', 'dechathon.pon@hotmail.com', 1800),
('2017111100002', 38, '2017-11-11', '7%', 'เดชาธร', 'พลนุรักษ์', '0822155236', 'ค่ายเอราวัณ ต.เขาสามยอด อำเภอลพบุรี จังหวัดเมือง ประเทศไทย ', '15000', 'dechathon.pon@hotmail.com', 4200),
('2017111200001', 38, '2017-11-12', '7%', 'เดชาธร', 'พลนุรักษ์', '0822155236', 'ค่ายเอราวัณ ต.เขาสามยอด อำเภอลพบุรี จังหวัดเมือง ประเทศไทย ', '15000', 'dechathon.pon@hotmail.com', 1000),
('2017111200002', 38, '2017-11-12', '7%', 'เดชาธร', 'พลนุรักษ์', '0822155236', 'ค่ายเอราวัณ ต.เขาสามยอด อำเภอลพบุรี จังหวัดเมือง ประเทศไทย ', '15000', 'dechathon.pon@hotmail.com', 3400),
('2017111300001', 38, '2017-11-13', '7%', 'เดชาธร', 'พลนุรักษ์', '0822155236', 'ค่ายเอราวัณ ต.เขาสามยอด อำเภอลพบุรี จังหวัดเมือง ประเทศไทย ', '15000', 'dechathon.pon@hotmail.com', 398),
('2017111600001', 38, '2017-11-16', '7%', 'เดชาธร', 'พลนุรักษ์', '0822155236', 'ค่ายเอราวัณ ต.เขาสามยอด อำเภอลพบุรี จังหวัดเมือง ประเทศไทย ', '15000', 'dechathon.pon@hotmail.com', 199),
('2017111700001', 38, '2017-11-17', '7%', 'เดชาธร', 'พลนุรักษ์', '0822155236', 'ค่ายเอราวัณ ต.เขาสามยอด อำเภอลพบุรี จังหวัดเมือง ประเทศไทย ', '15000', 'dechathon.pon@hotmail.com', 2520),
('2017111700002', 38, '2017-11-17', '7%', 'เดชาธร', 'พลนุรักษ์', '0822155236', 'ค่ายเอราวัณ ต.เขาสามยอด อำเภอลพบุรี จังหวัดเมือง ประเทศไทย ', '15000', 'dechathon.pon@hotmail.com', 1800),
('2017111700003', 38, '2017-11-17', '7%', 'เดชาธร', 'พลนุรักษ์', '0822155236', 'ค่ายเอราวัณ ต.เขาสามยอด อำเภอลพบุรี จังหวัดเมือง ประเทศไทย ', '15000', 'dechathon.pon@hotmail.com', 1990),
('2017111900001', 38, '2017-11-19', '7%', 'เดชาธร', 'พลนุรักษ์', '0822155236', 'ค่ายเอราวัณ ต.เขาสามยอด อำเภอลพบุรี จังหวัดเมือง ประเทศไทย ', '15000', 'dechathon.pon@hotmail.com', 150),
('2017111900002', 38, '2017-11-19', '7%', 'เดชาธร', 'พลนุรักษ์', '0822155236', 'ค่ายเอราวัณ ต.เขาสามยอด อำเภอลพบุรี จังหวัดเมือง ประเทศไทย ', '15000', 'dechathon.pon@hotmail.com', 3000),
('2017111900003', 38, '2017-11-19', '7%', 'เดชาธร', 'พลนุรักษ์', '0822155236', 'ค่ายเอราวัณ ต.เขาสามยอด อำเภอลพบุรี จังหวัดเมือง ประเทศไทย ', '15000', 'dechathon.pon@hotmail.com', 1400),
('2017112000001', 38, '2017-11-20', '7%', 'เดชาธร', 'พลนุรักษ์', '0822155236', 'ค่ายเอราวัณ ต.เขาสามยอด อำเภอลพบุรี จังหวัดเมือง ประเทศไทย ', '15000', 'dechathon.pon@hotmail.com', 16000),
('2017112000002', 38, '2017-11-20', '7%', 'เดชาธร', 'พลนุรักษ์', '0822155236', 'ค่ายเอราวัณ ต.เขาสามยอด อำเภอลพบุรี จังหวัดเมือง ประเทศไทย ', '15000', 'dechathon.pon@hotmail.com', 699),
('2017112000003', 38, '2017-11-20', '7%', 'เดชาธร', 'พลนุรักษ์', '0822155236', 'ค่ายเอราวัณ ต.เขาสามยอด อำเภอลพบุรี จังหวัดเมือง ประเทศไทย ', '15000', 'dechathon.pon@hotmail.com', 1400),
('2017112200001', 39, '2017-11-22', '7%', 'ชวนินทร์', 'วิริยะเกียรติ', '0613852455', '32 ม.1​ต.บ้านฉาง​ อำเภอระยอง จังหวัดบ้านฉาง ประเทศไทย ', '21130', 'chounin_ninja@outlook.com', 2197),
('2017112200002', 39, '2017-11-22', '7%', 'ชวนินทร์', 'วิริยะเกียรติ', '0613852455', '32 ม.1​ต.บ้านฉาง​ อำเภอระยอง จังหวัดบ้านฉาง ประเทศไทย ', '21130', 'chounin_ninja@outlook.com', 1300),
('2017112500001', 39, '2017-11-25', '7%', 'ชวนินทร์', 'วิริยะเกียรติ', '0613852455', '32 ม.1​ต.บ้านฉาง​ อำเภอระยอง จังหวัดบ้านฉาง ประเทศไทย ', '21130', 'chounin_ninja@outlook.com', 2050),
('2017112500002', 39, '2017-11-25', '7%', 'ชวนินทร์', 'วิริยะเกียรติ', '0613852455', '32 ม.1​ต.บ้านฉาง​ อำเภอระยอง จังหวัดบ้านฉาง ประเทศไทย ', '21130', 'chounin_ninja@outlook.com', 1300),
('2017112800001', 39, '2017-11-28', '7%', 'ชวนินทร์', 'วิริยะเกียรติ', '0613852455', '', '21130', 'chounin_ninja@outlook.com', 199),
('2017112800002', 39, '2017-11-28', '7%', 'ชวนินทร์', 'วิริยะเกียรติ', '0613852455', '32 ม.1​ต.บ้านฉาง​ อำเภอระยอง จังหวัดบ้านฉาง ประเทศไทย ', '21130', 'chounin_ninja@outlook.com', 3400),
('2017112800003', 39, '2017-11-28', '7%', 'ชวนินทร์', 'วิริยะเกียรติ', '0613852455', '32 ม.1​ต.บ้านฉาง​ อำเภอระยอง จังหวัดบ้านฉาง ประเทศไทย ', '21130', 'chounin_ninja@outlook.com', 3399),
('2017112800004', 39, '2017-11-28', '7%', 'ชวนินทร์', 'วิริยะเกียรติ', '0613852455', '32 ม.1​ต.บ้านฉาง​ อำเภอระยอง จังหวัดบ้านฉาง ประเทศไทย ', '21130', 'chounin_ninja@outlook.com', 597),
('2017112800005', 39, '2017-11-28', '7%', 'ชวนินทร์', 'วิริยะเกียรติ', '0613852455', '32 ม.1​ต.บ้านฉาง​ อำเภอระยอง จังหวัดบ้านฉาง ประเทศไทย ', '21130', 'chounin_ninja@outlook.com', 2550),
('2017112900001', 39, '2017-11-29', '7%', 'ชวนินทร์', 'วิริยะเกียรติ', '0613852455', '32 ม.1​ต.บ้านฉาง​ อำเภอระยอง จังหวัดบ้านฉาง ประเทศไทย ', '21130', 'chounin_ninja@outlook.com', 3900),
('2017112900002', 39, '2017-11-29', '7%', 'ชวนินทร์', 'วิริยะเกียรติ', '0613852455', '32 ม.1​ต.บ้านฉาง​ อำเภอระยอง จังหวัดบ้านฉาง ประเทศไทย ', '21130', 'chounin_ninja@outlook.com', 1749),
('2017112900003', 39, '2017-11-29', '7%', 'ชวนินทร์', 'วิริยะเกียรติ', '0613852455', '32 ม.1​ต.บ้านฉาง​ อำเภอระยอง จังหวัดบ้านฉาง ประเทศไทย ', '21130', 'chounin_ninja@outlook.com', 1500),
('2017113000001', 39, '2017-11-30', '7%', 'ชวนินทร์', 'วิริยะเกียรติ', '0613852455', '32 ม.1​ต.บ้านฉาง​ อำเภอระยอง จังหวัดบ้านฉาง ประเทศไทย ', '21130', 'chounin_ninja@outlook.com', 1500),
('2017113000002', 39, '2017-11-30', '7%', 'ชวนินทร์', 'วิริยะเกียรติ', '0613852455', '32 ม.1​ต.บ้านฉาง​ อำเภอระยอง จังหวัดบ้านฉาง ประเทศไทย ', '21130', 'chounin_ninja@outlook.com', 11050),
('2017113000003', 39, '2017-11-30', '7%', 'ชวนินทร์', 'วิริยะเกียรติ', '0613852455', '32 ม.1​ต.บ้านฉาง​ อำเภอระยอง จังหวัดบ้านฉาง ประเทศไทย ', '21130', 'chounin_ninja@outlook.com', 1985),
('2017122200001', 4, '2017-12-22', '7%', 'ซักบ่อย', 'ซักบ่อย', '099-999-9999', '555 อำเภอกรุงเทพมหานคร จังหวัดเมือง ประเทศไทย ', '10400', 'gg@gmail.com', 10443),
('2017122200002', 11, '2017-12-22', '7%', 'ยศวดี', 'ทรัพย์สนอง', '0879139099', '26/21 ม.5 อำเภอสมุทรสาคร จังหวัดกระทุ่มแบน ประเทศไทย ', '74110', 'biw_busy@hotmail.com', 15400),
('2017122200003', 13, '2017-12-22', '7%', 'จุตินันท์', 'สุวรรณศรี', '0836060571', 'ห้อง 24C อาคารวิคตอเรีย Tower 5 224/255 เมืองทองเลควิวคอนโดมิเนียม อำเภอนนทบุรี จังหวัดปากเกร็ด ประเทศประเทศไทย ', '11120', 'stamp_885@hotmail.com', 5400),
('2017122200004', 15, '2017-12-22', '7%', 'สุริยัน', 'ภู่พลอย', '0874300753', 'ห้อง 24c 224/255 อาคารวิคตอเรีย ทาวเวอร์ 5 อำเภอนนทบุรี จังหวัดปากเกร็ด ประเทศไทย ', '76120', 'bike-008@hotmail.com', 3945),
('2017122300001', 16, '2017-12-23', '7%', 'ฉัตริน', 'นาคถาวร', '0834343987', '224/255 อาคารวิคตอเรีย ทาวเวอร์ 5 อำเภอนนทบุรี จังหวัดปากเกร็ด ประเทศไทย ', '76120', 'khemkung_2538@hotmail.com', 8547),
('2017122300002', 17, '2017-12-23', '7%', 'ธเนศ', 'กล่อมจาด', '0866533142', '224/255 อาคารวิคตอเรีย ทาวเวอร์ 5 อำเภอนนทบุรี จังหวัดปากเกร็ด ประเทศไทย ', '76120', 'klomjad.t@hotmail.com', 16097),
('2017122300003', 18, '2017-12-23', '7%', 'พีระพงศ์', 'อัศวเธียรธำรง', '0957652154', '226 ม.4 ต.แพรกษา อำเภอสมุทรปราการ จังหวัดเมือง ประเทศไทย ', '10280', 'peerapong_pera@gmail.com', 3797),
('2017122300004', 19, '2017-12-23', '7%', 'ณัฏฐ์', 'เวชกรณ์', '0645219932', '503 ม. 22 ชอยนวลหงษ์5 ถนนมะลิวัลย์ ต. บ้านเป็ด อำเภอขอนแก่น จังหวัดเมือง ประเทศไทย ', '40000', 'nuttiw_nut@hotmail.com', 7200),
('2017122500001', 6, '2017-12-25', '7%', 'พิชากร', 'ปภาศิริวาทย์', '0971090678', '369/1 หมู่ที่ 11 ต.บางตาเถร อ.สองพี่น้อง จ.สุพรรณบุรี 72110 อำเภอสุพรรณบุรี จังหวัดเมือง ประเทศไทย ', '72110', 'godlike9432@gmail.com', 4800),
('2017122500002', 20, '2017-12-25', '7%', 'เพ็ญพร', 'ศรีวารีรัตน์', '0836050531', 'หมู่บ้าน..บ้านสร้างแกร์นวิลเลจ 39/131 ซ.4หมู่7ต.บ้านสร้าง  อำเภออยุธยา จังหวัดบางประอิน ประเทศไทย ', '13170', 'kob_love_bo@hotmail.com', 2099),
('2017122500003', 21, '2017-12-25', '7%', 'วรเวียร์', 'อภิวณิชย์กุล', '0852548759', '103 ม. 2 ต. บ้านสวน อำเภอชลบุรี จังหวัดเมือง ประเทศไทย ', '20000', 'worra_crazy@hotmail.com', 8799),
('2017122500004', 22, '2017-12-25', '7%', 'นพรัตน์', 'บุโคตร', '0815255563', '115 ม.2 ต.แพรกษาใหม่ อำเภอสมุทรปราการ จังหวัดเมือง ประเทศไทย ', '10280', 'littleoiw@gmail.com', 597),
('2017122500005', 23, '2017-12-25', '7%', 'คม', 'ไชยระ', '0877775213', '111หมู่13 ถนนกิ่งแก้ว ต.ราชาเทวะ อำเภอสมุทรปราการ จังหวัดบางพลี ประเทศไทย ', '10540', 'chaiyana_love_s@hotmail.com', 1600),
('2017122500006', 24, '2017-12-25', '7%', 'ธนเดช', 'ภัควรารัตน์', '0986566798', '998/1425 ม.วิเศษสุขนคร ซ.ประชาอุทิศ79 อำเภอกรุงเทพมหานคร จังหวัดทุ่งครุ ประเทศไทย ', '10140', 'tanadej_pakwararat@gmail.com', 6600),
('2017122500007', 25, '2017-12-25', '7%', 'สาริสา', 'แก้วเทศ', '0814819826', '29 ถ.พิทักษ์สันติ ต.บางปรอก อำเภอปธุมธานี จังหวัดเมือง ประเทศไทย ', '12000', 'o-sarisa@hotmail.com', 7798),
('2017122600001', 26, '2017-12-26', '7%', 'ประวุฒิ', 'จันทร์ไทย', '0855552145', '2/2ม.4ต.คลองไผ่ อำเภอนครราชสีมา จังหวัดสีคิ้ว ประเทศไทย ', '30340', 'pawut_pawut@hotmail.com', 597),
('2017122600002', 28, '2017-12-26', '7%', 'วรากรณ์', 'คลังสมบูรณ์สิน', '0855233698', '88/218 ต.หนองกรด อำเภอนครสวรรค์ จังหวัดเมือง ประเทศไทย ', '60240', 'vitkara@gmail.com', 3400),
('2017122600003', 29, '2017-12-26', '7%', 'ฤทธิชัย', 'เลิศบัวบาน', '0687533215', '4หมู่1 ต.วัดแค อำเภอนครปฐม จังหวัดนครชัยศรี ประเทศไทย ', '73120', 'eark_betta@gmail.com', 4800),
('2017122600004', 30, '2017-12-26', '7%', 'พรชัย', 'หาญธงชัย', '0873256656', '94/28หมู่5 ต.หนองปรือ อำเภอชลบุรี จังหวัดบางละมุง ประเทศไทย ', '20150', 'ting_han@gmail.com', 5900),
('2017122600005', 31, '2017-12-26', '7%', 'กำชัย', 'ตละมาส', '0867311373', '222/1 หมู่5 ต.หนองกรด อำเภอนครสวรรค์ จังหวัดเมือง ประเทศไทย ', '60240', 'kumsus@gmail.com', 2396),
('2017122600006', 32, '2017-12-26', '7%', 'โอทากะ', 'อนันตะชิน', '0856322252', '154/160 หมู่บ้านกันยารัตน์ ต.ในเมือง อำเภอขอนแก่น จังหวัดเมือง ประเทศไทย ', '40000', 'otaki_zawa@hotmail.com', 5400),
('2017122600007', 33, '2017-12-26', '7%', 'ไสว', 'สมหวัง', '0977373987', '67/159 เคหะบ้านโพธิ์ หมู่ 2 ซอย 11 ต.สนามจันทร์ อำเภอฉะเชิงเทรา จังหวัดบ้านโพธิ์ ประเทศไทย ', '24140', 'wai_wai_song@outlook.com', 9050),
('2017122600008', 34, '2017-12-26', '7%', 'อัญชิษฐา', 'คงประยูร', '0965322658', '14/5 ม.2 ต.สะเดียง อำเภอเพชรบูรณ์ จังหวัดเมือง ประเทศไทย ', '67000', 'kwanfeelgood@outlook.com', 7767),
('2017122600009', 35, '2017-12-26', '7%', 'โสภณ', 'ช่อฟ้าบัณฑิต', '0877356154', '48/761 มบ.เค ซี การ์เด้นท์ โฮม 15 ถ.นิมิตรใหม่ 40 แขวง คลองสามวาตะวันออก อำเภอกรุงเทพมหานคร จังหวัดคลองสามวา ประเทศไทย ', '10510', 'sopon.chorfabundit@yahoo.com', 6700),
('2017122600010', 36, '2017-12-26', '7%', 'ณัฏฐพล', 'สุเพ็งคำ', '0985622858', '200/2 ม.8 ต.ทุ่งสุขลา อำเภอชลบุรี จังหวัดศรีราชา ประเทศไทย ', '20230', 'ิboombay@hotmail.com', 14999),
('2017122600011', 37, '2017-12-26', '7%', 'อัญชลี', 'ภานานันท์', '0866200100', '428 ถ.ราชดำเนิน อำเภอกำแพงเพชร จังหวัดเมือง ประเทศไทย ', '62000', 'anchari@gmail.com', 1799),
('2017122600012', 38, '2017-12-26', '7%', 'เดชาธร', 'พลนุรักษ์', '0822155236', 'ค่ายเอราวัณ ต.เขาสามยอด อำเภอลพบุรี จังหวัดเมือง ประเทศไทย ', '15000', 'dechathon.pon@hotmail.com', 6400),
('2017122600013', 39, '2017-12-26', '7%', 'ชวนินทร์', 'วิริยะเกียรติ', '0613852455', '32 ม.1​ต.บ้านฉาง​ อำเภอระยอง จังหวัดบ้านฉาง ประเทศไทย ', '21130', 'chounin_ninja@outlook.com', 1600),
('2017122600014', 40, '2017-12-26', '7%', 'ณัฐพงษ์', 'เนื่องช้าง', '0844522365', '2/52 ถ.พิบูลย์ศิริ ต.อุทัยใหม่  อำเภออุทัยธานี จังหวัดเมือง ประเทศไทย ', '61000', 'nuttapong_pong@hotmail.com', 1519),
('2017122600015', 41, '2017-12-26', '7%', 'สุพัตรา', 'บุญเจาะ', '0821655292', '43 ม. 2 ต.นิคมลำนารายณ์ อำเภอลพบุรี จังหวัดชัยบาดาล ประเทศไทย ', '15130', 'yong_s@hotmail.com', 1799),
('2017122700001', 42, '2017-12-27', '7%', 'ภานุวัฒน์', 'โชคพุก', '0876588852', '27 หมู่ 8 อำเภอกำแพงเพชร จังหวัดเมือง ประเทศไทย ', '62000', 'panutda@outlook.com', 7200),
('2017122700002', 43, '2017-12-27', '7%', 'พิชัย', 'โปราณานนท์', '0837335378', '29/151 ม.10 ม.นนทิชาคลอง8 ต.ลำลูกกา อำเภอปทุมธานี จังหวัดลำลูกกา ประเทศไทย ', '12150', 'pichai.air@outlook.com', 3099),
('2017122700003', 44, '2017-12-27', '7%', 'กรชนก', 'เจดีย์ศรี', '0876542321', '21/27 ถ.ข้าหลวง อำเภอน่าน จังหวัดเมือง ประเทศไทย ', '55000', 'kornchanok-jade@yahoo.com', 11999),
('2017122700004', 45, '2017-12-27', '7%', 'ณรงค์', 'ดิษยธำรงค์', '034482212', '340/918 ม.3. ต.บางปูใหม่ อำเภอสมุทรปราการ จังหวัดเมือง ประเทศไทย ', '10280', 'bangkajoknaza@gmail.com', 10698),
('2017122700005', 46, '2017-12-27', '7%', 'วัชรากรณ์', 'ผึ่งกลาง', '026710625', '234 ม.4 ต.พระพุทธ  อำเภอนครราชสีมา จังหวัดเฉลิมพระเกียรติ ประเทศไทย ', '30230', 'aom_civil@gmail.com', 1600),
('2017122700006', 47, '2017-12-27', '7%', 'ธัญการย์', 'นาคชุบทอง', '0855356545', '87/41 ม.5 ซ.แจ้งวัฒนะ-ปากเกร็ด7 ถ.แจ้งวัฒนะ ต.ปากเกร็ด อำเภอนนทบุรี จังหวัดปากเกร็ด ประเทศไทย ', '11120', 'thanjaja@outlook.com', 199),
('2017122700007', 48, '2017-12-27', '7%', 'สันติภาพ', 'ทองอุ่น', '0822855255', '111 ม.1 ต.ป่าเว อำเภอสุราษฏร์ธานี จังหวัดไชยา ประเทศไทย ', '84110', 'ืnukkakub@gmail.com', 1900),
('2017122700008', 49, '2017-12-27', '7%', 'มารีนา', 'พงษ์ชัยศรี', '0865233548', '8หมู่3 ต.บ้านพลับ อำเภออยุธยา จังหวัดบางประอิน ประเทศไทย ', '13160', 'submarine_kk@gmail.com', 398),
('2017122800001', 50, '2017-12-28', '7%', 'วิวัฒน์', 'อำอินทร์', '0877739387', '77/3. ม.9. นิรันทร์เนซิเดนท์3 ตึกRซ.รามคำแหง2 ถ.รามคำแหง2 เเขวงดอกไม้ อำเภอกรุงเทพมหานคร จังหวัดประเวศ ประเทศไทย ', '10250', 'vivaj_jubjub@outlook.com', 900),
('2017122800002', 51, '2017-12-28', '7%', 'ประพนธ์', 'ทองผากิตติ', '0875665855', '', '71180', 'pick_papol@hotmail.com', 1985),
('2017122800003', 52, '2017-12-28', '7%', 'นิชนิภา', 'ปัทถรัตน์', '0862139514', '71/2 หมู่ 9ต.บ้านป่า อำเภอสระบุรี จังหวัดแก่งคอย ประเทศไทย ', '18110', 'rattanon@gmail.com', 1400),
('2017122800004', 52, '2017-12-28', '7%', 'นิชนิภา', 'ปัทถรัตน์', '0862139514', '71/2 หมู่ 9ต.บ้านป่า อำเภอสระบุรี จังหวัดแก่งคอย ประเทศไทย ', '18110', 'rattanon@gmail.com', 2499),
('2017122800005', 53, '2017-12-28', '7%', 'ธนพล', 'เพี้ยนสุวรรณ', '0875322522', '725 หมู่ 2 ซ.งามวงศ์วาน 27 ถ.งามวงศ์วาน ต.บางเขน อำเภอนนทบุรี จังหวัดเมือง ประเทศไทย ', '11000', 'tanapol.p@gmail.com', 1850),
('2017122800006', 53, '2017-12-28', '7%', 'ธนพล', 'เพี้ยนสุวรรณ', '0875322522', '725 หมู่ 2 ซ.งามวงศ์วาน 27 ถ.งามวงศ์วาน ต.บางเขน อำเภอนนทบุรี จังหวัดเมือง ประเทศไทย ', '11000', 'tanapol.p@gmail.com', 1850),
('2017122800007', 54, '2017-12-28', '7%', 'พัชราวลัย', 'สีแก้ว', '0621202158', 'หมู่บ้านมโนรมย์เฟส 762/120 ม.6 ต.ลำลูกกา อำเภอปทุมธานี จังหวัดลำลูกกา ประเทศไทย ', '12150', 'phatchalawalai@hotmail.com', 2049),
('2017122800008', 55, '2017-12-28', '7%', 'มณีรัตน์', 'ชุมดี', '0856541236', 'แสนสบายอพาร์ทเม้นท์&รีสอร์ท 70ม.4 ถ.ลูกกา-คลอง15 ต.ชุมพล อำเภอนครนายก จังหวัดองค์รักษ์ ประเทศไทย ', '26120', 'kaewmanee@hotmail.com', 7420),
('2017122800009', 56, '2017-12-28', '7%', 'ประทีป', 'เปียกบุตร', '0872727367', '72 ม7 บโตชิบา นิคม304 ต ท่าตูม อำเภอปราจีนบุรี จังหวัดศรีมหาโพธิ ประเทศไทย ', '25140', 'pathip_papa@hotmail.com', 10349),
('2017122800010', 57, '2017-12-28', '7%', 'น้ำฝน', 'เผือกนาค', '0899957416', '180/1 หมู่3 ต.บ้านโพธิ์ อำเภอสุพรรณบุรี จังหวัดด่านช้าง ประเทศไทย ', '72180', 'supacha@hotmail.com', 6700),
('2017122800011', 58, '2017-12-28', '7%', 'กีรติกร', 'มาตย์เหลือง', '0814522365', '10 ม.10 ต.ตาดทอง อำเภอยโสธร จังหวัดเมือง ประเทศไทย ', '35000', 'kitikorn_madlung@outlook.com', 8599),
('2017122800012', 59, '2017-12-28', '7%', 'ธนาวุฒิ', 'บุญเลิศลพ', '0856544569', '194/1 ม.2 ต.สวนใหญ่ อำเภอนนทบุรี จังหวัดเมือง ประเทศไทย ', '11000', 'tanawut_za@hotmail.com', 4049),
('2017122800013', 60, '2017-12-28', '7%', 'ธนะธีร์', 'บรรชวนชิต', '0866010057', '96/3หมู่3ต.ห้วยถั่วเหนือ อำเภอนครสวรรค์ จังหวัดหนองบัว ประเทศไทย ', '60110', 'nat_natzakung@hotmail.com', 1900),
('2017122800014', 61, '2017-12-28', '7%', 'ดวงกมล', 'บุญประคม', '0811355879', '1ม.5 ต.พงสวาย อำเภอราชบุรี จังหวัดเมือง ประเทศไทย ', '70000', 'dungkamon_june@hotmail.com', 2699),
('2017122800015', 62, '2017-12-28', '7%', 'ศรัณยู', 'ราชวัฒฐา', '0844324485', '44/1 ม. 7 ต. นิยมชัย อำเภอลพบุรี จังหวัดสระโบสถ์ ประเทศไทย ', '15240', 'sarayu-pit@hotmail.com', 2898),
('2017122800016', 63, '2017-12-28', '7%', 'เกศิณี', 'บึงมุม', '0855652395', 'บ้านสวนริมธาร เลขที่10 ซ 41 ถ. เทศา2 ต.ในเมือง อำเภอกำแพงเพชร จังหวัดเมือง ประเทศไทย ', '62000', 'kedsineeeee@gmail.com', 3449),
('2017122800017', 64, '2017-12-28', '7%', 'อทิตยา', 'ขำเจริญ', '0822206969', 'เลขที่ 209/1 ม.1 ต.รางบัว อำเภอราชบุรี จังหวัดจอมบึง ประเทศไทย ', '70150', 'sunflower-ratto@hotmail.com', 2550),
('2017122800018', 65, '2017-12-28', '7%', 'พิชัยวัฒน์', 'กิมเกถนอม', '0837775265', '9/1 ม.3 ต.คลองจินดา อำเภอนครปฐม จังหวัดสามพราน ประเทศไทย ', '73110', 'earth_themoon@gmail.com', 21485),
('2017122800019', 65, '2017-12-28', '7%', 'พิชัยวัฒน์', 'กิมเกถนอม', '0837775265', '9/1 ม.3 ต.คลองจินดา อำเภอนครปฐม จังหวัดสามพราน ประเทศไทย ', '73110', 'earth_themoon@gmail.com', 1900),
('2017122800020', 31, '2017-12-28', '7%', 'กำชัย', 'ตละมาส', '0867311373', '222/1 หมู่5 ต.หนองกรด อำเภอนครสวรรค์ จังหวัดเมือง ประเทศไทย ', '60240', 'kumsus@gmail.com', 5584),
('2017122800021', 31, '2017-12-28', '7%', 'กำชัย', 'ตละมาส', '0867311373', '222/1 หมู่5 ต.หนองกรด อำเภอนครสวรรค์ จังหวัดเมือง ประเทศไทย ', '60240', 'kumsus@gmail.com', 2200),
('2017122800022', 4, '2017-12-28', '7%', 'ซักบ่อย', 'ซักบ่อย', '099-999-9999', '555 อำเภอกรุงเทพมหานคร จังหวัดเมือง ประเทศไทย ', '10400', 'gg@gmail.com', 4449),
('2017122800023', 22, '2017-12-28', '7%', 'นพรัตน์', 'บุโคตร', '0815255563', '115 ม.2 ต.แพรกษาใหม่ อำเภอสมุทรปราการ จังหวัดเมือง ประเทศไทย ', '10280', 'littleoiw@gmail.com', 1300),
('2017122800024', 55, '2017-12-28', '7%', 'มณีรัตน์', 'ชุมดี', '0856541236', 'แสนสบายอพาร์ทเม้นท์&รีสอร์ท 70ม.4 ถ.ลูกกา-คลอง15 ต.ชุมพล อำเภอนครนายก จังหวัดองค์รักษ์ ประเทศไทย ', '26120', 'kaewmanee@hotmail.com', 900),
('2017122900001', 55, '2017-12-29', '7%', 'มณีรัตน์', 'ชุมดี', '0856541236', 'แสนสบายอพาร์ทเม้นท์&รีสอร์ท 70ม.4 ถ.ลูกกา-คลอง15 ต.ชุมพล อำเภอนครนายก จังหวัดองค์รักษ์ ประเทศไทย ', '26120', 'kaewmanee@hotmail.com', 2050),
('2017122900002', 59, '2017-12-29', '7%', 'ธนาวุฒิ', 'บุญเลิศลพ', '0856544569', '194/1 ม.2 ต.สวนใหญ่ อำเภอนนทบุรี จังหวัดเมือง ประเทศไทย ', '11000', 'tanawut_za@hotmail.com', 15400),
('2017122900003', 49, '2017-12-29', '7%', 'มารีนา', 'พงษ์ชัยศรี', '0865233548', '', '13160', 'submarine_kk@gmail.com', 450),
('2017122900004', 57, '2017-12-29', '7%', 'น้ำฝน', 'เผือกนาค', '0899957416', '180/1 หมู่3 ต.บ้านโพธิ์ อำเภอสุพรรณบุรี จังหวัดด่านช้าง ประเทศไทย ', '72180', 'supacha@hotmail.com', 1600),
('2017122900005', 57, '2017-12-29', '7%', 'น้ำฝน', 'เผือกนาค', '0899957416', '180/1 หมู่3 ต.บ้านโพธิ์ อำเภอสุพรรณบุรี จังหวัดด่านช้าง ประเทศไทย ', '72180', 'supacha@hotmail.com', 2097),
('2017122900006', 25, '2017-12-29', '7%', 'สาริสา', 'แก้วเทศ', '0814819826', '29 ถ.พิทักษ์สันติ ต.บางปรอก อำเภอปธุมธานี จังหวัดเมือง ประเทศไทย ', '12000', 'o-sarisa@hotmail.com', 199),
('2017123000001', 25, '2017-12-30', '7%', 'สาริสา', 'แก้วเทศ', '0814819826', '29 ถ.พิทักษ์สันติ ต.บางปรอก อำเภอปธุมธานี จังหวัดเมือง ประเทศไทย ', '12000', 'o-sarisa@hotmail.com', 9000),
('2017123000002', 48, '2017-12-30', '7%', 'สันติภาพ', 'ทองอุ่น', '0822855255', '111 ม.1 ต.ป่าเว อำเภอสุราษฏร์ธานี จังหวัดไชยา ประเทศไทย ', '84110', 'ืnukkakub@gmail.com', 1550),
('2017123000003', 48, '2017-12-30', '7%', 'สันติภาพ', 'ทองอุ่น', '0822855255', '111 ม.1 ต.ป่าเว อำเภอสุราษฏร์ธานี จังหวัดไชยา ประเทศไทย ', '84110', 'ืnukkakub@gmail.com', 1800),
('2017123000004', 48, '2017-12-30', '7%', 'สันติภาพ', 'ทองอุ่น', '0822855255', '111 ม.1 ต.ป่าเว อำเภอสุราษฏร์ธานี จังหวัดไชยา ประเทศไทย ', '84110', 'ืnukkakub@gmail.com', 2800),
('2017123000005', 56, '2017-12-30', '7%', 'ประทีป', 'เปียกบุตร', '0872727367', '72 ม7 บโตชิบา นิคม304 ต ท่าตูม อำเภอปราจีนบุรี จังหวัดศรีมหาโพธิ ประเทศไทย ', '25140', 'pathip_papa@hotmail.com', 1649),
('2017123000006', 60, '2017-12-30', '7%', 'ธนะธีร์', 'บรรชวนชิต', '0866010057', '96/3หมู่3ต.ห้วยถั่วเหนือ อำเภอนครสวรรค์ จังหวัดหนองบัว ประเทศไทย ', '60110', 'nat_natzakung@hotmail.com', 6999),
('2017123000007', 4, '2017-12-30', '7%', 'ซักบ่อย', 'ซักบ่อย', '099-999-9999', '555 อำเภอกรุงเทพมหานคร จังหวัดเมือง ประเทศไทย ', '10400', 'gg@gmail.com', 1800),
('2017123100001', 4, '2017-12-31', '7%', 'ซักบ่อย', 'ซักบ่อย', '099-999-9999', '555 อำเภอกรุงเทพมหานคร จังหวัดเมือง ประเทศไทย ', '10400', 'gg@gmail.com', 450),
('2017123100002', 6, '2017-12-31', '7%', 'พิชากร', 'ปภาศิริวาทย์', '0971090678', '369/1 หมู่ที่ 11 ต.บางตาเถร อ.สองพี่น้อง จ.สุพรรณบุรี 72110 อำเภอสุพรรณบุรี จังหวัดเมือง ประเทศไทย ', '72110', 'godlike9432@gmail.com', 6200),
('2017123100003', 6, '2017-12-31', '7%', 'พิชากร', 'ปภาศิริวาทย์', '0971090678', '369/1 หมู่ที่ 11 ต.บางตาเถร อ.สองพี่น้อง จ.สุพรรณบุรี 72110 อำเภอสุพรรณบุรี จังหวัดเมือง ประเทศไทย ', '72110', 'godlike9432@gmail.com', 650),
('2017123100004', 6, '2017-12-31', '7%', 'พิชากร', 'ปภาศิริวาทย์', '0971090678', '369/1 หมู่ที่ 11 ต.บางตาเถร อ.สองพี่น้อง จ.สุพรรณบุรี 72110 อำเภอสุพรรณบุรี จังหวัดเมือง ประเทศไทย ', '72110', 'godlike9432@gmail.com', 4120),
('2017123100005', 11, '2017-12-31', '7%', 'ยศวดี', 'ทรัพย์สนอง', '0879139099', '26/21 ม.5 อำเภอสมุทรสาคร จังหวัดกระทุ่มแบน ประเทศไทย ', '74110', 'biw_busy@hotmail.com', 850),
('2018010100001', 40, '2018-01-01', '7%', 'ณัฐพงษ์', 'เนื่องช้าง', '0844522365', '2/52 ถ.พิบูลย์ศิริ ต.อุทัยใหม่  อำเภออุทัยธานี จังหวัดเมือง ประเทศไทย ', '61000', 'nuttapong_pong@hotmail.com', 10899),
('2018010100002', 40, '2018-01-01', '7%', 'ณัฐพงษ์', 'เนื่องช้าง', '0844522365', '2/52 ถ.พิบูลย์ศิริ ต.อุทัยใหม่  อำเภออุทัยธานี จังหวัดเมือง ประเทศไทย ', '61000', 'nuttapong_pong@hotmail.com', 1500),
('2018010100003', 40, '2018-01-01', '7%', 'ณัฐพงษ์', 'เนื่องช้าง', '0844522365', '2/52 ถ.พิบูลย์ศิริ ต.อุทัยใหม่  อำเภออุทัยธานี จังหวัดเมือง ประเทศไทย ', '61000', 'nuttapong_pong@hotmail.com', 2050),
('2018010100004', 40, '2018-01-01', '7%', 'ณัฐพงษ์', 'เนื่องช้าง', '0844522365', '2/52 ถ.พิบูลย์ศิริ ต.อุทัยใหม่  อำเภออุทัยธานี จังหวัดเมือง ประเทศไทย ', '61000', 'nuttapong_pong@hotmail.com', 1900),
('2018010100005', 40, '2018-01-01', '7%', 'ณัฐพงษ์', 'เนื่องช้าง', '0844522365', '2/52 ถ.พิบูลย์ศิริ ต.อุทัยใหม่  อำเภออุทัยธานี จังหวัดเมือง ประเทศไทย ', '61000', 'nuttapong_pong@hotmail.com', 2800),
('2018010200001', 40, '2018-01-02', '7%', 'ณัฐพงษ์', 'เนื่องช้าง', '0844522365', '2/52 ถ.พิบูลย์ศิริ ต.อุทัยใหม่  อำเภออุทัยธานี จังหวัดเมือง ประเทศไทย ', '61000', 'nuttapong_pong@hotmail.com', 6800),
('2018010200002', 40, '2018-01-02', '7%', 'ณัฐพงษ์', 'เนื่องช้าง', '0844522365', '2/52 ถ.พิบูลย์ศิริ ต.อุทัยใหม่  อำเภออุทัยธานี จังหวัดเมือง ประเทศไทย ', '61000', 'nuttapong_pong@hotmail.com', 150),
('2018010200003', 40, '2018-01-02', '7%', 'ณัฐพงษ์', 'เนื่องช้าง', '0844522365', '2/52 ถ.พิบูลย์ศิริ ต.อุทัยใหม่  อำเภออุทัยธานี จังหวัดเมือง ประเทศไทย ', '61000', 'nuttapong_pong@hotmail.com', 8000),
('2018010300001', 40, '2018-01-03', '7%', 'ณัฐพงษ์', 'เนื่องช้าง', '0844522365', '2/52 ถ.พิบูลย์ศิริ ต.อุทัยใหม่  อำเภออุทัยธานี จังหวัดเมือง ประเทศไทย ', '61000', 'nuttapong_pong@hotmail.com', 199),
('2018010300002', 40, '2018-01-03', '7%', 'ณัฐพงษ์', 'เนื่องช้าง', '0844522365', '', '61000', 'nuttapong_pong@hotmail.com', 6600),
('2018010700001', 40, '2018-01-07', '7%', 'ณัฐพงษ์', 'เนื่องช้าง', '0844522365', '2/52 ถ.พิบูลย์ศิริ ต.อุทัยใหม่  อำเภออุทัยธานี จังหวัดเมือง ประเทศไทย ', '61000', 'nuttapong_pong@hotmail.com', 796),
('2018011000001', 40, '2018-01-10', '7%', 'ณัฐพงษ์', 'เนื่องช้าง', '0844522365', '2/52 ถ.พิบูลย์ศิริ ต.อุทัยใหม่  อำเภออุทัยธานี จังหวัดเมือง ประเทศไทย ', '61000', 'nuttapong_pong@hotmail.com', 3600),
('2018011000002', 40, '2018-01-10', '7%', 'ณัฐพงษ์', 'เนื่องช้าง', '0844522365', '2/52 ถ.พิบูลย์ศิริ ต.อุทัยใหม่  อำเภออุทัยธานี จังหวัดเมือง ประเทศไทย ', '61000', 'nuttapong_pong@hotmail.com', 2549),
('2018011100001', 40, '2018-01-11', '7%', 'ณัฐพงษ์', 'เนื่องช้าง', '0844522365', '2/52 ถ.พิบูลย์ศิริ ต.อุทัยใหม่  อำเภออุทัยธานี จังหวัดเมือง ประเทศไทย ', '61000', 'nuttapong_pong@hotmail.com', 900),
('2018011100002', 40, '2018-01-11', '7%', 'ณัฐพงษ์', 'เนื่องช้าง', '0844522365', '2/52 ถ.พิบูลย์ศิริ ต.อุทัยใหม่  อำเภออุทัยธานี จังหวัดเมือง ประเทศไทย ', '61000', 'nuttapong_pong@hotmail.com', 1599),
('2018011300001', 40, '2018-01-13', '7%', 'ณัฐพงษ์', 'เนื่องช้าง', '0844522365', '2/52 ถ.พิบูลย์ศิริ ต.อุทัยใหม่  อำเภออุทัยธานี จังหวัดเมือง ประเทศไทย ', '61000', 'nuttapong_pong@hotmail.com', 1200),
('2018011400001', 40, '2018-01-14', '7%', 'ณัฐพงษ์', 'เนื่องช้าง', '0844522365', '2/52 ถ.พิบูลย์ศิริ ต.อุทัยใหม่  อำเภออุทัยธานี จังหวัดเมือง ประเทศไทย ', '61000', 'nuttapong_pong@hotmail.com', 2250),
('2018011500001', 40, '2018-01-15', '7%', 'ณัฐพงษ์', 'เนื่องช้าง', '0844522365', '2/52 ถ.พิบูลย์ศิริ ต.อุทัยใหม่  อำเภออุทัยธานี จังหวัดเมือง ประเทศไทย ', '61000', 'nuttapong_pong@hotmail.com', 3785),
('2018011700001', 41, '2018-01-17', '7%', 'สุพัตรา', 'บุญเจาะ', '0821655292', '43 ม. 2 ต.นิคมลำนารายณ์ อำเภอลพบุรี จังหวัดชัยบาดาล ประเทศไทย ', '15130', 'yong_s@hotmail.com', 4235),
('2018011700002', 41, '2018-01-17', '7%', 'สุพัตรา', 'บุญเจาะ', '0821655292', '43 ม. 2 ต.นิคมลำนารายณ์ อำเภอลพบุรี จังหวัดชัยบาดาล ประเทศไทย ', '15130', 'yong_s@hotmail.com', 1400),
('2018011900001', 41, '2018-01-19', '7%', 'สุพัตรา', 'บุญเจาะ', '0821655292', '43 ม. 2 ต.นิคมลำนารายณ์ อำเภอลพบุรี จังหวัดชัยบาดาล ประเทศไทย ', '15130', 'yong_s@hotmail.com', 898),
('2018011900002', 41, '2018-01-19', '7%', 'สุพัตรา', 'บุญเจาะ', '0821655292', '43 ม. 2 ต.นิคมลำนารายณ์ อำเภอลพบุรี จังหวัดชัยบาดาล ประเทศไทย ', '15130', 'yong_s@hotmail.com', 3200),
('2018012200001', 41, '2018-01-22', '7%', 'สุพัตรา', 'บุญเจาะ', '0821655292', '43 ม. 2 ต.นิคมลำนารายณ์ อำเภอลพบุรี จังหวัดชัยบาดาล ประเทศไทย ', '15130', 'yong_s@hotmail.com', 2050),
('2018012200002', 41, '2018-01-22', '7%', 'สุพัตรา', 'บุญเจาะ', '0821655292', '43 ม. 2 ต.นิคมลำนารายณ์ อำเภอลพบุรี จังหวัดชัยบาดาล ประเทศไทย ', '15130', 'yong_s@hotmail.com', 600),
('2018012400001', 41, '2018-01-24', '7%', 'สุพัตรา', 'บุญเจาะ', '0821655292', '43 ม. 2 ต.นิคมลำนารายณ์ อำเภอลพบุรี จังหวัดชัยบาดาล ประเทศไทย ', '15130', 'yong_s@hotmail.com', 1600),
('2018012700001', 41, '2018-01-27', '7%', 'สุพัตรา', 'บุญเจาะ', '0821655292', '43 ม. 2 ต.นิคมลำนารายณ์ อำเภอลพบุรี จังหวัดชัยบาดาล ประเทศไทย ', '15130', 'yong_s@hotmail.com', 4800),
('2018013000001', 41, '2018-01-30', '7%', 'สุพัตรา', 'บุญเจาะ', '0821655292', '43 ม. 2 ต.นิคมลำนารายณ์ อำเภอลพบุรี จังหวัดชัยบาดาล ประเทศไทย ', '15130', 'yong_s@hotmail.com', 3000),
('2018013000002', 41, '2018-01-30', '7%', 'สุพัตรา', 'บุญเจาะ', '0821655292', '43 ม. 2 ต.นิคมลำนารายณ์ อำเภอลพบุรี จังหวัดชัยบาดาล ประเทศไทย ', '15130', 'yong_s@hotmail.com', 199),
('2018013100001', 41, '2018-01-31', '7%', 'สุพัตรา', 'บุญเจาะ', '0821655292', '43 ม. 2 ต.นิคมลำนารายณ์ อำเภอลพบุรี จังหวัดชัยบาดาล ประเทศไทย ', '15130', 'yong_s@hotmail.com', 4570),
('2018013100002', 41, '2018-01-31', '7%', 'สุพัตรา', 'บุญเจาะ', '0821655292', '43 ม. 2 ต.นิคมลำนารายณ์ อำเภอลพบุรี จังหวัดชัยบาดาล ประเทศไทย ', '15130', 'yong_s@hotmail.com', 1985),
('2018020100001', 41, '2018-02-01', '7%', 'สุพัตรา', 'บุญเจาะ', '0821655292', '43 ม. 2 ต.นิคมลำนารายณ์ อำเภอลพบุรี จังหวัดชัยบาดาล ประเทศไทย ', '15130', 'yong_s@hotmail.com', 650),
('2018020100002', 42, '2018-02-01', '7%', 'ภานุวัฒน์', 'โชคพุก', '0876588852', '27 หมู่ 8 อำเภอกำแพงเพชร จังหวัดเมือง ประเทศไทย ', '62000', 'panutda@outlook.com', 1400),
('2018020100003', 42, '2018-02-01', '7%', 'ภานุวัฒน์', 'โชคพุก', '0876588852', '27 หมู่ 8 อำเภอกำแพงเพชร จังหวัดเมือง ประเทศไทย ', '62000', 'panutda@outlook.com', 6500),
('2018020300001', 42, '2018-02-03', '7%', 'ภานุวัฒน์', 'โชคพุก', '0876588852', '27 หมู่ 8 อำเภอกำแพงเพชร จังหวัดเมือง ประเทศไทย ', '62000', 'panutda@outlook.com', 597),
('2018020300002', 42, '2018-02-03', '7%', 'ภานุวัฒน์', 'โชคพุก', '0876588852', '', '62000', 'panutda@outlook.com', 1300),
('2018020600001', 42, '2018-02-06', '7%', 'ภานุวัฒน์', 'โชคพุก', '0876588852', '27 หมู่ 8 อำเภอกำแพงเพชร จังหวัดเมือง ประเทศไทย ', '62000', 'panutda@outlook.com', 1000),
('2018020700001', 42, '2018-02-07', '7%', 'ภานุวัฒน์', 'โชคพุก', '0876588852', '27 หมู่ 8 อำเภอกำแพงเพชร จังหวัดเมือง ประเทศไทย ', '62000', 'panutda@outlook.com', 1600),
('2018021000001', 42, '2018-02-10', '7%', 'ภานุวัฒน์', 'โชคพุก', '0876588852', '27 หมู่ 8 อำเภอกำแพงเพชร จังหวัดเมือง ประเทศไทย ', '62000', 'panutda@outlook.com', 600),
('2018021000002', 42, '2018-02-10', '7%', 'ภานุวัฒน์', 'โชคพุก', '0876588852', '27 หมู่ 8 อำเภอกำแพงเพชร จังหวัดเมือง ประเทศไทย ', '62000', 'panutda@outlook.com', 750),
('2018021100001', 42, '2018-02-11', '7%', 'ภานุวัฒน์', 'โชคพุก', '0876588852', '27 หมู่ 8 อำเภอกำแพงเพชร จังหวัดเมือง ประเทศไทย ', '62000', 'panutda@outlook.com', 2700),
('2018021100002', 42, '2018-02-11', '7%', 'ภานุวัฒน์', 'โชคพุก', '0876588852', '27 หมู่ 8 อำเภอกำแพงเพชร จังหวัดเมือง ประเทศไทย ', '62000', 'panutda@outlook.com', 199),
('2018021100003', 42, '2018-02-11', '7%', 'ภานุวัฒน์', 'โชคพุก', '0876588852', '27 หมู่ 8 อำเภอกำแพงเพชร จังหวัดเมือง ประเทศไทย ', '62000', 'panutda@outlook.com', 199),
('2018021100004', 42, '2018-02-11', '7%', 'ภานุวัฒน์', 'โชคพุก', '0876588852', '27 หมู่ 8 อำเภอกำแพงเพชร จังหวัดเมือง ประเทศไทย ', '62000', 'panutda@outlook.com', 2799),
('2018021300001', 43, '2018-02-13', '7%', 'พิชัย', 'โปราณานนท์', '0837335378', '29/151 ม.10 ม.นนทิชาคลอง8 ต.ลำลูกกา อำเภอปทุมธานี จังหวัดลำลูกกา ประเทศไทย ', '12150', 'pichai.air@outlook.com', 1900),
('2018021300002', 43, '2018-02-13', '7%', 'พิชัย', 'โปราณานนท์', '0837335378', '29/151 ม.10 ม.นนทิชาคลอง8 ต.ลำลูกกา อำเภอปทุมธานี จังหวัดลำลูกกา ประเทศไทย ', '12150', 'pichai.air@outlook.com', 6400),
('2018021400001', 43, '2018-02-14', '7%', 'พิชัย', 'โปราณานนท์', '0837335378', '29/151 ม.10 ม.นนทิชาคลอง8 ต.ลำลูกกา อำเภอปทุมธานี จังหวัดลำลูกกา ประเทศไทย ', '12150', 'pichai.air@outlook.com', 1800),
('2018021600001', 43, '2018-02-16', '7%', 'พิชัย', 'โปราณานนท์', '0837335378', '29/151 ม.10 ม.นนทิชาคลอง8 ต.ลำลูกกา อำเภอปทุมธานี จังหวัดลำลูกกา ประเทศไทย ', '12150', 'pichai.air@outlook.com', 900),
('2018021700083', 45, '2018-02-17', '7%', 'ณรงค์', 'ดิษยธำรงค์', '034482212', '340/918 ม.3. ต.บางปูใหม่ อำเภอสมุทรปราการ จังหวัดเมือง ประเทศไทย ', '10280', 'bangkajoknaza@gmail.com', 199),
('2018021700084', 45, '2018-02-17', '7%', 'ณรงค์', 'ดิษยธำรงค์', '034482212', '340/918 ม.3. ต.บางปูใหม่ อำเภอสมุทรปราการ จังหวัดเมือง ประเทศไทย ', '10280', 'bangkajoknaza@gmail.com', 1800),
('2018021700085', 45, '2018-02-17', '7%', 'ณรงค์', 'ดิษยธำรงค์', '034482212', '340/918 ม.3. ต.บางปูใหม่ อำเภอสมุทรปราการ จังหวัดเมือง ประเทศไทย ', '10280', 'bangkajoknaza@gmail.com', 1200),
('2018021700086', 46, '2018-02-17', '7%', 'วัชรากรณ์', 'ผึ่งกลาง', '026710625', '234 ม.4 ต.พระพุทธ  อำเภอนครราชสีมา จังหวัดเฉลิมพระเกียรติ ประเทศไทย ', '30230', 'aom_civil@gmail.com', 1400),
('2018021700087', 46, '2018-02-17', '7%', 'วัชรากรณ์', 'ผึ่งกลาง', '026710625', '234 ม.4 ต.พระพุทธ  อำเภอนครราชสีมา จังหวัดเฉลิมพระเกียรติ ประเทศไทย ', '30230', 'aom_civil@gmail.com', 1999),
('2018021700088', 46, '2018-02-17', '7%', 'วัชรากรณ์', 'ผึ่งกลาง', '026710625', '234 ม.4 ต.พระพุทธ  อำเภอนครราชสีมา จังหวัดเฉลิมพระเกียรติ ประเทศไทย ', '30230', 'aom_civil@gmail.com', 1985),
('2018021700089', 46, '2018-02-17', '7%', 'วัชรากรณ์', 'ผึ่งกลาง', '026710625', '234 ม.4 ต.พระพุทธ  อำเภอนครราชสีมา จังหวัดเฉลิมพระเกียรติ ประเทศไทย ', '30230', 'aom_civil@gmail.com', 1600);
INSERT INTO `order_product` (`id_order`, `id_user`, `Date_order`, `Tax`, `Name`, `LastName`, `Tel`, `Address`, `Zip`, `Send_email_order`, `Totalprice`) VALUES
('2018021700090', 46, '2018-02-17', '7%', 'วัชรากรณ์', 'ผึ่งกลาง', '026710625', '234 ม.4 ต.พระพุทธ  อำเภอนครราชสีมา จังหวัดเฉลิมพระเกียรติ ประเทศไทย ', '30230', 'aom_civil@gmail.com', 3400),
('2018021700091', 46, '2018-02-17', '7%', 'วัชรากรณ์', 'ผึ่งกลาง', '026710625', '234 ม.4 ต.พระพุทธ  อำเภอนครราชสีมา จังหวัดเฉลิมพระเกียรติ ประเทศไทย ', '30230', 'aom_civil@gmail.com', 1400),
('2018021700092', 46, '2018-02-17', '7%', 'วัชรากรณ์', 'ผึ่งกลาง', '026710625', '234 ม.4 ต.พระพุทธ  อำเภอนครราชสีมา จังหวัดเฉลิมพระเกียรติ ประเทศไทย ', '30230', 'aom_civil@gmail.com', 1999),
('2018021700093', 46, '2018-02-17', '7%', 'วัชรากรณ์', 'ผึ่งกลาง', '026710625', '234 ม.4 ต.พระพุทธ  อำเภอนครราชสีมา จังหวัดเฉลิมพระเกียรติ ประเทศไทย ', '30230', 'aom_civil@gmail.com', 949),
('2018021700094', 46, '2018-02-17', '7%', 'วัชรากรณ์', 'ผึ่งกลาง', '026710625', '234 ม.4 ต.พระพุทธ  อำเภอนครราชสีมา จังหวัดเฉลิมพระเกียรติ ประเทศไทย ', '30230', 'aom_civil@gmail.com', 450),
('2018021700095', 46, '2018-02-17', '7%', 'วัชรากรณ์', 'ผึ่งกลาง', '026710625', '', '30230', 'aom_civil@gmail.com', 5200),
('2018021700096', 47, '2018-02-17', '7%', 'ธัญการย์', 'นาคชุบทอง', '0855356545', '87/41 ม.5 ซ.แจ้งวัฒนะ-ปากเกร็ด7 ถ.แจ้งวัฒนะ ต.ปากเกร็ด อำเภอนนทบุรี จังหวัดปากเกร็ด ประเทศไทย ', '11120', 'thanjaja@outlook.com', 2900),
('2018021700097', 47, '2018-02-17', '7%', 'ธัญการย์', 'นาคชุบทอง', '0855356545', '87/41 ม.5 ซ.แจ้งวัฒนะ-ปากเกร็ด7 ถ.แจ้งวัฒนะ ต.ปากเกร็ด อำเภอนนทบุรี จังหวัดปากเกร็ด ประเทศไทย ', '11120', 'thanjaja@outlook.com', 900),
('2018021700098', 47, '2018-02-17', '7%', 'ธัญการย์', 'นาคชุบทอง', '0855356545', '87/41 ม.5 ซ.แจ้งวัฒนะ-ปากเกร็ด7 ถ.แจ้งวัฒนะ ต.ปากเกร็ด อำเภอนนทบุรี จังหวัดปากเกร็ด ประเทศไทย ', '11120', 'thanjaja@outlook.com', 1200),
('2018021700099', 47, '2018-02-17', '7%', 'ธัญการย์', 'นาคชุบทอง', '0855356545', '87/41 ม.5 ซ.แจ้งวัฒนะ-ปากเกร็ด7 ถ.แจ้งวัฒนะ ต.ปากเกร็ด อำเภอนนทบุรี จังหวัดปากเกร็ด ประเทศไทย ', '11120', 'thanjaja@outlook.com', 1800),
('2018021700100', 48, '2018-02-17', '7%', 'สันติภาพ', 'ทองอุ่น', '0822855255', '111 ม.1 ต.ป่าเว อำเภอสุราษฏร์ธานี จังหวัดไชยา ประเทศไทย ', '84110', 'ืnukkakub@gmail.com', 1900),
('2018021700101', 48, '2018-02-17', '7%', 'สันติภาพ', 'ทองอุ่น', '0822855255', '111 ม.1 ต.ป่าเว อำเภอสุราษฏร์ธานี จังหวัดไชยา ประเทศไทย ', '84110', 'ืnukkakub@gmail.com', 2184),
('2018021700102', 48, '2018-02-17', '7%', 'สันติภาพ', 'ทองอุ่น', '0822855255', '111 ม.1 ต.ป่าเว อำเภอสุราษฏร์ธานี จังหวัดไชยา ประเทศไทย ', '84110', 'ืnukkakub@gmail.com', 199),
('2018021700103', 48, '2018-02-17', '7%', 'สันติภาพ', 'ทองอุ่น', '0822855255', '111 ม.1 ต.ป่าเว อำเภอสุราษฏร์ธานี จังหวัดไชยา ประเทศไทย ', '84110', 'ืnukkakub@gmail.com', 1600),
('2018021700104', 48, '2018-02-17', '7%', 'สันติภาพ', 'ทองอุ่น', '0822855255', '111 ม.1 ต.ป่าเว อำเภอสุราษฏร์ธานี จังหวัดไชยา ประเทศไทย ', '84110', 'ืnukkakub@gmail.com', 199),
('2018021700105', 48, '2018-02-17', '7%', 'สันติภาพ', 'ทองอุ่น', '0822855255', '111 ม.1 ต.ป่าเว อำเภอสุราษฏร์ธานี จังหวัดไชยา ประเทศไทย ', '84110', 'ืnukkakub@gmail.com', 1800),
('2018021700106', 48, '2018-02-17', '7%', 'สันติภาพ', 'ทองอุ่น', '0822855255', '111 ม.1 ต.ป่าเว อำเภอสุราษฏร์ธานี จังหวัดไชยา ประเทศไทย ', '84110', 'ืnukkakub@gmail.com', 398),
('2018021700107', 48, '2018-02-17', '7%', 'สันติภาพ', 'ทองอุ่น', '0822855255', '111 ม.1 ต.ป่าเว อำเภอสุราษฏร์ธานี จังหวัดไชยา ประเทศไทย ', '84110', 'ืnukkakub@gmail.com', 450),
('2018021700108', 48, '2018-02-17', '7%', 'สันติภาพ', 'ทองอุ่น', '0822855255', '111 ม.1 ต.ป่าเว อำเภอสุราษฏร์ธานี จังหวัดไชยา ประเทศไทย ', '84110', 'ืnukkakub@gmail.com', 1600),
('2018021700109', 48, '2018-02-17', '7%', 'สันติภาพ', 'ทองอุ่น', '0822855255', '111 ม.1 ต.ป่าเว อำเภอสุราษฏร์ธานี จังหวัดไชยา ประเทศไทย ', '84110', 'ืnukkakub@gmail.com', 600),
('2018021700110', 48, '2018-02-17', '7%', 'สันติภาพ', 'ทองอุ่น', '0822855255', '111 ม.1 ต.ป่าเว อำเภอสุราษฏร์ธานี จังหวัดไชยา ประเทศไทย ', '84110', 'ืnukkakub@gmail.com', 150),
('2018021700111', 48, '2018-02-17', '7%', 'สันติภาพ', 'ทองอุ่น', '0822855255', '111 ม.1 ต.ป่าเว อำเภอสุราษฏร์ธานี จังหวัดไชยา ประเทศไทย ', '84110', 'ืnukkakub@gmail.com', 3400),
('2018021700112', 48, '2018-02-17', '7%', 'สันติภาพ', 'ทองอุ่น', '0822855255', '111 ม.1 ต.ป่าเว อำเภอสุราษฏร์ธานี จังหวัดไชยา ประเทศไทย ', '84110', 'ืnukkakub@gmail.com', 3400),
('2018021700113', 49, '2018-02-17', '7%', 'มารีนา', 'พงษ์ชัยศรี', '0865233548', '8หมู่3 ต.บ้านพลับ อำเภออยุธยา จังหวัดบางประอิน ประเทศไทย ', '13160', 'submarine_kk@gmail.com', 3400),
('2018021700114', 49, '2018-02-17', '7%', 'มารีนา', 'พงษ์ชัยศรี', '0865233548', '8หมู่3 ต.บ้านพลับ อำเภออยุธยา จังหวัดบางประอิน ประเทศไทย ', '13160', 'submarine_kk@gmail.com', 450),
('2018021700115', 49, '2018-02-17', '7%', 'มารีนา', 'พงษ์ชัยศรี', '0865233548', '8หมู่3 ต.บ้านพลับ อำเภออยุธยา จังหวัดบางประอิน ประเทศไทย ', '13160', 'submarine_kk@gmail.com', 1500),
('2018021700116', 49, '2018-02-17', '7%', 'มารีนา', 'พงษ์ชัยศรี', '0865233548', '8หมู่3 ต.บ้านพลับ อำเภออยุธยา จังหวัดบางประอิน ประเทศไทย ', '13160', 'submarine_kk@gmail.com', 2850),
('2018021700117', 50, '2018-02-17', '7%', 'วิวัฒน์', 'อำอินทร์', '0877739387', '77/3. ม.9. นิรันทร์เนซิเดนท์3 ตึกRซ.รามคำแหง2 ถ.รามคำแหง2 เเขวงดอกไม้ อำเภอกรุงเทพมหานคร จังหวัดประเวศ ประเทศไทย ', '10250', 'vivaj_jubjub@outlook.com', 3400),
('2018021700118', 50, '2018-02-17', '7%', 'วิวัฒน์', 'อำอินทร์', '0877739387', '77/3. ม.9. นิรันทร์เนซิเดนท์3 ตึกRซ.รามคำแหง2 ถ.รามคำแหง2 เเขวงดอกไม้ อำเภอกรุงเทพมหานคร จังหวัดประเวศ ประเทศไทย ', '10250', 'vivaj_jubjub@outlook.com', 199),
('2018021700119', 50, '2018-02-17', '7%', 'วิวัฒน์', 'อำอินทร์', '0877739387', '77/3. ม.9. นิรันทร์เนซิเดนท์3 ตึกRซ.รามคำแหง2 ถ.รามคำแหง2 เเขวงดอกไม้ อำเภอกรุงเทพมหานคร จังหวัดประเวศ ประเทศไทย ', '10250', 'vivaj_jubjub@outlook.com', 199),
('2018021700120', 50, '2018-02-17', '7%', 'วิวัฒน์', 'อำอินทร์', '0877739387', '77/3. ม.9. นิรันทร์เนซิเดนท์3 ตึกRซ.รามคำแหง2 ถ.รามคำแหง2 เเขวงดอกไม้ อำเภอกรุงเทพมหานคร จังหวัดประเวศ ประเทศไทย ', '10250', 'vivaj_jubjub@outlook.com', 1099),
('2018021700121', 50, '2018-02-17', '7%', 'วิวัฒน์', 'อำอินทร์', '0877739387', '77/3. ม.9. นิรันทร์เนซิเดนท์3 ตึกRซ.รามคำแหง2 ถ.รามคำแหง2 เเขวงดอกไม้ อำเภอกรุงเทพมหานคร จังหวัดประเวศ ประเทศไทย ', '10250', 'vivaj_jubjub@outlook.com', 1800),
('2018021700122', 50, '2018-02-17', '7%', 'วิวัฒน์', 'อำอินทร์', '0877739387', '77/3. ม.9. นิรันทร์เนซิเดนท์3 ตึกRซ.รามคำแหง2 ถ.รามคำแหง2 เเขวงดอกไม้ อำเภอกรุงเทพมหานคร จังหวัดประเวศ ประเทศไทย ', '10250', 'vivaj_jubjub@outlook.com', 6100),
('2018021700123', 50, '2018-02-17', '7%', 'วิวัฒน์', 'อำอินทร์', '0877739387', '77/3. ม.9. นิรันทร์เนซิเดนท์3 ตึกRซ.รามคำแหง2 ถ.รามคำแหง2 เเขวงดอกไม้ อำเภอกรุงเทพมหานคร จังหวัดประเวศ ประเทศไทย ', '10250', 'vivaj_jubjub@outlook.com', 199),
('2018021700124', 50, '2018-02-17', '7%', 'วิวัฒน์', 'อำอินทร์', '0877739387', '77/3. ม.9. นิรันทร์เนซิเดนท์3 ตึกRซ.รามคำแหง2 ถ.รามคำแหง2 เเขวงดอกไม้ อำเภอกรุงเทพมหานคร จังหวัดประเวศ ประเทศไทย ', '10250', 'vivaj_jubjub@outlook.com', 850),
('2018021700125', 50, '2018-02-17', '7%', 'วิวัฒน์', 'อำอินทร์', '0877739387', '77/3. ม.9. นิรันทร์เนซิเดนท์3 ตึกRซ.รามคำแหง2 ถ.รามคำแหง2 เเขวงดอกไม้ อำเภอกรุงเทพมหานคร จังหวัดประเวศ ประเทศไทย ', '10250', 'vivaj_jubjub@outlook.com', 1985),
('2018021700126', 50, '2018-02-17', '7%', 'วิวัฒน์', 'อำอินทร์', '0877739387', '77/3. ม.9. นิรันทร์เนซิเดนท์3 ตึกRซ.รามคำแหง2 ถ.รามคำแหง2 เเขวงดอกไม้ อำเภอกรุงเทพมหานคร จังหวัดประเวศ ประเทศไทย ', '10250', 'vivaj_jubjub@outlook.com', 1400),
('2018021700127', 50, '2018-02-17', '7%', 'วิวัฒน์', 'อำอินทร์', '0877739387', '77/3. ม.9. นิรันทร์เนซิเดนท์3 ตึกRซ.รามคำแหง2 ถ.รามคำแหง2 เเขวงดอกไม้ อำเภอกรุงเทพมหานคร จังหวัดประเวศ ประเทศไทย ', '10250', 'vivaj_jubjub@outlook.com', 1150),
('2018021700128', 50, '2018-02-17', '7%', 'วิวัฒน์', 'อำอินทร์', '0877739387', '77/3. ม.9. นิรันทร์เนซิเดนท์3 ตึกRซ.รามคำแหง2 ถ.รามคำแหง2 เเขวงดอกไม้ อำเภอกรุงเทพมหานคร จังหวัดประเวศ ประเทศไทย ', '10250', 'vivaj_jubjub@outlook.com', 750),
('2018021700129', 50, '2018-02-17', '7%', 'วิวัฒน์', 'อำอินทร์', '0877739387', '77/3. ม.9. นิรันทร์เนซิเดนท์3 ตึกRซ.รามคำแหง2 ถ.รามคำแหง2 เเขวงดอกไม้ อำเภอกรุงเทพมหานคร จังหวัดประเวศ ประเทศไทย ', '10250', 'vivaj_jubjub@outlook.com', 2250),
('2018021700130', 50, '2018-02-17', '7%', 'วิวัฒน์', 'อำอินทร์', '0877739387', '77/3. ม.9. นิรันทร์เนซิเดนท์3 ตึกRซ.รามคำแหง2 ถ.รามคำแหง2 เเขวงดอกไม้ อำเภอกรุงเทพมหานคร จังหวัดประเวศ ประเทศไทย ', '10250', 'vivaj_jubjub@outlook.com', 1400),
('2018021700131', 50, '2018-02-17', '7%', 'วิวัฒน์', 'อำอินทร์', '0877739387', '77/3. ม.9. นิรันทร์เนซิเดนท์3 ตึกRซ.รามคำแหง2 ถ.รามคำแหง2 เเขวงดอกไม้ อำเภอกรุงเทพมหานคร จังหวัดประเวศ ประเทศไทย ', '10250', 'vivaj_jubjub@outlook.com', 649),
('2018021700132', 51, '2018-02-17', '7%', 'ประพนธ์', 'ทองผากิตติ', '0875665855', '6/1 ม.1 ต.ชะแล อำเภอกาญจนบุรี จังหวัดทองผาภูมิ ประเทศไทย ', '71180', 'pick_papol@hotmail.com', 3199),
('2018021700133', 51, '2018-02-17', '7%', 'ประพนธ์', 'ทองผากิตติ', '0875665855', '6/1 ม.1 ต.ชะแล อำเภอกาญจนบุรี จังหวัดทองผาภูมิ ประเทศไทย ', '71180', 'pick_papol@hotmail.com', 1800),
('2018021700134', 51, '2018-02-17', '7%', 'ประพนธ์', 'ทองผากิตติ', '0875665855', '6/1 ม.1 ต.ชะแล อำเภอกาญจนบุรี จังหวัดทองผาภูมิ ประเทศไทย ', '71180', 'pick_papol@hotmail.com', 349),
('2018021700135', 51, '2018-02-17', '7%', 'ประพนธ์', 'ทองผากิตติ', '0875665855', '6/1 ม.1 ต.ชะแล อำเภอกาญจนบุรี จังหวัดทองผาภูมิ ประเทศไทย ', '71180', 'pick_papol@hotmail.com', 3200),
('2018021700136', 51, '2018-02-17', '7%', 'ประพนธ์', 'ทองผากิตติ', '0875665855', '6/1 ม.1 ต.ชะแล อำเภอกาญจนบุรี จังหวัดทองผาภูมิ ประเทศไทย ', '71180', 'pick_papol@hotmail.com', 3400),
('2018021700137', 51, '2018-02-17', '7%', 'ประพนธ์', 'ทองผากิตติ', '0875665855', '6/1 ม.1 ต.ชะแล อำเภอกาญจนบุรี จังหวัดทองผาภูมิ ประเทศไทย ', '71180', 'pick_papol@hotmail.com', 450),
('2018021700138', 51, '2018-02-17', '7%', 'ประพนธ์', 'ทองผากิตติ', '0875665855', '6/1 ม.1 ต.ชะแล อำเภอกาญจนบุรี จังหวัดทองผาภูมิ ประเทศไทย ', '71180', 'pick_papol@hotmail.com', 1099),
('2018021700139', 51, '2018-02-17', '7%', 'ประพนธ์', 'ทองผากิตติ', '0875665855', '6/1 ม.1 ต.ชะแล อำเภอกาญจนบุรี จังหวัดทองผาภูมิ ประเทศไทย ', '71180', 'pick_papol@hotmail.com', 1500),
('2018021700140', 51, '2018-02-17', '7%', 'ประพนธ์', 'ทองผากิตติ', '0875665855', '6/1 ม.1 ต.ชะแล อำเภอกาญจนบุรี จังหวัดทองผาภูมิ ประเทศไทย ', '71180', 'pick_papol@hotmail.com', 1300),
('2018021700141', 51, '2018-02-17', '7%', 'ประพนธ์', 'ทองผากิตติ', '0875665855', '6/1 ม.1 ต.ชะแล อำเภอกาญจนบุรี จังหวัดทองผาภูมิ ประเทศไทย ', '71180', 'pick_papol@hotmail.com', 1800),
('2018021700142', 52, '2018-02-17', '7%', 'นิชนิภา', 'ปัทถรัตน์', '0862139514', '71/2 หมู่ 9ต.บ้านป่า อำเภอสระบุรี จังหวัดแก่งคอย ประเทศไทย ', '18110', 'rattanon@gmail.com', 1600),
('2018021700143', 68, '2018-02-17', '7%', 'สกลพงษ์', 'วงศานุกูล', '0884721443', '94/14 ต.นาโดน อำเภอนครนายก จังหวัดบ้านไร่ ประเทศไทย ', '21400', 'sakonpong1@gmail.com', 1600),
('2018021700144', 1, '2018-02-17', '7%', 'Admin', 'Fumin', '099-999-9999', '555/55 หมู่ 5 หมู่บ้าน 555 ตำบล รารา  อำเภอกรุงเทพ จังหวัดเมือง ประเทศประเทศไทย ', '10000', 'Luxor@info.com', 9000),
('2018021700145', 1, '2018-02-17', '7%', 'Admin', 'Fumin', '099-999-9999', '555/55 หมู่ 5 หมู่บ้าน 555 ตำบล รารา  อำเภอกรุงเทพ จังหวัดเมือง ประเทศประเทศไทย ', '10000', 'Luxor@info.com', 5700),
('2018021800001', 43, '2018-02-17', '7%', 'พิชัย', 'โปราณานนท์', '0837335378', '29/151 ม.10 ม.นนทิชาคลอง8 ต.ลำลูกกา อำเภอปทุมธานี จังหวัดลำลูกกา ประเทศไทย ', '12150', 'pichai.air@outlook.com', 1200),
('2018021800002', 43, '2018-02-17', '7%', 'พิชัย', 'โปราณานนท์', '0837335378', '29/151 ม.10 ม.นนทิชาคลอง8 ต.ลำลูกกา อำเภอปทุมธานี จังหวัดลำลูกกา ประเทศไทย ', '12150', 'pichai.air@outlook.com', 3400),
('2018022100001', 3, '2018-02-21', '7%', 'พรเทพ', 'อภิรักษ์ลี้พล', '083546053', '3 พุทธรักษา2 ต.สนามจันทร์  อำเภอนครปฐม จังหวัดเมือง ประเทศไทย ', '73000', 'apiraklypol_p@hotmail.com', 1900),
('2018022400001', 43, '2018-02-17', '7%', 'พิชัย', 'โปราณานนท์', '0837335378', '29/151 ม.10 ม.นนทิชาคลอง8 ต.ลำลูกกา อำเภอปทุมธานี จังหวัดลำลูกกา ประเทศไทย ', '12150', 'pichai.air@outlook.com', 1400),
('2018022600001', 43, '2018-02-17', '7%', 'พิชัย', 'โปราณานนท์', '0837335378', '29/151 ม.10 ม.นนทิชาคลอง8 ต.ลำลูกกา อำเภอปทุมธานี จังหวัดลำลูกกา ประเทศไทย ', '12150', 'pichai.air@outlook.com', 1300),
('2018022600002', 43, '2018-02-17', '7%', 'พิชัย', 'โปราณานนท์', '0837335378', '29/151 ม.10 ม.นนทิชาคลอง8 ต.ลำลูกกา อำเภอปทุมธานี จังหวัดลำลูกกา ประเทศไทย ', '12150', 'pichai.air@outlook.com', 1699),
('2018022800001', 43, '2018-02-17', '7%', 'พิชัย', 'โปราณานนท์', '0837335378', '29/151 ม.10 ม.นนทิชาคลอง8 ต.ลำลูกกา อำเภอปทุมธานี จังหวัดลำลูกกา ประเทศไทย ', '12150', 'pichai.air@outlook.com', 1400),
('2018022800002', 44, '2018-02-17', '7%', 'กรชนก', 'เจดีย์ศรี', '0876542321', '21/27 ถ.ข้าหลวง อำเภอน่าน จังหวัดเมือง ประเทศไทย ', '55000', 'kornchanok-jade@yahoo.com', 1900),
('2018030100001', 44, '2018-02-17', '7%', 'กรชนก', 'เจดีย์ศรี', '0876542321', '21/27 ถ.ข้าหลวง อำเภอน่าน จังหวัดเมือง ประเทศไทย ', '55000', 'kornchanok-jade@yahoo.com', 5397),
('2018030100002', 44, '2018-02-17', '7%', 'กรชนก', 'เจดีย์ศรี', '0876542321', '21/27 ถ.ข้าหลวง อำเภอน่าน จังหวัดเมือง ประเทศไทย ', '55000', 'kornchanok-jade@yahoo.com', 450),
('2018030200001', 44, '2018-02-17', '7%', 'กรชนก', 'เจดีย์ศรี', '0876542321', '21/27 ถ.ข้าหลวง อำเภอน่าน จังหวัดเมือง ประเทศไทย ', '55000', 'kornchanok-jade@yahoo.com', 1800),
('2018030200002', 44, '2018-02-17', '7%', 'กรชนก', 'เจดีย์ศรี', '0876542321', '21/27 ถ.ข้าหลวง อำเภอน่าน จังหวัดเมือง ประเทศไทย ', '55000', 'kornchanok-jade@yahoo.com', 1150),
('2018030500001', 44, '2018-02-17', '7%', 'กรชนก', 'เจดีย์ศรี', '0876542321', '21/27 ถ.ข้าหลวง อำเภอน่าน จังหวัดเมือง ประเทศไทย ', '55000', 'kornchanok-jade@yahoo.com', 1500),
('2018030700001', 44, '2018-02-17', '7%', 'กรชนก', 'เจดีย์ศรี', '0876542321', '21/27 ถ.ข้าหลวง อำเภอน่าน จังหวัดเมือง ประเทศไทย ', '55000', 'kornchanok-jade@yahoo.com', 900),
('2018030900001', 44, '2018-02-17', '7%', 'กรชนก', 'เจดีย์ศรี', '0876542321', '21/27 ถ.ข้าหลวง อำเภอน่าน จังหวัดเมือง ประเทศไทย ', '55000', 'kornchanok-jade@yahoo.com', 3199),
('2018030900002', 44, '2018-02-17', '7%', 'กรชนก', 'เจดีย์ศรี', '0876542321', '21/27 ถ.ข้าหลวง อำเภอน่าน จังหวัดเมือง ประเทศไทย ', '55000', 'kornchanok-jade@yahoo.com', 1320),
('2018031000001', 44, '2018-02-17', '7%', 'กรชนก', 'เจดีย์ศรี', '0876542321', '21/27 ถ.ข้าหลวง อำเภอน่าน จังหวัดเมือง ประเทศไทย ', '55000', 'kornchanok-jade@yahoo.com', 3250),
('2018031100001', 44, '2018-02-17', '7%', 'กรชนก', 'เจดีย์ศรี', '0876542321', '21/27 ถ.ข้าหลวง อำเภอน่าน จังหวัดเมือง ประเทศไทย ', '55000', 'kornchanok-jade@yahoo.com', 1985),
('2018031200001', 1, '2018-03-12', '7%', 'Admin', 'Fumin', '099-999-9999', '555/55 หมู่ 5 หมู่บ้าน 555 ตำบล รารา  อำเภอกรุงเทพ จังหวัดเมือง ประเทศประเทศไทย ', '10000', 'Luxor@info.com', 3200),
('2018031500001', 45, '2018-02-17', '7%', 'ณรงค์', 'ดิษยธำรงค์', '034482212', '340/918 ม.3. ต.บางปูใหม่ อำเภอสมุทรปราการ จังหวัดเมือง ประเทศไทย ', '10280', 'bangkajoknaza@gmail.com', 1396),
('2018031500002', 45, '2018-02-17', '7%', 'ณรงค์', 'ดิษยธำรงค์', '034482212', '340/918 ม.3. ต.บางปูใหม่ อำเภอสมุทรปราการ จังหวัดเมือง ประเทศไทย ', '10280', 'bangkajoknaza@gmail.com', 199),
('2018031500003', 45, '2018-02-17', '7%', 'ณรงค์', 'ดิษยธำรงค์', '034482212', '340/918 ม.3. ต.บางปูใหม่ อำเภอสมุทรปราการ จังหวัดเมือง ประเทศไทย ', '10280', 'bangkajoknaza@gmail.com', 1300),
('2018031700001', 45, '2018-02-17', '7%', 'ณรงค์', 'ดิษยธำรงค์', '034482212', '340/918 ม.3. ต.บางปูใหม่ อำเภอสมุทรปราการ จังหวัดเมือง ประเทศไทย ', '10280', 'bangkajoknaza@gmail.com', 1300),
('2018031700002', 45, '2018-02-17', '7%', 'ณรงค์', 'ดิษยธำรงค์', '034482212', '340/918 ม.3. ต.บางปูใหม่ อำเภอสมุทรปราการ จังหวัดเมือง ประเทศไทย ', '10280', 'bangkajoknaza@gmail.com', 1600),
('2018032000001', 45, '2018-02-17', '7%', 'ณรงค์', 'ดิษยธำรงค์', '034482212', '340/918 ม.3. ต.บางปูใหม่ อำเภอสมุทรปราการ จังหวัดเมือง ประเทศไทย ', '10280', 'bangkajoknaza@gmail.com', 6000),
('2018032400001', 45, '2018-02-17', '7%', 'ณรงค์', 'ดิษยธำรงค์', '034482212', '340/918 ม.3. ต.บางปูใหม่ อำเภอสมุทรปราการ จังหวัดเมือง ประเทศไทย ', '10280', 'bangkajoknaza@gmail.com', 1000),
('2018033000001', 45, '2018-02-17', '7%', 'ณรงค์', 'ดิษยธำรงค์', '034482212', '340/918 ม.3. ต.บางปูใหม่ อำเภอสมุทรปราการ จังหวัดเมือง ประเทศไทย ', '10280', 'bangkajoknaza@gmail.com', 1985),
('2018033100001', 45, '2018-02-17', '7%', 'ณรงค์', 'ดิษยธำรงค์', '034482212', '340/918 ม.3. ต.บางปูใหม่ อำเภอสมุทรปราการ จังหวัดเมือง ประเทศไทย ', '10280', 'bangkajoknaza@gmail.com', 2300);

-- --------------------------------------------------------

--
-- Table structure for table `payment`
--

CREATE TABLE `payment` (
  `id_payment` int(11) NOT NULL,
  `Type_payment` varchar(255) NOT NULL,
  `Payment_Status` varchar(255) NOT NULL,
  `DatePayment` date NOT NULL,
  `id_code` int(11) DEFAULT NULL
) ENGINE=InnoDB DEFAULT CHARSET=utf8;

--
-- Dumping data for table `payment`
--

INSERT INTO `payment` (`id_payment`, `Type_payment`, `Payment_Status`, `DatePayment`, `id_code`) VALUES
(81, 'VISA', 'pay', '2018-02-16', NULL),
(82, 'VISA', 'pay', '2018-02-16', NULL),
(83, 'VISA', 'pay', '2018-02-16', NULL),
(84, 'VISA', 'pay', '2018-02-16', NULL),
(85, 'VISA', 'pay', '2018-02-16', NULL),
(86, 'VISA', 'pay', '2018-02-16', NULL),
(87, 'VISA', 'pay', '2018-02-16', NULL),
(88, 'VISA', 'pay', '2018-02-16', NULL),
(89, 'VISA', 'pay', '2018-02-16', NULL),
(90, 'VISA', 'pay', '2018-02-16', NULL),
(91, 'VISA', 'pay', '2018-02-16', NULL),
(92, 'VISA', 'pay', '2018-02-16', NULL),
(93, 'VISA', 'pay', '2018-02-16', NULL),
(94, 'VISA', 'pay', '2018-02-16', NULL),
(95, 'VISA', 'pay', '2018-02-16', NULL),
(96, 'VISA', 'pay', '2018-02-16', NULL),
(97, 'VISA', 'pay', '2018-02-16', NULL),
(98, 'VISA', 'pay', '2018-02-16', NULL),
(99, 'VISA', 'pay', '2018-02-16', NULL),
(100, 'VISA', 'pay', '2018-02-16', NULL),
(101, 'VISA', 'pay', '2018-02-16', NULL),
(102, 'VISA', 'pay', '2018-02-16', NULL),
(103, 'VISA', 'pay', '2018-02-16', NULL),
(104, 'VISA', 'pay', '2018-02-16', NULL),
(105, 'VISA', 'pay', '2018-02-16', NULL),
(106, 'VISA', 'pay', '2018-02-16', NULL),
(107, 'VISA', 'pay', '2018-02-16', NULL),
(108, 'VISA', 'pay', '2018-02-16', NULL),
(109, 'VISA', 'pay', '2018-02-16', NULL),
(110, 'VISA', 'pay', '2018-02-16', NULL),
(111, 'VISA', 'pay', '2018-02-16', NULL),
(112, 'VISA', 'pay', '2018-02-16', NULL),
(113, 'VISA', 'pay', '2018-02-16', NULL),
(114, 'VISA', 'pay', '2018-02-16', NULL),
(115, 'VISA', 'pay', '2018-02-16', NULL),
(116, 'VISA', 'pay', '2018-02-16', NULL),
(117, 'VISA', 'pay', '2018-02-16', NULL),
(118, 'VISA', 'pay', '2018-02-16', NULL),
(119, 'VISA', 'pay', '2018-02-16', NULL),
(120, 'VISA', 'pay', '2018-02-16', NULL),
(121, 'VISA', 'pay', '2018-02-16', NULL),
(122, 'VISA', 'pay', '2018-02-16', NULL),
(123, 'VISA', 'pay', '2018-02-16', NULL),
(124, 'VISA', 'pay', '2018-02-16', NULL),
(125, 'VISA', 'pay', '2018-02-16', NULL),
(126, 'VISA', 'pay', '2018-02-16', NULL),
(127, 'VISA', 'pay', '2018-02-16', NULL),
(128, 'VISA', 'pay', '2018-02-16', NULL),
(129, 'VISA', 'pay', '2018-02-16', NULL),
(130, 'VISA', 'pay', '2018-02-16', NULL),
(131, 'VISA', 'pay', '2018-02-16', NULL),
(132, 'VISA', 'pay', '2018-02-16', NULL),
(133, 'VISA', 'pay', '2018-02-16', NULL),
(134, 'VISA', 'pay', '2018-02-16', NULL),
(135, 'VISA', 'pay', '2018-02-16', NULL),
(136, 'VISA', 'pay', '2018-02-16', NULL),
(137, 'VISA', 'pay', '2018-02-16', NULL),
(138, 'VISA', 'pay', '2018-02-16', NULL),
(139, 'VISA', 'pay', '2018-02-16', NULL),
(140, 'VISA', 'pay', '2018-02-16', NULL),
(141, 'VISA', 'pay', '2018-02-16', NULL),
(142, 'VISA', 'pay', '2018-02-16', NULL),
(143, 'VISA', 'pay', '2018-02-16', NULL),
(144, 'VISA', 'pay', '2018-02-16', NULL),
(145, 'VISA', 'pay', '2018-02-16', NULL),
(146, 'VISA', 'pay', '2018-02-16', NULL),
(147, 'VISA', 'pay', '2018-02-16', NULL),
(148, 'VISA', 'pay', '2018-02-16', NULL),
(149, 'VISA', 'pay', '2018-02-16', NULL),
(150, 'VISA', 'pay', '2018-02-16', NULL),
(151, 'VISA', 'pay', '2018-02-16', NULL),
(152, 'VISA', 'pay', '2018-02-16', NULL),
(153, 'VISA', 'pay', '2018-02-16', NULL),
(154, 'VISA', 'pay', '2018-02-16', NULL),
(155, 'VISA', 'pay', '2018-02-16', NULL),
(156, 'VISA', 'pay', '2018-02-16', NULL),
(157, 'VISA', 'pay', '2018-02-16', NULL),
(158, 'VISA', 'pay', '2018-02-16', NULL),
(159, 'VISA', 'pay', '2018-02-16', NULL),
(160, 'VISA', 'pay', '2018-02-16', NULL),
(161, 'VISA', 'pay', '2018-02-16', NULL),
(162, 'VISA', 'pay', '2018-02-16', NULL),
(163, 'VISA', 'pay', '2018-02-16', NULL),
(164, 'VISA', 'pay', '2018-02-16', NULL),
(165, 'VISA', 'pay', '2018-02-16', NULL),
(166, 'VISA', 'pay', '2018-02-16', NULL),
(167, 'VISA', 'pay', '2018-02-16', NULL),
(168, 'VISA', 'pay', '2018-02-16', NULL),
(169, 'VISA', 'pay', '2018-02-16', NULL),
(170, 'VISA', 'pay', '2018-02-16', NULL),
(171, 'VISA', 'pay', '2018-02-16', NULL),
(172, 'VISA', 'pay', '2018-02-16', NULL),
(173, 'VISA', 'pay', '2018-02-16', NULL),
(174, 'VISA', 'pay', '2018-02-16', NULL),
(175, 'VISA', 'pay', '2018-02-16', NULL),
(176, 'VISA', 'pay', '2018-02-16', NULL),
(177, 'VISA', 'pay', '2018-02-16', NULL),
(178, 'VISA', 'pay', '2018-02-16', NULL),
(179, 'VISA', 'pay', '2018-02-16', NULL),
(180, 'VISA', 'pay', '2018-02-16', NULL),
(181, 'VISA', 'pay', '2018-02-16', NULL),
(182, 'VISA', 'pay', '2018-02-16', NULL),
(183, 'VISA', 'pay', '2018-02-16', NULL),
(184, 'VISA', 'pay', '2018-02-16', NULL),
(185, 'VISA', 'pay', '2018-02-16', NULL),
(186, 'VISA', 'pay', '2018-02-16', NULL),
(187, 'VISA', 'pay', '2018-02-16', NULL),
(188, 'VISA', 'pay', '2018-02-16', NULL),
(189, 'VISA', 'pay', '2018-02-16', NULL),
(190, 'VISA', 'pay', '2018-02-16', NULL),
(191, 'VISA', 'pay', '2018-02-16', NULL),
(192, 'VISA', 'pay', '2018-02-16', NULL),
(193, 'VISA', 'pay', '2018-02-16', NULL),
(194, 'VISA', 'pay', '2018-02-16', NULL),
(195, 'VISA', 'pay', '2018-02-16', NULL),
(196, 'VISA', 'pay', '2018-02-16', NULL),
(197, 'VISA', 'pay', '2018-02-16', NULL),
(198, 'VISA', 'pay', '2018-02-16', NULL),
(199, 'VISA', 'pay', '2018-02-16', NULL),
(200, 'VISA', 'pay', '2018-02-16', NULL),
(201, 'VISA', 'pay', '2018-02-16', NULL),
(202, 'VISA', 'pay', '2018-02-16', NULL),
(203, 'VISA', 'pay', '2018-02-16', NULL),
(204, 'VISA', 'pay', '2018-02-16', NULL),
(205, 'VISA', 'pay', '2018-02-16', NULL),
(206, 'VISA', 'pay', '2018-02-16', NULL),
(207, 'VISA', 'pay', '2018-02-16', NULL),
(208, 'VISA', 'pay', '2018-02-16', NULL),
(209, 'VISA', 'pay', '2018-02-16', NULL),
(210, 'VISA', 'pay', '2018-02-16', NULL),
(211, 'VISA', 'pay', '2018-02-16', NULL),
(212, 'VISA', 'pay', '2018-02-16', NULL),
(213, 'VISA', 'pay', '2018-02-16', NULL),
(214, 'VISA', 'pay', '2018-02-16', NULL),
(215, 'VISA', 'pay', '2018-02-16', NULL),
(216, 'VISA', 'pay', '2018-02-16', NULL),
(217, 'VISA', 'pay', '2018-02-16', NULL),
(218, 'VISA', 'pay', '2018-02-16', NULL),
(219, 'VISA', 'pay', '2018-02-16', NULL),
(220, 'VISA', 'pay', '2018-02-16', NULL),
(221, 'VISA', 'pay', '2018-02-16', NULL),
(222, 'VISA', 'pay', '2018-02-16', NULL),
(223, 'VISA', 'pay', '2018-02-16', NULL),
(224, 'VISA', 'pay', '2018-02-16', NULL),
(225, 'VISA', 'pay', '2018-02-16', NULL),
(226, 'VISA', 'pay', '2018-02-16', NULL),
(227, 'VISA', 'pay', '2018-02-16', NULL),
(228, 'VISA', 'pay', '2018-02-16', NULL),
(229, 'VISA', 'pay', '2018-02-16', NULL),
(230, 'VISA', 'pay', '2018-02-16', NULL),
(231, 'VISA', 'pay', '2018-02-16', NULL),
(232, 'VISA', 'pay', '2018-02-16', NULL),
(233, 'VISA', 'pay', '2018-02-16', NULL),
(234, 'VISA', 'pay', '2018-02-16', NULL),
(235, 'VISA', 'pay', '2018-02-16', NULL),
(236, 'VISA', 'pay', '2018-02-16', NULL),
(237, 'VISA', 'pay', '2018-02-16', NULL),
(238, 'VISA', 'pay', '2018-02-16', NULL),
(239, 'VISA', 'pay', '2018-02-16', NULL),
(240, 'VISA', 'pay', '2018-02-16', NULL),
(241, 'VISA', 'pay', '2018-02-16', NULL),
(242, 'VISA', 'pay', '2018-02-16', NULL),
(243, 'VISA', 'pay', '2018-02-16', NULL),
(244, 'VISA', 'pay', '2018-02-16', NULL),
(245, 'VISA', 'pay', '2018-02-16', NULL),
(246, 'VISA', 'pay', '2018-02-16', NULL),
(247, 'VISA', 'pay', '2018-02-16', NULL),
(248, 'VISA', 'pay', '2018-02-16', NULL),
(249, 'VISA', 'pay', '2018-02-16', NULL),
(250, 'VISA', 'pay', '2018-02-16', NULL),
(251, 'VISA', 'pay', '2018-02-16', NULL),
(252, 'VISA', 'pay', '2018-02-16', NULL),
(253, 'VISA', 'pay', '2018-02-16', NULL),
(254, 'VISA', 'pay', '2018-02-16', NULL),
(255, 'VISA', 'pay', '2018-02-16', NULL),
(256, 'VISA', 'pay', '2018-02-16', NULL),
(257, 'VISA', 'pay', '2018-02-16', NULL),
(258, 'VISA', 'pay', '2018-02-16', NULL),
(259, 'VISA', 'pay', '2018-02-16', NULL),
(260, 'VISA', 'pay', '2018-02-16', NULL),
(261, 'VISA', 'pay', '2018-02-16', NULL),
(262, 'VISA', 'pay', '2018-02-16', NULL),
(263, 'VISA', 'pay', '2018-02-16', NULL),
(264, 'VISA', 'pay', '2018-02-16', NULL),
(265, 'VISA', 'pay', '2018-02-16', NULL),
(266, 'VISA', 'pay', '2018-02-16', NULL),
(267, 'VISA', 'pay', '2018-02-16', NULL),
(268, 'VISA', 'pay', '2018-02-16', NULL),
(269, 'VISA', 'pay', '2018-02-16', NULL),
(270, 'VISA', 'pay', '2018-02-16', NULL),
(271, 'VISA', 'pay', '2018-02-16', NULL),
(272, 'VISA', 'pay', '2018-02-16', NULL),
(273, 'VISA', 'pay', '2018-02-16', NULL),
(274, 'VISA', 'pay', '2018-02-16', NULL),
(275, 'VISA', 'pay', '2018-02-16', NULL),
(276, 'VISA', 'pay', '2018-02-16', NULL),
(277, 'VISA', 'pay', '2018-02-16', NULL),
(278, 'VISA', 'pay', '2018-02-16', NULL),
(279, 'VISA', 'pay', '2018-02-16', NULL),
(280, 'VISA', 'pay', '2018-02-16', NULL),
(281, 'VISA', 'pay', '2018-02-16', NULL),
(282, 'VISA', 'pay', '2018-02-16', NULL),
(283, 'VISA', 'pay', '2018-02-16', NULL),
(284, 'VISA', 'pay', '2018-02-16', NULL),
(285, 'VISA', 'pay', '2018-02-16', NULL),
(286, 'VISA', 'pay', '2018-02-16', NULL),
(287, 'VISA', 'pay', '2018-02-16', NULL),
(288, 'VISA', 'pay', '2018-02-16', NULL),
(289, 'VISA', 'pay', '2018-02-16', NULL),
(290, 'VISA', 'pay', '2018-02-16', NULL),
(291, 'VISA', 'pay', '2018-02-16', NULL),
(292, 'VISA', 'pay', '2018-02-16', NULL),
(293, 'VISA', 'pay', '2018-02-16', NULL),
(294, 'VISA', 'pay', '2018-02-16', NULL),
(295, 'VISA', 'pay', '2018-02-16', NULL),
(296, 'VISA', 'pay', '2018-02-16', NULL),
(297, 'VISA', 'pay', '2018-02-16', NULL),
(298, 'VISA', 'pay', '2018-02-16', NULL),
(299, 'VISA', 'pay', '2018-02-16', NULL),
(300, 'VISA', 'pay', '2018-02-16', NULL),
(301, 'VISA', 'pay', '2018-02-16', NULL),
(302, 'VISA', 'pay', '2018-02-16', NULL),
(303, 'VISA', 'pay', '2018-02-16', NULL),
(304, 'VISA', 'pay', '2018-02-16', NULL),
(305, 'VISA', 'pay', '2018-02-16', NULL),
(306, 'VISA', 'pay', '2018-02-16', NULL),
(307, 'VISA', 'pay', '2018-02-16', NULL),
(308, 'VISA', 'pay', '2018-02-16', NULL),
(309, 'VISA', 'pay', '2018-02-16', NULL),
(310, 'VISA', 'pay', '2018-02-16', NULL),
(311, 'VISA', 'pay', '2018-02-16', NULL),
(312, 'VISA', 'pay', '2018-02-16', NULL),
(313, 'VISA', 'pay', '2018-02-16', NULL),
(314, 'VISA', 'pay', '2018-02-16', NULL),
(315, 'VISA', 'pay', '2018-02-16', NULL),
(316, 'VISA', 'pay', '2018-02-16', NULL),
(317, 'VISA', 'pay', '2018-02-16', NULL),
(318, 'VISA', 'pay', '2018-02-16', NULL),
(319, 'VISA', 'pay', '2018-02-16', NULL),
(320, 'VISA', 'pay', '2018-02-16', NULL),
(321, 'VISA', 'pay', '2018-02-16', NULL),
(322, 'VISA', 'pay', '2018-02-16', NULL),
(323, 'VISA', 'pay', '2018-02-16', NULL),
(324, 'VISA', 'pay', '2018-02-16', NULL),
(325, 'VISA', 'pay', '2018-02-16', NULL),
(326, 'VISA', 'pay', '2018-02-16', NULL),
(327, 'VISA', 'pay', '2018-02-16', NULL),
(328, 'VISA', 'pay', '2018-02-16', NULL),
(329, 'VISA', 'pay', '2018-02-16', NULL),
(330, 'VISA', 'pay', '2018-02-16', NULL),
(331, 'VISA', 'pay', '2018-02-16', NULL),
(332, 'VISA', 'pay', '2018-02-16', NULL),
(333, 'VISA', 'pay', '2018-02-16', NULL),
(334, 'VISA', 'pay', '2018-02-16', NULL),
(335, 'VISA', 'pay', '2018-02-16', NULL),
(336, 'VISA', 'pay', '2018-02-16', NULL),
(337, 'VISA', 'pay', '2018-02-16', NULL),
(338, 'VISA', 'pay', '2018-02-16', NULL),
(339, 'VISA', 'pay', '2018-02-16', NULL),
(340, 'VISA', 'pay', '2018-02-16', NULL),
(341, 'VISA', 'pay', '2018-02-16', NULL),
(342, 'VISA', 'pay', '2018-02-16', NULL),
(343, 'VISA', 'pay', '2018-02-16', NULL),
(344, 'VISA', 'pay', '2018-02-16', NULL),
(345, 'VISA', 'pay', '2018-02-16', NULL),
(346, 'VISA', 'pay', '2018-02-16', NULL),
(347, 'VISA', 'pay', '2018-02-16', NULL),
(348, 'VISA', 'pay', '2018-02-16', NULL),
(349, 'VISA', 'pay', '2018-02-16', NULL),
(350, 'VISA', 'pay', '2018-02-16', NULL),
(351, 'VISA', 'pay', '2018-02-16', NULL),
(352, 'VISA', 'pay', '2018-02-16', NULL),
(353, 'VISA', 'pay', '2018-02-16', NULL),
(354, 'VISA', 'pay', '2018-02-16', NULL),
(355, 'VISA', 'pay', '2018-02-16', NULL),
(356, 'VISA', 'pay', '2018-02-16', NULL),
(357, 'VISA', 'pay', '2018-02-16', NULL),
(358, 'VISA', 'pay', '2018-02-16', NULL),
(359, 'VISA', 'pay', '2018-02-16', NULL),
(360, 'VISA', 'pay', '2018-02-16', NULL),
(361, 'VISA', 'pay', '2018-02-16', NULL),
(362, 'VISA', 'pay', '2018-02-16', NULL),
(363, 'VISA', 'pay', '2018-02-16', NULL),
(364, 'VISA', 'pay', '2018-02-16', NULL),
(365, 'VISA', 'pay', '2018-02-16', NULL),
(366, 'VISA', 'pay', '2018-02-16', NULL),
(367, 'VISA', 'pay', '2018-02-16', NULL),
(368, 'VISA', 'pay', '2018-02-16', NULL),
(369, 'VISA', 'pay', '2018-02-16', NULL),
(370, 'VISA', 'pay', '2018-02-16', NULL),
(371, 'VISA', 'pay', '2018-02-16', NULL),
(372, 'VISA', 'pay', '2018-02-16', NULL),
(373, 'VISA', 'pay', '2018-02-16', NULL),
(374, 'VISA', 'pay', '2018-02-16', NULL),
(375, 'VISA', 'pay', '2018-02-16', NULL),
(376, 'VISA', 'pay', '2018-02-16', NULL),
(377, 'VISA', 'pay', '2018-02-16', NULL),
(378, 'VISA', 'pay', '2018-02-16', NULL),
(379, 'VISA', 'pay', '2018-02-16', NULL),
(380, 'VISA', 'pay', '2018-02-16', NULL),
(381, 'VISA', 'pay', '2018-02-16', NULL),
(382, 'VISA', 'pay', '2018-02-16', NULL),
(383, 'VISA', 'pay', '2018-02-16', NULL),
(384, 'VISA', 'pay', '2018-02-16', NULL),
(385, 'VISA', 'pay', '2018-02-16', NULL),
(386, 'VISA', 'pay', '2018-02-16', NULL),
(387, 'VISA', 'pay', '2018-02-16', NULL),
(388, 'VISA', 'pay', '2018-02-16', NULL),
(389, 'VISA', 'pay', '2018-02-16', NULL),
(390, 'VISA', 'pay', '2018-02-16', NULL),
(391, 'VISA', 'pay', '2018-02-16', NULL),
(392, 'VISA', 'pay', '2018-02-16', NULL),
(393, 'VISA', 'pay', '2018-02-16', NULL),
(394, 'VISA', 'pay', '2018-02-16', NULL),
(395, 'VISA', 'pay', '2018-02-16', NULL),
(396, 'VISA', 'pay', '2018-02-16', NULL),
(397, 'VISA', 'pay', '2018-02-16', NULL),
(398, 'VISA', 'pay', '2018-02-16', NULL),
(399, 'VISA', 'pay', '2018-02-16', NULL),
(400, 'VISA', 'pay', '2018-02-16', NULL),
(401, 'VISA', 'pay', '2018-02-16', NULL),
(402, 'VISA', 'pay', '2018-02-16', NULL),
(403, 'VISA', 'pay', '2018-02-16', NULL),
(404, 'VISA', 'pay', '2018-02-16', NULL),
(405, 'VISA', 'pay', '2018-02-16', NULL),
(406, 'VISA', 'pay', '2018-02-16', NULL),
(407, 'VISA', 'pay', '2018-02-16', NULL),
(408, 'VISA', 'pay', '2018-02-17', NULL),
(409, 'VISA', 'pay', '2018-02-17', NULL),
(410, 'VISA', 'pay', '2018-02-20', NULL),
(411, 'VISA', 'pay', '2018-03-12', NULL);

-- --------------------------------------------------------

--
-- Table structure for table `product`
--

CREATE TABLE `product` (
  `id_product` int(11) NOT NULL,
  `NameProduct` varchar(300) NOT NULL,
  `Status` varchar(50) NOT NULL,
  `PriceProduct` varchar(10) NOT NULL,
  `discount` varchar(100) NOT NULL,
  `tax` varchar(3) NOT NULL,
  `date_input` date NOT NULL,
  `productDetail` varchar(255) NOT NULL,
  `textProductDetail` text NOT NULL,
  `checkCustomize` varchar(1) NOT NULL,
  `id_type` int(11) NOT NULL,
  `id_store` int(11) NOT NULL
) ENGINE=InnoDB DEFAULT CHARSET=utf8;

--
-- Dumping data for table `product`
--

INSERT INTO `product` (`id_product`, `NameProduct`, `Status`, `PriceProduct`, `discount`, `tax`, `date_input`, `productDetail`, `textProductDetail`, `checkCustomize`, `id_type`, `id_store`) VALUES
(23, 'กระเป๋า Jai หนังแท้สีดำ', 'Stock', '1800', '0%', '7%', '2018-02-16', 'สินค้าใหม่', 'Exclusive Collection กระเป๋าจากร้านใจรุ่นใจรัก ทำจากหนังวัวแท้แสตมป์ลายจระเข้สีดำ นำมาตัดเย็บเข้ากับผ้าปักชาวเขา ด้านหน้าปิดเปิดด้วยตัวแม่เหล็กอย่างดี ด้านหลังกระเป๋ามีช่องใส่ของ ด้านในบุด้วยซับในหนังกลับอย่างดี ไม่มีปํญหาเรื่องลอกเป็นขุยเมื่อใช้ไปนานๆ มีสายสะพายแบบถอดเก็บได้ให้ด้วย \r\nขนาดของกระเป๋า ยาว 29 CM สูง 20 CM กว้าง 4 CM \r\nกระเป๋าจากร้านใจทุกใบเราทำออกมาเพียงแค่ 1 ใบ ถือไปที่ไหนๆในโลกก็ไม่ซ้ำกับใคร งานกระเป๋าทุกใบเราถือเป็นงานศิลปะซึ่งมีคุณค่าในตัวและช่วยส่งเสริมให้ผู้ถือมีเอกลักษณ์เฉพาะตัวคุณจะเกลายป็นคนนึงที่แตกต่าง โดดเด่น จากคนอื่น ', '1', 5, 15),
(24, 'กระเป๋า Jai ไหมไทยสีฟ้า', 'Stock', '1900', '0%', '7%', '2018-02-16', 'สินค้าใหม่', 'Exclusive Collection กระเป๋าจากร้านใจรุ่นใจรัก ทำจากหนังวัวแท้แสตมป์ลายจระเข้สีดำ นำมาตัดเย็บเข้ากับผ้าไหมมัดหมี่ทอมือ ด้านหน้าปิดเปิดด้วยตัวแม่เหล็กอย่างดี ด้านหลังกระเป๋ามีช่องใส่ของ ด้านในบุด้วยซับในหนังกลับอย่างดี ไม่มีปํญหาเรื่องลอกเป็นขุยเมื่อใช้ไปนานๆ มีสายสะพายแบบถอดเก็บได้ให้ด้วย \r\nขนาดของกระเป๋า ยาว 29 CM สูง 20 CM กว้าง 5 CM \r\nกระเป๋าจากร้านใจทุกใบเราทำออกมาเพียงแค่ 1 ใบ ถือไปที่ไหนๆในโลกก็ไม่ซ้ำกับใคร งานกระเป๋าทุกใบเราถือเป็นงานศิลปะซึ่งมีคุณค่าในตัวและช่วยส่งเสริมให้ผู้ถือมีเอกลักษณ์เฉพาะตัวคุณจะเกลายป็นคนนึงที่แตกต่าง โดดเด่น จากคนอื่น ', '0', 5, 15),
(25, 'กระเป๋า Jai ไหมไทย สีดำ', 'Stock', '1400', '0%', '7%', '2018-02-16', 'สินค้ายอดนิยม', 'กระเป๋าสะพาย/ถือ ที่สวยงามมีเอกลักษณ์ เป็นกระเป๋าที่สามารถใช้งานได้ทั้งวัน ใบนี้ทำจาก ผ้าไหมมัดหมี่และหนังวัวแท้สีดำ มีสายสะพายซึ่งสามารถปรับความสั้นยาวและถอดออกได้ หากคุณต้องการกระเป๋าที่ไม่ซ้ำใคร กระเป๋าใบนี้ตอบโจทย์ให้คุณได้ วัสดุภายนอก ตกแต่งด้วย อุปกรณ์สีทอง ด้านหน้ามีโลโก้ Jai แบบแสตมป์จม มีกระเป๋าใส่ของด้านหลังเปิดปิดด้วยแม่เหล็ก ซิปสองทางสีทองอย่างดี \r\nวัสดุภายใน กระเป๋าติดซิปสีทองอย่างดี 2 ช่อง มีช่องสำหรับใส่มือถือและบัตรต่างๆ และใช้ซับในหนังกลับสีดำ\r\nขนาดของกระเป๋า สูง 23 ยาว 30 กว้าง 18 ซม.', '0', 5, 15),
(27, 'กระเป๋า Jai ลายขิต สีม่วงทอง', 'Stock', '1500', '0%', '7%', '2018-02-16', 'สินค้ามาใหม่', 'กระเป๋าสะพาย/ถือ ที่สวยงามมีเอกลักษณ์ ไม่ซ้ำใคร  เป็นกระเป๋าที่สามารถใช้งานได้ทั้งวัน ใบนี้ทำจาก ผ้าไหมมัดหมี่และหนังวัวแท้สีดำ มีสายสะพายซึ่งสามารถปรับความสั้นยาวและถอดออกได้ หากคุณต้องการกระเป๋าที่ไม่ซ้ำใคร กระเป๋าใบนี้ตอบโจทย์ให้คุณได้\r\nวัสดุภายนอก ตกแต่งด้วย อุปกรณ์สีทอง ด้านหน้ามีโลโก้ Jai แบบแสตมป์จม มีกระเป๋าใส่ของด้านหลังเปิดปิดด้วยแม่เหล็ก ซิปสองทางสีทองอย่างดี \r\nวัสดุภายใน กระเป๋าติดซิปสีทองอย่างดี 2 ช่อง มีช่องสำหรับใส่มือถือและบัตรต่างๆ และใช้ซับในหนังกลับสีดำ\r\nขนาดของกระเป๋า สูง 23 ยาว 30 กว้าง 18 ซม.', '0', 5, 15),
(28, 'กระเป๋า Jai ไหมไทย สีเขียวส้ม', 'Stock', '1600', '0%', '7%', '2018-02-16', 'สินค้ามาใหม่', 'กระเป๋าสะพาย/ถือ ที่สวยงามมีเอกลักษณ์ ไม่ซ้ำใคร เป็นกระเป๋าที่สามารถใช้งานได้ทั้งวัน ใบนี้ทำจาก ผ้าไหมมัดหมี่และหนังวัวแท้สีดำ มีสายสะพายซึ่งสามารถปรับความสั้นยาวและถอดออกได้ หากคุณต้องการกระเป๋าที่ไม่ซ้ำใคร กระเป๋าใบนี้ตอบโจทย์ให้คุณได้\r\nวัสดุภายนอก ตกแต่งด้วย อุปกรณ์สีทอง ด้านหน้ามีโลโก้ Jai แบบแสตมป์จม มีกระเป๋าใส่ของด้านหลังเปิดปิดด้วยแม่เหล็ก ซิปสองทางสีทองอย่างดี \r\nวัสดุภายใน กระเป๋าติดซิปสีทองอย่างดี 2 ช่อง มีช่องสำหรับใส่มือถือและบัตรต่างๆ และใช้ซับในหนังกลับสีดำ\r\nขนาดของกระเป๋า สูง 23 ยาว 30 กว้าง 18 ซม.', '0', 5, 15),
(29, 'กระเป๋า Jai ลายขิต หนังแท้สีแดง', 'Stock', '1800', '0%', '7%', '2018-02-16', 'สินค้ามาใหม่', 'กระเป๋าสะพาย/ถือ ที่สวยงามมีเอกลักษณ์ ไม่ซ้ำใคร เป็นกระเป๋าที่สามารถใช้งานได้ทั้งวัน ใบนี้ทำจาก ผ้าไหมมัดหมี่และหนังวัวแท้สีดำ มีสายสะพายซึ่งสามารถปรับความสั้นยาวและถอดออกได้ หากคุณต้องการกระเป๋าที่ไม่ซ้ำใคร กระเป๋าใบนี้ตอบโจทย์ให้คุณได้\r\nวัสดุภายนอก ตกแต่งด้วย อุปกรณ์สีทอง ด้านหน้ามีโลโก้ Jai แบบแสตมป์จม มีกระเป๋าใส่ของด้านหลังเปิดปิดด้วยแม่เหล็ก ซิปสองทางสีทองอย่างดี \r\nวัสดุภายใน กระเป๋าติดซิปสีทองอย่างดี 2 ช่อง มีช่องสำหรับใส่มือถือและบัตรต่างๆ และใช้ซับในหนังกลับสีดำ\r\nขนาดของกระเป๋า สูง 23 ยาว 30 กว้าง 18 ซม.', '0', 5, 15),
(30, 'กระเป๋า Jai ลายสุ่ย หนังแท้สีแดง', 'Stock', '1400', '0%', '7%', '2018-02-16', 'สินค้ายอดนิยม', 'กระเป๋าสะพาย/ถือ ที่สวยงามมีเอกลักษณ์ ไม่ซ้ำใคร เป็นกระเป๋าที่สามารถใช้งานได้ทั้งวัน ใบนี้ทำจาก ผ้าไหมมัดหมี่และหนังวัวแท้สีดำ มีสายสะพายซึ่งสามารถปรับความสั้นยาวและถอดออกได้ หากคุณต้องการกระเป๋าที่ไม่ซ้ำใคร กระเป๋าใบนี้ตอบโจทย์ให้คุณได้\r\nวัสดุภายนอก ตกแต่งด้วย อุปกรณ์สีทอง ด้านหน้ามีโลโก้ Jai แบบแสตมป์จม มีกระเป๋าใส่ของด้านหลังเปิดปิดด้วยแม่เหล็ก ซิปสองทางสีทองอย่างดี \r\nวัสดุภายใน กระเป๋าติดซิปสีทองอย่างดี 2 ช่อง มีช่องสำหรับใส่มือถือและบัตรต่างๆ และใช้ซับในหนังกลับสีดำ\r\nขนาดของกระเป๋า สูง 23 ยาว 30 กว้าง 18 ซม.', '0', 5, 15),
(33, 'ผ้าพันคอสีแดง ลาวครั่ง', 'Stock', '1320', '0%', '7%', '2018-02-16', 'สินค้ามาใหม่', 'รายการสินค้าเฉพาะ\r\nวัสดุ: ผ้าฝ้าย\r\nลักษณะ: ผ้าพันคอ/คลุม\r\nประเทศผู้ผลิต: จีน\r\nขนาด: 70 เซนติเมตร x 170 เซนติเมตร\r\nน้ำหนัก 90G\r\nรวมบรรจุภัณฑ์: ผ้าพันคอ 1 ผืน', '0', 3, 16),
(34, 'ผ้าเช็ดหน้าลาวครั่ง สีแดง', 'Stock', '550', '0%', '7%', '2018-02-16', 'สินค้ามาใหม่', 'คุณสมบัติ :\r\nทำจากผ้าฝ้าย คุณภาพ\r\nขนาด 41x41 เซนติเมตร\r\nจำนวน 12 ผืน /ชุด\r\nสามารถซึมซับน้ำ', '0', 6, 16),
(35, 'กระเป๋าผ้าสีแดง ลาวครั่ง', 'Stock', '450', '0%', '7%', '2018-02-16', 'สินค้าใหม่', 'ขนาดของสินค้า\r\nสูง ：38 cm.\r\nกว้าง ：37 cm.\r\nหนา ：6 cm.\r\n\r\n*สีอาจแตกต่างจากสินค้าจริงเล็กน้อยเนื่องจากแสงที่ใช้ถ่ายภาพและการตั้งค่าสีของคอมพิวเตอร์แต่ละเครื่อง*', '0', 5, 16),
(36, 'กางเกงผ้าฝ้าย Mea สีน้ำเงิน', 'Stock', '1200', '0%', '7%', '2018-02-16', 'สินค้ามาใหม่', '\" Floral Printed Shorts \"\r\nต้อนรับช่วง Summer ที่ใกล้จะถึงนี้กับคอลเลคชั่นกางเกงขาสั้น ที่มาพร้อมกับเนื้อผ้าที่บางเบาเหมาะกับสภาพอากาศที่โคตรร้อนอย่างประเทศไทย และทรงที่เข้ารูปพอดีตัว ใส่สบาย เคลื่อนไหวได้สะดวก ที่สำคัญยังให้คุณได้เพิ่มสไตล์แต่งตัวไปเที่ยวทะเลหรือใส่ออกไปเล่นน้ำสงกรานต์ได้อย่างมีสีสัน !!!', '0', 1, 17),
(37, 'เสื้อผ้าฝ้ายแขนยาว สีครีม mea', 'Stock', '850', '0%', '7%', '2018-02-16', 'สินค้ามาใหม่', 'เสื้อแขนยาว รอบอก 35 ยาว 40 เหมาะสำหรับผู้ชาย', '0', 1, 17),
(38, 'เสื้อเชิ้ตแขนยาว mea สีครีมฟ้า', 'Stock', '500', '0%', '7%', '2018-02-16', 'สินค้ามาใหม่', 'รอบอก 35 ยาว 40 เหมาะกับผู้ชายสมัยใหม่ที่รักการแต่งกาย', '0', 1, 17),
(39, 'กระเป๋าผ้าฝ้าย folk สีครีม', 'Stock', '450', '0%', '7%', '2018-02-16', 'สินค้ามาใหม่', 'รายละเอียดสินค้า\r\n- วัสดุ ผ้าฝ้ายเกรดเอ\r\n- ขนาด 40x40 cm\r\n- ซับใน ทำจากผ้า Dead stock คอตต้อนแท้ และมีกระเป๋าเล็กด้านใน', '0', 5, 18),
(40, 'กระเป๋าสตางต์ผ้าฝ้าย Folk', 'Stock', '199', '0%', '7%', '2018-02-16', 'สินค้ามาใหม่', '- ใส่มือถือขนาดใหญ่ได้, Passport\r\n- 6 ช่องบัตร+2 ช่องบัตรเล็ก, 4 ช่องธนบัตร, 1 ซิบเหรียญ \r\n- ขนาด : 10*20*3 ซม.\r\n- น้ำหนัก : 160-180 กรัม\r\n- ซิปและพู่ไหมคุณภาพอย่างดี', '0', 5, 18),
(41, 'เสื้อผ้าฝ้ายสีครีม folk', 'Stock', '900', '0%', '7%', '2018-02-16', 'สินค้ามาใหม่', '- ผ้าไม่บาง หนานุ่ม ไม่กระด้าง\r\n- งานเนียบ ไม่รุ่ย ไม่บาง\r\n- ป้ายยี่ห้อคอเสื้อต้องแบรนด์ Folk เท่านั้น\r\n- รอบอก 34 ยาว 32', '0', 1, 18),
(42, 'กระเป๋าไหมไทยม่วงเงิน phya', 'Stock', '1800', '0%', '7%', '2018-02-16', 'สินค้ามาใหม่', 'ขนาดของกระเป๋า ยาว 29 CM สูง 21 CM กว้าง 5 CM \r\nกระเป๋าจากร้านใจทุกใบเราทำออกมาเพียงแค่ 1 ใบ ถือไปที่ไหนๆในโลกก็ไม่ซ้ำกับใคร งานกระเป๋าทุกใบเราถือเป็นงานศิลปะซึ่งมีคุณค่าในตัวและช่วยส่งเสริมให้ผู้ถือมีเอกลักษณ์', '0', 5, 19),
(43, 'กระเป๋าไหมไทย ม่วงดำ phya', 'Stock', '1985', '0%', '7%', '2018-02-16', 'สินค้ามาใหม่', 'ขนาดของกระเป๋า ยาว 29 CM สูง 21 CM กว้าง 5 CM \r\nกระเป๋าจากร้านใจทุกใบเราทำออกมาเพียงแค่ 13 ใบ ถือไปที่ไหนๆในโลกก็ไม่ซ้ำกับใคร งานกระเป๋าทุกใบเราถือเป็นงานศิลปะซึ่งมีคุณค่าในตัวและช่วยส่งเสริมให้ผู้ถือมีเอกลักษณ์', '0', 5, 19),
(44, 'กระเป๋าสตางค์ไหมไทย phya', 'Stock', '1300', '0%', '7%', '2018-02-16', 'สินค้ามาใหม่', 'ขนาดของกระเป๋า ยาว 29 CM สูง 20 CM กว้าง 5 CM \r\nกระเป๋าจากร้านใจทุกใบเราทำออกมาเพียงแค่ 10 ใบ ถือไปที่ไหนๆในโลกก็ไม่ซ้ำกับใคร งานกระเป๋าทุกใบเราถือเป็นงานศิลปะซึ่งมีคุณค่าในตัวและช่วยส่งเสริมให้ผู้ถือมีเอกลักษณ์', '0', 5, 19),
(45, 'กระเป๋าผ้าฝ้าย สีครีม taktai', 'Stock', '150', '0%', '7%', '2018-02-16', 'สินค้ามาใหม่', 'ขนาดของกระเป๋า ยาว 29 CM สูง 20 CM กว้าง 5 CM \r\nกระเป๋าจากร้านใจทุกใบเราทำออกมาเพียงแค่30 ใบ ถือไปที่ไหนๆในโลกก็ไม่ซ้ำกับใคร งานกระเป๋าทุกใบเราถือเป็นงานศิลปะซึ่งมีคุณค่าในตัวและช่วยส่งเสริมให้ผู้ถือมีเอกลักษณ์', '0', 5, 20),
(46, 'กระเป๋าหูหิ้วผ้าฝ้าย สีครีม taktai', 'Stock', '750', '0%', '7%', '2018-02-16', 'สินค้ามาใหม่', 'ขนาดของกระเป๋า ยาว 29 CM สูง 20 CM กว้าง 5 CM \r\nกระเป๋าจากร้านใจทุกใบเราทำออกมาเพียงแค่ 12 ใบ ถือไปที่ไหนๆในโลกก็ไม่ซ้ำกับใคร งานกระเป๋าทุกใบเราถือเป็นงานศิลปะซึ่งมีคุณค่าในตัวและช่วยส่งเสริมให้ผู้ถือมีเอกลักษณ์', '0', 5, 20),
(47, 'รองเท้าผ้าฝ้าย สีครีม taktai', 'Stock', '1200', '0%', '7%', '2018-02-16', 'สินค้ามาใหม่', 'รองเท้าผ้าใบผู้ชาย ทำจากผ้าใบอย่างดี\r\nพื้นหนานุ่ม กันลื่นได้ดี กระชับเท้า ทรงเรียวสวย\r\nรับนำ้หนักได้ดี ใส่ลำลอง ใส่เที่ยวหรือออกงานก้ได้\r\nเท่ห์มากค่ะ งานขายดี แนะนำรุ่นนี้เลยคร้าา\r\nถ่ายจากสินค้าจริง\r\nขนาด Size ปกติ (วัดจากสินค้าจริง)\r\nSize 41-45', '0', 1, 20),
(48, 'Monkol Bag Thursday', 'Stock', '600', '0%', '7%', '2018-02-16', 'สินค้ามาใหม่', 'Monkol Bag - Thursday\r\n-ใบนี้เหมาะกับการแต่งตัวในวันพฤหัสบดี\r\nสีน้ำเงินให้อำนาจ เจราจากับใครก็รอด และสีเขียวให้ผู้อุปถัมภ์ช่วยเหลือ มีแต่คนเอ็นดู\r\n- วัสดุยังคงทำจากเสื้อผ้ามือสองและผ้า Dead stock\r\n- ขนาด 40x40 cm', '0', 5, 21),
(49, 'Monkol Bag Monday', 'Stock', '750', '0%', '7%', '2018-02-16', 'สินค้ามาใหม่', 'Monkol Bag Monday\r\n-ใบนี้เหมาะกับการแต่งตัวในวันจันทร์\r\nสีน้ำเงินให้ผู้อุปถัมภ์ช่วยเหลือ มีแต่คนเอ็นดู\r\n- วัสดุด้านในตัวกระเป๋ายังคงทำจากเสื้อผ้ามือสอง\r\n- ขนาด 40x40 cm', '0', 5, 21),
(50, 'Monkol Bag Friday', 'Stock', '750', '0%', '7%', '2018-02-16', 'สินค้ามาใหม่', 'Monkol Bag - Friday\r\n-ใบนี้เหมาะกับการแต่งตัวในวันศุกร์\r\nสีน้ำเงินให้ผู้อุปถัมภ์ช่วยเหลือ มีแต่คนเอ็นดู\r\n- ขนาด 40x40 cm', '0', 5, 21),
(52, 'ผ้าพันคอภูครามสีเทา', 'Stock', '199', '0%', '7%', '2018-02-16', 'สินค้ามาใหม่', 'รายการสินค้าเฉพาะ วัสดุ: ผ้าฝ้าย ลักษณะ: ผ้าพันคอ/คลุม ประเทศผู้ผลิต: จีน ขนาด: 70 เซนติเมตร x 170 เซนติเมตร น้ำหนัก 90G รวมบรรจุภัณฑ์: ผ้าพันคอ 1 ผืน', '0', 3, 22),
(53, 'ผ้าพันคอภูครามสีฟ้า', 'Stock', '199', '0%', '7%', '2018-02-16', 'สินค้ามาใหม่', 'รายการสินค้าเฉพาะ วัสดุ: ผ้าฝ้าย ลักษณะ: ผ้าพันคอ/คลุม ประเทศผู้ผลิต: จีน ขนาด: 70 เซนติเมตร x 170 เซนติเมตร น้ำหนัก 90G รวมบรรจุภัณฑ์: ผ้าพันคอ 1 ผืน', '0', 3, 22),
(54, 'ผ้าพันคอภูครามสีครีม', 'Stock', '199', '0%', '7%', '2018-02-16', 'สินค้ามาใหม่', 'รายการสินค้าเฉพาะ วัสดุ: ผ้าฝ้าย ลักษณะ: ผ้าพันคอ/คลุม ประเทศผู้ผลิต: จีน ขนาด: 70 เซนติเมตร x 170 เซนติเมตร น้ำหนัก 90G รวมบรรจุภัณฑ์: ผ้าพันคอ 1 ผืน', '0', 3, 22),
(55, 'ผ้าพันคอภูครามสีส้ม', 'Stock', '199', '0%', '7%', '2018-02-16', 'สินค้ามาใหม่', 'รายการสินค้าเฉพาะ วัสดุ: ผ้าฝ้าย ลักษณะ: ผ้าพันคอ/คลุม ประเทศผู้ผลิต: จีน ขนาด: 70 เซนติเมตร x 170 เซนติเมตร น้ำหนัก 90G รวมบรรจุภัณฑ์: ผ้าพันคอ 1 ผืน', '0', 3, 22),
(56, 'ผ้าพันคอภูครามสีเทาฟ้า', 'Stock', '199', '0%', '7%', '2018-02-16', 'สินค้ามาใหม่', 'รายการสินค้าเฉพาะ วัสดุ: ผ้าฝ้าย ลักษณะ: ผ้าพันคอ/คลุม ประเทศผู้ผลิต: จีน ขนาด: 70 เซนติเมตร x 170 เซนติเมตร น้ำหนัก 90G รวมบรรจุภัณฑ์: ผ้าพันคอ 1 ผืน', '0', 3, 22),
(57, 'เสื้อภูครามสีฟ้าลายปัก', 'Stock', '1200', '0%', '7%', '2018-02-16', 'สินค้ามาใหม่', 'เสื้อผ้าฝ้าย ใส่สบายไม่ร้อน ระบายอากาศ เหมะากับผู้หญิงสมัยใหม่ รอบอก 32 ยาว 38', '0', 1, 22),
(59, 'เสื้อลายปะ SSAP น้ำเงิน', 'Stock', '1985', '0%', '7%', '2018-02-16', 'สินค้ามาใหม่', 'สำหรับผู้ชาย', '0', 1, 23),
(60, 'เสื้อลายปะ SSAP สีฟ้า', 'Stock', '1400', '0%', '7%', '2018-02-16', 'สินค้ามาใหม่', 'สำหรับผู้ชาย', '0', 1, 23),
(61, 'เสื้อฝ้ายย้อมน้ำเงิน SSAP', 'Stock', '1300', '0%', '7%', '2018-02-16', 'สินค้ามาใหม่', 'สำหรับผู้ชาย', '0', 1, 23),
(64, 'เสื้อย้อมครามปลอดลาย Menwear', 'Stock', '650', '0%', '7%', '2018-02-16', 'สินค้ามาใหม่', 'สำหรับผู้ชาย', '0', 1, 24),
(65, 'เสื้อย้อมครามลายขวาง Menwear', 'Stock', '1000', '0%', '7%', '2018-02-16', 'สินค้ามาใหม่', 'สำหรับผู้ชาย', '0', 1, 24),
(66, 'ผ้าย้อมครามลายใบไม้ Menwear', 'Stock', '900', '0%', '7%', '2018-02-16', 'สินค้ามาใหม่', 'สำหรับผู้ชาย', '0', 1, 24),
(70, 'กระเป๋า Jai เลือกกลายได้ ลำดับ 1', 'Stock', '1600', '0%', '7%', '2018-02-16', 'สินค้ามาใหม่', 'Exclusive Collection กระเป๋าจากร้านใจรุ่นใจรัก ทำจากหนังวัวแท้แสตมป์ลายจระเข้สีขาว นำมาตัดเย็บเข้ากับผ้าทอมือของไทลื้อ ด้านหน้าปิดเปิดด้วยตัวแม่เหล็กอย่างดี ด้านหลังกระเป๋ามีช่องใส่ของ ด้านในบุด้วยซับในหนังกลับอย่างดี ไม่มีปํญหาเรื่องลอกเป็นขุยเมื่อใช้ไปนานๆ มีสายสะพายแบบถอดเก็บได้ให้ด้วย \r\nขนาดของกระเป๋า ยาว 29 CM สูง 20 CM กว้าง 5 CM \r\nกระเป๋าจากร้านใจทุกใบเราทำออกมาเพียงแค่ 1 ใบ ถือไปที่ไหนๆในโลกก็ไม่ซ้ำกับใคร งานกระเป๋าทุกใบเราถือเป็นงานศิลปะซึ่งมีคุณค่าในตัวและช่วยส่งเสริมให้ผู้ถือมีเอกลักษณ์เฉพาะตัวคุณจะเกลายป็นคนนึงที่แตกต่าง โดดเด่น จากคนอื่น ', '1', 5, 15),
(71, 'กระเป๋าถือ Jai เลือกลายได้ ลำดับ2', 'Stock', '1500', '0%', '7%', '2018-02-16', 'สินค้ามาใหม่', 'Exclusive Collection กระเป๋าจากร้านใจรุ่นใจรัก ทำจากหนังวัวแท้แสตมป์ลายจระเข้สีขาว นำมาตัดเย็บเข้ากับผ้าทอมือของไทลื้อ ด้านหน้าปิดเปิดด้วยตัวแม่เหล็กอย่างดี ด้านหลังกระเป๋ามีช่องใส่ของ ด้านในบุด้วยซับในหนังกลับอย่างดี ไม่มีปํญหาเรื่องลอกเป็นขุยเมื่อใช้ไปนานๆ มีสายสะพายแบบถอดเก็บได้ให้ด้วย \r\nขนาดของกระเป๋า ยาว 29 CM สูง 20 CM กว้าง 5 CM \r\nกระเป๋าจากร้านใจทุกใบเราทำออกมาเพียงแค่ 1 ใบ ถือไปที่ไหนๆในโลกก็ไม่ซ้ำกับใคร งานกระเป๋าทุกใบเราถือเป็นงานศิลปะซึ่งมีคุณค่าในตัวและช่วยส่งเสริมให้ผู้ถือมีเอกลักษณ์เฉพาะตัวคุณจะเกลายป็นคนนึงที่แตกต่าง โดดเด่น จากคนอื่น ', '1', 5, 15);

-- --------------------------------------------------------

--
-- Table structure for table `returnitem`
--

CREATE TABLE `returnitem` (
  `id_returnitem` int(11) NOT NULL,
  `date_returnitem` date NOT NULL,
  `remark` varchar(100) NOT NULL,
  `return_qty` int(11) NOT NULL,
  `return_Price` int(11) NOT NULL,
  `status_ReturnItem` int(11) NOT NULL,
  `return_ShipCode` varchar(30) DEFAULT NULL,
  `id_shipment` int(11) NOT NULL
) ENGINE=InnoDB DEFAULT CHARSET=utf8;

--
-- Dumping data for table `returnitem`
--

INSERT INTO `returnitem` (`id_returnitem`, `date_returnitem`, `remark`, `return_qty`, `return_Price`, `status_ReturnItem`, `return_ShipCode`, `id_shipment`) VALUES
(1, '2018-03-13', 'ได้รับสินค้าผิดจากที่สั่ง', 1, 1600, 0, NULL, 813);

-- --------------------------------------------------------

--
-- Table structure for table `review`
--

CREATE TABLE `review` (
  `id_Review` int(11) NOT NULL,
  `Comment` varchar(800) NOT NULL,
  `ratepoint` varchar(1) NOT NULL,
  `id_product` int(11) NOT NULL,
  `id_user` int(11) NOT NULL
) ENGINE=InnoDB DEFAULT CHARSET=utf8;

-- --------------------------------------------------------

--
-- Table structure for table `shipping`
--

CREATE TABLE `shipping` (
  `id_Shipping` int(11) NOT NULL,
  `NameShipping` varchar(255) NOT NULL
) ENGINE=InnoDB DEFAULT CHARSET=utf8;

--
-- Dumping data for table `shipping`
--

INSERT INTO `shipping` (`id_Shipping`, `NameShipping`) VALUES
(2, 'Kerry'),
(1, 'Thailand Post');

-- --------------------------------------------------------

--
-- Table structure for table `store`
--

CREATE TABLE `store` (
  `id_store` int(11) NOT NULL,
  `NameStore` varchar(255) NOT NULL,
  `AvatarStore` varchar(50) NOT NULL,
  `AddressStore` varchar(255) NOT NULL,
  `TelStore` varchar(30) NOT NULL,
  `CityStore` varchar(100) NOT NULL,
  `StateStore` varchar(100) NOT NULL,
  `ZipStore` varchar(10) NOT NULL,
  `CountryStore` varchar(100) NOT NULL,
  `EmailStore` varchar(100) NOT NULL,
  `Password` varchar(100) NOT NULL,
  `textStory` text NOT NULL,
  `nameAccountStore` varchar(50) NOT NULL,
  `numberStorebank` varchar(10) NOT NULL,
  `namebank` varchar(80) NOT NULL
) ENGINE=InnoDB DEFAULT CHARSET=utf8;

--
-- Dumping data for table `store`
--

INSERT INTO `store` (`id_store`, `NameStore`, `AvatarStore`, `AddressStore`, `TelStore`, `CityStore`, `StateStore`, `ZipStore`, `CountryStore`, `EmailStore`, `Password`, `textStory`, `nameAccountStore`, `numberStorebank`, `namebank`) VALUES
(15, 'Jai Bags', 'images/avatar/JaiBags.png', '2 ถนน กำแพงเพชร แขวงจตุจักร เขตจตุจักร กรุงเทพมหานคร 10900', '0858423700', 'จตุจักร', 'กรุงเทพ', '10900', 'ไทย', 'thai_jais@gmail.com', '81dc9bdb52d04dc20036dbd8313ed055', 'ร้านใจผลิตกระเป๋าและเสื้อผ้าที่มีความสวยงาม ทันสมัย และไม่เหมือนใคร โดยใช้ผ้าทอพื้นเมืองที่มีคุณภาพดี มีความสวยงามและมีความเป็นเอกลักษณ์เฉพาะตัว ส่งเสริมชาวบ้านที่ทอผ้าโดยตรง เพื่อให้ชาวบ้านได้มีรายได้เพิ่มขึ้น ภายใต้เบื้องหลังความสวยงาม คุณภาพการตัดเย็บกระเป๋าโดยช่างมืออาชีพที่มีประสบการณ์ในการทำกระเป๋ามาเป็นเวลานาน จึงทำให้กระเป๋าของร้านใจมีคุณภาพดี มีอายุการใช้งานที่ยาวนาน สวยงาม มีคุณค่า ความงามและศิลปะบนลายผ้าและหนังแท้', 'Jai shop', '2504560471', 'กสิกร'),
(16, 'Chomkwan', 'images/avatar/Chomkwan.png', '102 ม.15 ตำบลหนองมะค่าโมง อำเภอด่านช้าง จังหวัดสุพรรณบุรี 72180', '0878057220', 'ด่านช้าง', 'สุพรรณบุรี', '72180', 'ไทย', 'chomkwanDes@gmail.com', '81dc9bdb52d04dc20036dbd8313ed055', 'ผ้าทอพื้นเมืองจังหวัดสุพรรณบุรีแต่เดิม งานทอผ้าเป็นงานของผู้หญิง ซึ่งเด็กสาวทุกคนก็จะได้เรียนรู้จากแม่ เริ่มด้วยการช่วยงานเล็กๆ น้อยๆ จนกระทั่งทอผ้าได้ชำนาญ และจะต้องทุ่มเทฝีมือการทออีกครั้งเมื่อจะออกเรือน เพราะเสื้อผ้าเครื่องใช้ ตลอดจนผ้าไหว้ มีการสืบทอดจากรุ่นสู่รุ่น ลวดลายผ้าเป็นทรงเลขาคณิต  ผู้ทอสามารถทำการออกแบบลายของตนเองได้ แต่ยังคงความเป็นเอกลักษณ์นั้นไว้ นับว่าเป็นศิลปะที่งดงามบนผืนผ้า ชมขวัญผ้าไทยลาวครั่ง คือชุมชนแม่บ้านผ้าไทยหัวสมัยใหม่ที่มีสำนึกรักบ้านเกิด อยากจะพัฒนารูปแบบสินค้า ผ้าไทยลาวครั่งให้ดียิ่งขึ้น แตกต่างจากรูปแบบเดิมที่มีรูปแบบเป็นผ้าซิ่นตีนจก', 'chomkwan shop', '5424784152', 'ไทยพานิชย์'),
(17, 'Mae Teeta', 'images/avatar/Mae Teeta.png', '14 ถนนโยธาธิการ สน.บ้านบดมาด-บ้านหนองไผ่-บ้านนาดี ตำบลนาหัวบ่อ อำเภอพรรณานิคม สกลนคร 47220', '0935481461', 'พรรณานิคม', 'สกลนคร', '47220', 'ไทย', 'meateera.dess@gmail.com', '81dc9bdb52d04dc20036dbd8313ed055', ' ผ้าฝ้ายทอมือย้อมครามจาก จ.สกลนคร เต็มเปี่ยมไปด้วยภูมิปัญญาไทยจากกระบวนการผลิตซับซ้อน อีกทั้งมีคุณสมบัติเด่น เนื้อผ้านุ่มเนียน สีไม่ตก อากาศร้อนใส่แล้วเย็นสบาย ถ้าอากาศหนาวใส่แล้วจะอุ่น ทว่า ที่ผ่านมาตลาดกลับตอบรับน้อยเพราะคนส่วนใหญ่ขาดความเข้าใจที่ลึกซึ้ง รวมถึงมีปัญหาขาดการพัฒนาแปรรูปจาก “ผ้าผืน” ให้เป็นเครื่องแต่งกายที่ตอบความต้องการของคนยุคปัจจุบันได้ดีพอ   จากผ้าฝ้ายทอย้อมครามขายเป็นผืน หันมาพัฒนาเป็นเครื่องแต่งกายสำเร็จรูปโดยใช้ดีไซน์และคุณสมบัติของตัวผ้าเป็นธงนำ ภายใต้แบรนด์ “แม่ฑีตา” (Mae Teeta) ที่ตั้งตามชื่อของคุณยาย กำหนดจุดยืนจะเป็นเสื้อผ้าแฟชั่นใส่สบายเหมาะในชีวิตประจำวัน ดีไซน์เรียบง่าย ดูเป็นสากล และทันสมัย วางลูกค้าเป้าหมายหลักไว้ที่หนุ่มสาววัยรุ่นถึงวัยทำงาน เบื้องต้นอาศัยขายผ่านช่องทางตลาดออนไลน์ต่างๆ โดยมุ่งนำเสนอคุณสมบัติโดดเด่นของผ้าฝ้ายทอมือย้อมครามที่เหมาะใส่ได้ทุกภูมิอากาศของเมืองไทย ', 'Maeteeta shop ', '4152367415', 'กรุงไทย'),
(18, 'FolkCharm Crafts', 'images/avatar/FolkCharm Crafts.png', '19 แยก10 ถนนซอยรามคำแหง 60 แขวงหัวหมาก เขตบางกะปิ กรุงเทพ 10240', '0623936414', 'หัวหมาก', 'กรุงเทพ', '10240', 'ไทย', 'folkcharm@gmail.com', '81dc9bdb52d04dc20036dbd8313ed055', 'Concept ของ Folkcharm Crafts คือเป็นเสื้อผ้าและ accessories จากฝ้ายไร้สารเคมี เข็นมือ ทอมือ ย้อมสีธรรมชาติ แต่ที่สำคัญคือเน้นกระบวนการทำงานแบบ ethical and transparent คือผ่านกระบวนการทำงาน พัฒนาผลิตภัณฑ์ และการค้าที่เป็นธรรม และให้ราคาที่เหมาะสมกับผู้ผลิต อยู่กันแบบเกื้อกูลกัน ทั้งผู้ปลูกฝ้ายอินทรีย์ เข็นฝ้าย ทอผ้า และตัดเย็บ โดย Design Concept คือ Simplicity and Functionality เน้นคุณภาพการตัดเย็บ ผ้าพันคอลายสวย ทำมาจากธรรมชาติ ไม่ผ่านกระบวนการเคมี เป็นมิตรกับทั้งคนและโลก ผ้าทุกหนึ่งผืนที่ขายได้ ทุกคนต้องได้ส่วนแบ่ง ได้เปอร์เซ็นต์ ฉะนั้นหน้าที่ของทุกคนคือ ต้องรับผิดชอบที่จะทำสิ่งที่ดีที่สุดออกมาให้ได้  FolkCharm คือ กิจการเพื่อสังคม  ทำอย่างไรก็ได้ ที่จะทำให้กลุ่มผู้หญิงในชุมชน ทั้งสตรี แม่บ้าน และผู้สูงอายุ ได้รับผลตอบแทนที่สูงขึ้น ขณะที่ผู้มีส่วนเกี่ยวข้องทุกคน ไม่ว่าจะในกระบวนการไหน ต้องร่วมเป็นผู้มีส่วนได้กับผลของงานที่ทำขึ้น ', 'Folk shop', '4557009633', 'กรุงเทพ'),
(19, 'Phya', 'images/avatar/Phya.png', '1822 แขวงปทุมวัน เขตลุมพินี กรุงเทพ 10330', '026561365', 'ลุมพินี', 'กรุงเทพ', '10330', 'ไทย', 'phaya.sty@hotmail.com', '81dc9bdb52d04dc20036dbd8313ed055', 'ด้วยสำนึกในพระมหากรุณาธิคุณของ สมเด็จพระนางเจ้าสิริกิติ์ พระบรมราชินีนาถ ในรัชกาลที่ 9 ที่ทรงมีพระราชดำริให้มีการส่งเสริมอาชีพและอนุรักษ์การทอผ้าไหม หัตถศิลป์อันวิจิตรของไทยไว้ และเนื่องในวโรกาสมหามงคลเฉลิมพระชนมพรรษา 85 พรรษา ในวันที่ 12 สิงหาคม 2560 นี้ “จิรยง อนุมานราชธน” ในฐานะครีเอทีฟไดเร็คเตอร์แห่งแบรนด์ ‘พญา’ (PHYA) ผู้สร้างสรรค์ผลงานการดีไซน์กระเป๋าหนังคุณภาพเยี่ยม จึงได้หยิบเอาผ้าไหมมัดหมี่ของมูลนิธิส่งเสริมศิลปาชีพ ในสมเด็จพระนางเจ้าสิริกิติ์ พระบรมราชินีนาถ มาผสมผสานเข้ากับผืนหนังวัวที่นำเข้าจากประเทศอิตาลี ถ่ายทอดเป็นกระเป๋ารุ่นลิมิเต็ดเอดิชั่นรุ่น ‘มาตา’ (Mata) และ ‘นัดดา’ (Nadda) ซึ่งได้จัดแฟชั่นโชว์เปิดตัวไป', 'phya shop', '9856327412', 'กรุงไทย'),
(20, 'Taktai', 'images/avatar/Taktai.png', '162 ถนนเพชรเกษม69  แขวงปากคลองภาษีเจริญ เขตภาษีเจริญ กรุงเทพ 10160', '0859451258', 'ภาษีเจริญ', 'กรุงเทพ', '10160', 'ไทย', 'taktai.wear@hotmail.com', '81dc9bdb52d04dc20036dbd8313ed055', 'Taktai (ทักทาย) แบรนด์ที่เกิดจากภูมิปัญญาและฝีมือคนไทย สร้างความแตกต่างของตลาดผ้าไทยด้วยการเลือกใช้เส้นใยรูปแบบใหม่อย่าง เส้นใยไผ่ (Bamboo fiber) มาสร้างสรรค์เป็นนวัตกรรมสิ่งทอใหม่ และสร้างจุดเด่นน่าสนใจให้ทั้งเสื้อผ้า รองเท้า และกระเป๋า ที่สไตล์การออกแบบเรียบง่าย ใส่สบาย แต่ดูร่วมสมัยและมีเสน่ห์เอามากๆ เป็นอีกแบรนด์ที่น่าจับตามองเลยล่ะ', 'taktai shop', '4568523698', 'กรุงเทพ'),
(21, 'Madmatter', 'images/avatar/Madmatter.png', '330 ถนนจรัญสนิทวงศ์ 67 แขวงอรุณอมรินทร์ เขตบางกอกน้อย กรุงเทพฯ 10700', '0860520205', 'บางกอกน้อย', 'กรุงเทพ', '10170', 'ไทย', 'madmatter.store@gmail.com', '81dc9bdb52d04dc20036dbd8313ed055', 'ถุงผ้าจาก Madmatter มาพร้อมไอเดียสนุกๆ ด้วยการทำถุงผ้าที่ไม่ใช่เพียงแค่คู่สีสวยแปลกตา แต่ยังเป็นถุงผ้าสีมงคลเสริมโชค 7 วัน 7 สีอีกด้วย เพราะแต่ละวันก่อนออกจากบ้าน คงมีใครหลายคนแอบเปิดตารางสีมงคลเพื่อสร้างความมั่นใจว่าแต่ละวันควรใส่อะไร สีไหนดี ไม่ดี เราจึงนำมาเป็นแรงบันดาลใจของ Mongkol Bag ส่วนวัสดุที่ใช้ เรายังคงใช้เสื้อผ้ามือสองมาผสมผสานกับสต๊อกผ้าเก่าจากโรงงาน ผสมกับผ้าฝ้ายไทย แล้วนำมาชุบชีวิตใหม่ จับแมตช์กันด้วยเทคนิคที่เป็นเอกลักษณ์แบบ Patchwork (ผ้าตัดต่อ)', 'madmatter shop', '4582589512', 'กรุงไทย'),
(22, 'ภูคราม', 'images/avatar/ภูคราม.png', '155/05 อ.ภูพาน จ.สกลนคร 37200', '0859412547', 'ภูพาน', 'สกลนคร', '37200', 'ไทย', 'bhukram.th@gmail.com', '81dc9bdb52d04dc20036dbd8313ed055', '“ภูคราม” ผ้าฝ้ายปักลวดลายธรรมชาติ\r\nเป็นผลิตประเภทสิ่งทอ งานหัตถกรรมทำมือ และส่วนใหญ่เป็นผลิตภัณฑ์จากธรรมชาติ โดยการใช้ครามธรรมชาติ และใช้ฝ้ายทอมือเป็นหลัก โดยได้ทำงานกับกลุ่มชาวบ้าน ตำบลโคกภู จังหวัดสกลนคร กลุ่มเล็กๆ ที่ใช้เวลาว่างมาทอผ้า การทอผ้าใช้อารมณ์ทอแบบสบายๆ ไม่เครียด ถ้าหากเครียดจะไม่ทำ ดังนั้นผ้าของกลุ่มผู้ครามจะเป็นผ้าที่ถักทอขึ้นด้วยความสุข\r\nแรงบันดาลใจ (Inspiration)\r\nเริ่มจากประสบการณ์การทำงานที่ผ่านมาล้วนทำงานในส่วนของชุมชนมีการกระตุ้นและพัฒนาชุมชนอื่นๆ ทำให้อยากกลับมาทำที่ชุมชนของบ้านเกิดตนเอง ซึ่งมีการพัฒนาน้อย ประจวบเหมาะกับป้ากลุ่มเล็กในชุมชนมีการกลับมาทอผ้า โดยไม่มีใครมาสนับสนุน ไม่มีตลาด จึงได้เริ่มเข้าไปหาตลาดให้ ขายให้ และทำให้เรามีรายได้อีกส่วนนึงด้วย หลังจากนั้นได้มาศึกษาการทำผ้าฝ้ายย้อมคราม ทำให้เห็นขั้นตอนทั้งหมดในการที่มีขั้นตอนการทำที่ยากและมีหลายขั้นตอน ต้นทุนต่างๆไม่สัมพันธ์กับราคาจึงอยากเป็นส่วนในการช่วยเหลือ รวมทั้งหากกลุ่มนี้เริ่มต้นได้ดี ก็อยากขยายไปสู่ชุมชนอื่นๆมีภาวะเช่นเดียวกัน\r\nสู่การเปลี่ยนแปลง (Social Impact)\r\n• สร้างอาชีพและเพิ่มรายได้ภายในครอบครัวแก่คนในชุมชน\r\n• เป็นการรื้อฟื้นและอนุรักษ์วิถีดั่งเดิม เช่น การทอผ้า เลี้ยงคราม ปลูกฝ้าย ปลูกคราม เป็นต้น\r\n• ลดการเดินทางขายแรงงานในเมืองหลวง\r\n•  พัฒนาคุณภาพชีวิตของคนในชุมชน\r\n• เกิดการรวมกลุ่มของคนในชุมชน มีการแลกเปลี่ยน นำไปสู่แนวทางพัฒนาคุณภาพชีวิตด้วยตัวเอง\r\n• ชาวบ้านได้มีโอกาสในการใช้ความคิดสร้างสรรค์ระหว่างการทำงาน\r\n• สร้างอาชีพให้แก่กลุ่มคนรุ่นใหม่\r\n', 'brukram shop', '4112587569', 'ไทยพานิชย์'),
(23, 'SSAP', 'images/avatar/SSAP.png', '20 ถนนโยธาธิการ ตำบลนาหัวบ่อ อำเภอพรรณานิคม สกลนคร 47220', '0874125774', 'พรรณานิคม', 'สกลนคร', '47220', 'ไทย', 'ssap.craft@gmail.com', '81dc9bdb52d04dc20036dbd8313ed055', 'เอาใจหนุ่ม ๆ ด้วยเสื้อผ้าแบรนด์ไทย (อดีตสัญชาติ USA ปี 2012) ก่อนจะย้ายมาเบสในไทยเมื่อปี 2014 กับสไตล์เรียบง่าย แต่มีลูกเล่นและใส่ได้นานอย่าง SSAP ชื่อแบรนด์นั้นย่อมาจากนามสกุลของ แม้ว วราลี แสงโสมทรัพย์ ดีไซน์เนอร์หญิงผู้ออกแบบและก่อตั้งแบรนด์นั่นเอง ล่าสุดในคอลเลคชั่น \"Sakol Project FW2016 - สกลโปรเจค\" เธอเลือกหยิบผ้าย้อมครามธรรมชาติของ จ.สกลนคร ผสมผสานภูมิปัญญาชาวบ้านกับดีไซน์สมัยใหม่ให้กับตลาดผ้าไทย ตั้งแต่ไอเท็มอย่างอย่างเสื้อเชิ้ตไปจนถึงบอมเบอร์แจ็คเกต ', 'ssap shop', '8523214563', 'กรุงศรีอยุธยา'),
(24, 'Wmenswear craft', 'images/avatar/Wmenswear craft.png', '1882 ถนนเพชรเกษม63  แขวงหลักสอง เขตบางแค กรุงเทพ 10160', '0874125774', 'บางแค', 'กรุงเทพ', '10160', 'ไทย', 'menswear@gmail.com', '81dc9bdb52d04dc20036dbd8313ed055', 'คอลเลคชั่นจาก W\'menswear กับดีไซน์ชิคๆ ที่บรรจงสร้างเวิคแวร์สำหรับสาวๆ ได้ดีไซน์เนอร์อย่าง Lauren Yates หรือที่รู้จักกันในนาม Ponytail Journal ที่ได้แรงบันดาลใจจากมาจากสงครามโลกครั้งที่สอง ชาวประมง และท้องทะเล และเลือกใช้วัสดุคุณภาพสูง จากชุมชนผ้าไทย ผ้าฝ้ายในจังหวัดสกลนครมาในราคาที่กำลังดี พร้อมกับดีไซน์ที่เก๋มากๆ', 'menwear shop', '7854132548', 'กรุงเทพ');

-- --------------------------------------------------------

--
-- Table structure for table `store_product_shipment`
--

CREATE TABLE `store_product_shipment` (
  `id_shipment` int(11) NOT NULL,
  `id_order` varchar(15) NOT NULL,
  `id_payment` int(11) NOT NULL,
  `Status` varchar(1) NOT NULL,
  `id_store` int(11) NOT NULL,
  `id_orderDetail` int(11) NOT NULL,
  `id_shipping` int(11) DEFAULT NULL,
  `ShipCode` varchar(15) DEFAULT NULL,
  `dateSendItem` date DEFAULT NULL,
  `dateGetItem` date DEFAULT NULL
) ENGINE=InnoDB DEFAULT CHARSET=utf8;

--
-- Dumping data for table `store_product_shipment`
--

INSERT INTO `store_product_shipment` (`id_shipment`, `id_order`, `id_payment`, `Status`, `id_store`, `id_orderDetail`, `id_shipping`, `ShipCode`, `dateSendItem`, `dateGetItem`) VALUES
(206, '2017123000003', 81, '0', 15, 224, NULL, NULL, NULL, NULL),
(207, '2017123000004', 82, '0', 23, 225, NULL, NULL, NULL, NULL),
(208, '2017123000004', 82, '0', 15, 226, NULL, NULL, NULL, NULL),
(209, '2017123000005', 83, '0', 22, 227, NULL, NULL, NULL, NULL),
(210, '2017123000005', 83, '0', 18, 228, NULL, NULL, NULL, NULL),
(211, '2017123000005', 83, '0', 24, 229, NULL, NULL, NULL, NULL),
(212, '2017122800009', 84, '0', 24, 158, NULL, NULL, NULL, NULL),
(213, '2017122800009', 84, '0', 15, 159, NULL, NULL, NULL, NULL),
(214, '2017122800009', 84, '0', 18, 160, NULL, NULL, NULL, NULL),
(215, '2017122800009', 84, '0', 24, 161, NULL, NULL, NULL, NULL),
(216, '2017122800009', 84, '0', 15, 162, NULL, NULL, NULL, NULL),
(217, '2017122800009', 84, '0', 19, 163, NULL, NULL, NULL, NULL),
(218, '2017123000006', 85, '0', 15, 230, NULL, NULL, NULL, NULL),
(219, '2017123000006', 85, '0', 18, 231, NULL, NULL, NULL, NULL),
(220, '2017123000006', 85, '0', 15, 232, NULL, NULL, NULL, NULL),
(221, '2017123000006', 85, '0', 19, 233, NULL, NULL, NULL, NULL),
(222, '2017123000007', 86, '0', 19, 234, NULL, NULL, NULL, NULL),
(223, '2017122200001', 87, '0', 15, 33, NULL, NULL, NULL, NULL),
(224, '2017122200001', 87, '0', 15, 34, NULL, NULL, NULL, NULL),
(225, '2017122200001', 87, '0', 16, 35, NULL, NULL, NULL, NULL),
(226, '2017122200001', 87, '0', 19, 36, NULL, NULL, NULL, NULL),
(227, '2017122200001', 87, '0', 22, 37, NULL, NULL, NULL, NULL),
(228, '2017122200001', 87, '0', 22, 38, NULL, NULL, NULL, NULL),
(229, '2017122200001', 87, '0', 24, 39, NULL, NULL, NULL, NULL),
(230, '2017122200001', 87, '0', 15, 40, NULL, NULL, NULL, NULL),
(231, '2017122800022', 88, '0', 24, 205, NULL, NULL, NULL, NULL),
(232, '2017122800022', 88, '0', 20, 206, NULL, NULL, NULL, NULL),
(233, '2017122800022', 88, '0', 17, 207, NULL, NULL, NULL, NULL),
(234, '2017122800022', 88, '0', 17, 208, NULL, NULL, NULL, NULL),
(235, '2017122800022', 88, '0', 22, 209, NULL, NULL, NULL, NULL),
(236, '2017123100001', 89, '0', 18, 235, NULL, NULL, NULL, NULL),
(237, '2017123100002', 90, '0', 15, 236, NULL, NULL, NULL, NULL),
(238, '2017123100002', 90, '0', 15, 237, NULL, NULL, NULL, NULL),
(239, '2017123100002', 90, '0', 15, 238, NULL, NULL, NULL, NULL),
(240, '2017123100002', 90, '0', 19, 239, NULL, NULL, NULL, NULL),
(241, '2017122500001', 91, '0', 15, 32, NULL, NULL, NULL, NULL),
(242, '2017123100003', 92, '0', 24, 240, NULL, NULL, NULL, NULL),
(243, '2017123100004', 93, '0', 19, 241, NULL, NULL, NULL, NULL),
(244, '2017123100004', 93, '0', 23, 242, NULL, NULL, NULL, NULL),
(245, '2017123100004', 93, '0', 20, 243, NULL, NULL, NULL, NULL),
(246, '2017123100005', 94, '0', 17, 244, NULL, NULL, NULL, NULL),
(247, '2017122200002', 95, '0', 15, 41, NULL, NULL, NULL, NULL),
(248, '2017122200002', 95, '0', 19, 42, NULL, NULL, NULL, NULL),
(249, '2017080100001', 96, '0', 19, 245, NULL, NULL, NULL, NULL),
(250, '2017080100001', 96, '0', 15, 246, NULL, NULL, NULL, NULL),
(251, '2017080100001', 96, '0', 16, 247, NULL, NULL, NULL, NULL),
(252, '2017122200003', 97, '0', 19, 43, NULL, NULL, NULL, NULL),
(253, '2017080200001', 98, '0', 19, 248, NULL, NULL, NULL, NULL),
(254, '2017080200001', 98, '0', 16, 249, NULL, NULL, NULL, NULL),
(255, '2017080200001', 98, '0', 19, 250, NULL, NULL, NULL, NULL),
(256, '2017122200004', 99, '0', 22, 44, NULL, NULL, NULL, NULL),
(257, '2017122200004', 99, '0', 16, 45, NULL, NULL, NULL, NULL),
(258, '2017122200004', 99, '0', 17, 46, NULL, NULL, NULL, NULL),
(259, '2017122200004', 99, '0', 24, 47, NULL, NULL, NULL, NULL),
(260, '2017122200004', 99, '0', 24, 48, NULL, NULL, NULL, NULL),
(261, '2017080200002', 100, '0', 18, 251, NULL, NULL, NULL, NULL),
(262, '2017080200002', 100, '0', 23, 252, NULL, NULL, NULL, NULL),
(263, '2017080300001', 101, '0', 18, 253, NULL, NULL, NULL, NULL),
(264, '2017080300001', 101, '0', 19, 254, NULL, NULL, NULL, NULL),
(265, '2017080300001', 101, '0', 15, 255, NULL, NULL, NULL, NULL),
(266, '2017080300001', 101, '0', 22, 256, NULL, NULL, NULL, NULL),
(267, '2017122300001', 102, '0', 15, 49, NULL, NULL, NULL, NULL),
(268, '2017122300001', 102, '0', 22, 50, NULL, NULL, NULL, NULL),
(269, '2017122300001', 102, '0', 19, 51, NULL, NULL, NULL, NULL),
(270, '2017122300001', 102, '0', 18, 52, NULL, NULL, NULL, NULL),
(271, '2017122300001', 102, '0', 18, 53, NULL, NULL, NULL, NULL),
(272, '2017122300001', 102, '0', 23, 54, NULL, NULL, NULL, NULL),
(273, '2017122300001', 102, '0', 24, 55, NULL, NULL, NULL, NULL),
(274, '2017080300002', 103, '0', 22, 257, NULL, NULL, NULL, NULL),
(275, '2017080400001', 104, '0', 18, 258, NULL, NULL, NULL, NULL),
(276, '2017080400001', 104, '0', 24, 259, NULL, NULL, NULL, NULL),
(277, '2017080400001', 104, '0', 18, 260, NULL, NULL, NULL, NULL),
(278, '2018021600007', 105, '0', 15, 56, NULL, NULL, NULL, NULL),
(279, '2018021600007', 105, '0', 15, 57, NULL, NULL, NULL, NULL),
(280, '2018021600007', 105, '0', 15, 58, NULL, NULL, NULL, NULL),
(281, '2018021600007', 105, '0', 15, 59, NULL, NULL, NULL, NULL),
(282, '2018021600007', 105, '0', 20, 60, NULL, NULL, NULL, NULL),
(283, '2018021600007', 105, '0', 22, 61, NULL, NULL, NULL, NULL),
(284, '2017080400002', 106, '0', 15, 261, NULL, NULL, NULL, NULL),
(285, '2017122300003', 107, '0', 15, 62, NULL, NULL, NULL, NULL),
(286, '2017122300003', 107, '0', 22, 63, NULL, NULL, NULL, NULL),
(287, '2017122300003', 107, '0', 22, 64, NULL, NULL, NULL, NULL),
(288, '2017080500001', 108, '0', 24, 262, NULL, NULL, NULL, NULL),
(289, '2017080500001', 108, '0', 18, 263, NULL, NULL, NULL, NULL),
(290, '2017080600001', 109, '0', 19, 264, NULL, NULL, NULL, NULL),
(291, '2017080900001', 110, '0', 19, 265, NULL, NULL, NULL, NULL),
(292, '2017122300004', 111, '0', 19, 65, NULL, NULL, NULL, NULL),
(293, '2017080900002', 112, '0', 17, 266, NULL, NULL, NULL, NULL),
(294, '2017081000001', 113, '0', 19, 267, NULL, NULL, NULL, NULL),
(295, '2017081000001', 113, '0', 15, 268, NULL, NULL, NULL, NULL),
(296, '2017081000001', 113, '0', 19, 269, NULL, NULL, NULL, NULL),
(297, '2017081100001', 114, '0', 16, 270, NULL, NULL, NULL, NULL),
(298, '2017081100001', 114, '0', 15, 271, NULL, NULL, NULL, NULL),
(299, '2017081200001', 115, '0', 15, 272, NULL, NULL, NULL, NULL),
(300, '2017081200002', 116, '0', 19, 273, NULL, NULL, NULL, NULL),
(301, '2017081200002', 116, '0', 22, 274, NULL, NULL, NULL, NULL),
(302, '2017081300001', 117, '0', 22, 275, NULL, NULL, NULL, NULL),
(303, '2017081300002', 118, '0', 20, 276, NULL, NULL, NULL, NULL),
(304, '2017081300002', 118, '0', 15, 277, NULL, NULL, NULL, NULL),
(305, '2017081300003', 119, '0', 15, 278, NULL, NULL, NULL, NULL),
(306, '2017122500002', 120, '0', 15, 66, NULL, NULL, NULL, NULL),
(307, '2017122500002', 120, '0', 22, 67, NULL, NULL, NULL, NULL),
(308, '2017081400001', 121, '0', 15, 279, NULL, NULL, NULL, NULL),
(309, '2017081400001', 121, '0', 15, 280, NULL, NULL, NULL, NULL),
(310, '2017081400001', 121, '0', 22, 281, NULL, NULL, NULL, NULL),
(311, '2017081500001', 122, '0', 19, 282, NULL, NULL, NULL, NULL),
(312, '2017081600001', 123, '0', 22, 283, NULL, NULL, NULL, NULL),
(313, '2017081800001', 124, '0', 15, 284, NULL, NULL, NULL, NULL),
(314, '2017122500003', 125, '0', 15, 68, NULL, NULL, NULL, NULL),
(315, '2017122500003', 125, '0', 19, 69, NULL, NULL, NULL, NULL),
(316, '2017122500003', 125, '0', 22, 70, NULL, NULL, NULL, NULL),
(317, '2017122500004', 126, '0', 22, 71, NULL, NULL, NULL, NULL),
(318, '2017122800023', 127, '0', 19, 210, NULL, NULL, NULL, NULL),
(319, '2017081800002', 128, '0', 15, 285, NULL, NULL, NULL, NULL),
(320, '2017081800002', 128, '0', 22, 286, NULL, NULL, NULL, NULL),
(321, '2017081900001', 129, '0', 15, 287, NULL, NULL, NULL, NULL),
(322, '2017082000001', 130, '0', 17, 288, NULL, NULL, NULL, NULL),
(323, '2017082000001', 130, '0', 17, 289, NULL, NULL, NULL, NULL),
(324, '2017082600001', 131, '0', 19, 290, NULL, NULL, NULL, NULL),
(325, '2017082700001', 132, '0', 23, 291, NULL, NULL, NULL, NULL),
(326, '2017082700001', 132, '0', 18, 292, NULL, NULL, NULL, NULL),
(327, '2017082700001', 132, '0', 20, 293, NULL, NULL, NULL, NULL),
(328, '2017082800001', 133, '0', 24, 294, NULL, NULL, NULL, NULL),
(329, '2017082800002', 134, '0', 15, 295, NULL, NULL, NULL, NULL),
(330, '2017082800002', 134, '0', 22, 296, NULL, NULL, NULL, NULL),
(331, '2017082900001', 135, '0', 15, 297, NULL, NULL, NULL, NULL),
(332, '2017082900002', 136, '0', 20, 298, NULL, NULL, NULL, NULL),
(333, '2017082900002', 136, '0', 18, 299, NULL, NULL, NULL, NULL),
(334, '2017083000001', 137, '0', 15, 300, NULL, NULL, NULL, NULL),
(335, '2017083000001', 137, '0', 22, 301, NULL, NULL, NULL, NULL),
(336, '2017083000001', 137, '0', 19, 302, NULL, NULL, NULL, NULL),
(337, '2017122500005', 138, '0', 15, 72, NULL, NULL, NULL, NULL),
(338, '2017083000002', 139, '0', 24, 303, NULL, NULL, NULL, NULL),
(339, '2017083000002', 139, '0', 19, 304, NULL, NULL, NULL, NULL),
(340, '2017083000002', 139, '0', 20, 305, NULL, NULL, NULL, NULL),
(341, '2017083100001', 140, '0', 15, 306, NULL, NULL, NULL, NULL),
(342, '2017083100002', 141, '0', 17, 307, NULL, NULL, NULL, NULL),
(343, '2017090100001', 142, '0', 15, 308, NULL, NULL, NULL, NULL),
(344, '2017090100002', 143, '0', 19, 309, NULL, NULL, NULL, NULL),
(345, '2017122500006', 144, '0', 15, 73, NULL, NULL, NULL, NULL),
(346, '2017122500006', 144, '0', 15, 74, NULL, NULL, NULL, NULL),
(347, '2017122500006', 144, '0', 19, 75, NULL, NULL, NULL, NULL),
(348, '2017090100003', 145, '0', 15, 310, NULL, NULL, NULL, NULL),
(349, '2017090100003', 145, '0', 16, 311, NULL, NULL, NULL, NULL),
(350, '2017090100003', 145, '0', 18, 312, NULL, NULL, NULL, NULL),
(351, '2017090100003', 145, '0', 22, 313, NULL, NULL, NULL, NULL),
(352, '2017090200001', 146, '0', 15, 314, NULL, NULL, NULL, NULL),
(353, '2017090200002', 147, '0', 17, 315, NULL, NULL, NULL, NULL),
(354, '2017090200003', 148, '0', 18, 316, NULL, NULL, NULL, NULL),
(355, '2017090300001', 149, '0', 19, 317, NULL, NULL, NULL, NULL),
(356, '2017090300001', 149, '0', 19, 318, NULL, NULL, NULL, NULL),
(357, '2017090300001', 149, '0', 20, 319, NULL, NULL, NULL, NULL),
(358, '2017122500007', 150, '0', 15, 76, NULL, NULL, NULL, NULL),
(359, '2017122500007', 150, '0', 19, 77, NULL, NULL, NULL, NULL),
(360, '2017122500007', 150, '0', 18, 78, NULL, NULL, NULL, NULL),
(361, '2017122500007', 150, '0', 15, 79, NULL, NULL, NULL, NULL),
(362, '2017122500007', 150, '0', 22, 80, NULL, NULL, NULL, NULL),
(363, '2017122500007', 150, '0', 22, 81, NULL, NULL, NULL, NULL),
(364, '2017122500007', 150, '0', 24, 82, NULL, NULL, NULL, NULL),
(365, '2017122900006', 151, '0', 18, 220, NULL, NULL, NULL, NULL),
(366, '2017123000001', 152, '0', 19, 221, NULL, NULL, NULL, NULL),
(367, '2017090300002', 153, '0', 22, 320, NULL, NULL, NULL, NULL),
(368, '2017090400001', 154, '0', 15, 321, NULL, NULL, NULL, NULL),
(369, '2017090800001', 155, '0', 16, 322, NULL, NULL, NULL, NULL),
(370, '2017122600001', 156, '0', 22, 83, NULL, NULL, NULL, NULL),
(371, '2017091000001', 157, '0', 19, 323, NULL, NULL, NULL, NULL),
(372, '2017122600002', 158, '0', 15, 84, NULL, NULL, NULL, NULL),
(373, '2017122600002', 158, '0', 19, 85, NULL, NULL, NULL, NULL),
(374, '2017122600003', 159, '0', 15, 86, NULL, NULL, NULL, NULL),
(375, '2017091000002', 160, '0', 15, 324, NULL, NULL, NULL, NULL),
(376, '2017091000002', 160, '0', 22, 325, NULL, NULL, NULL, NULL),
(377, '2017091000002', 160, '0', 19, 326, NULL, NULL, NULL, NULL),
(378, '2017091100001', 161, '0', 15, 327, NULL, NULL, NULL, NULL),
(379, '2017091100001', 161, '0', 19, 328, NULL, NULL, NULL, NULL),
(380, '2017091300001', 162, '0', 19, 329, NULL, NULL, NULL, NULL),
(381, '2017122600004', 163, '0', 15, 87, NULL, NULL, NULL, NULL),
(382, '2017122600004', 163, '0', 15, 88, NULL, NULL, NULL, NULL),
(383, '2017122600004', 163, '0', 15, 89, NULL, NULL, NULL, NULL),
(384, '2017091300002', 164, '0', 15, 330, NULL, NULL, NULL, NULL),
(385, '2017091300002', 164, '0', 19, 331, NULL, NULL, NULL, NULL),
(386, '2017091300002', 164, '0', 15, 332, NULL, NULL, NULL, NULL),
(387, '2017091400001', 165, '0', 15, 333, NULL, NULL, NULL, NULL),
(388, '2017122600005', 166, '0', 15, 90, NULL, NULL, NULL, NULL),
(389, '2017122600005', 166, '0', 22, 91, NULL, NULL, NULL, NULL),
(390, '2017122800020', 167, '0', 18, 199, NULL, NULL, NULL, NULL),
(391, '2017122800020', 167, '0', 15, 200, NULL, NULL, NULL, NULL),
(392, '2017122800020', 167, '0', 19, 201, NULL, NULL, NULL, NULL),
(393, '2017122800020', 167, '0', 19, 202, NULL, NULL, NULL, NULL),
(394, '2017122800021', 168, '0', 24, 203, NULL, NULL, NULL, NULL),
(395, '2017122800021', 168, '0', 19, 204, NULL, NULL, NULL, NULL),
(396, '2017091400002', 169, '0', 19, 334, NULL, NULL, NULL, NULL),
(397, '2017091600001', 170, '0', 22, 335, NULL, NULL, NULL, NULL),
(398, '2017091700001', 171, '0', 15, 336, NULL, NULL, NULL, NULL),
(399, '2017091700001', 171, '0', 18, 337, NULL, NULL, NULL, NULL),
(400, '2017122600006', 172, '0', 19, 92, NULL, NULL, NULL, NULL),
(401, '2017091800001', 173, '0', 24, 338, NULL, NULL, NULL, NULL),
(402, '2017091800001', 173, '0', 18, 339, NULL, NULL, NULL, NULL),
(403, '2017091800001', 173, '0', 19, 340, NULL, NULL, NULL, NULL),
(404, '2017091800002', 174, '0', 19, 341, NULL, NULL, NULL, NULL),
(405, '2017122600007', 175, '0', 22, 93, NULL, NULL, NULL, NULL),
(406, '2017122600007', 175, '0', 18, 94, NULL, NULL, NULL, NULL),
(407, '2017122600007', 175, '0', 18, 95, NULL, NULL, NULL, NULL),
(408, '2017122600007', 175, '0', 19, 96, NULL, NULL, NULL, NULL),
(409, '2017122600007', 175, '0', 19, 97, NULL, NULL, NULL, NULL),
(410, '2017122600007', 175, '0', 24, 98, NULL, NULL, NULL, NULL),
(411, '2017091900001', 176, '0', 15, 342, NULL, NULL, NULL, NULL),
(412, '2017091900001', 176, '0', 15, 343, NULL, NULL, NULL, NULL),
(413, '2017091900001', 176, '0', 19, 344, NULL, NULL, NULL, NULL),
(414, '2017091900001', 176, '0', 22, 345, NULL, NULL, NULL, NULL),
(415, '2017092200001', 177, '0', 19, 346, NULL, NULL, NULL, NULL),
(416, '2017092200001', 177, '0', 15, 347, NULL, NULL, NULL, NULL),
(417, '2017092200001', 177, '0', 22, 348, NULL, NULL, NULL, NULL),
(418, '2017092300001', 178, '0', 22, 349, NULL, NULL, NULL, NULL),
(419, '2017122600008', 179, '0', 15, 99, NULL, NULL, NULL, NULL),
(420, '2017122600008', 179, '0', 19, 100, NULL, NULL, NULL, NULL),
(421, '2017122600008', 179, '0', 23, 101, NULL, NULL, NULL, NULL),
(422, '2017122600008', 179, '0', 15, 102, NULL, NULL, NULL, NULL),
(423, '2017122600008', 179, '0', 22, 103, NULL, NULL, NULL, NULL),
(424, '2017092700001', 180, '0', 15, 350, NULL, NULL, NULL, NULL),
(425, '2017092800001', 181, '0', 15, 351, NULL, NULL, NULL, NULL),
(426, '2017092800001', 181, '0', 15, 352, NULL, NULL, NULL, NULL),
(427, '2017092900001', 182, '0', 18, 353, NULL, NULL, NULL, NULL),
(428, '2017092900002', 183, '0', 22, 354, NULL, NULL, NULL, NULL),
(429, '2017093000001', 184, '0', 15, 355, NULL, NULL, NULL, NULL),
(430, '2017093000001', 184, '0', 15, 356, NULL, NULL, NULL, NULL),
(431, '2017093000001', 184, '0', 24, 357, NULL, NULL, NULL, NULL),
(432, '2017093000001', 184, '0', 23, 358, NULL, NULL, NULL, NULL),
(433, '2017093000001', 184, '0', 22, 359, NULL, NULL, NULL, NULL),
(434, '2017122600009', 185, '0', 15, 104, NULL, NULL, NULL, NULL),
(435, '2017122600009', 185, '0', 19, 105, NULL, NULL, NULL, NULL),
(436, '2017122600009', 185, '0', 17, 106, NULL, NULL, NULL, NULL),
(437, '2017122600009', 185, '0', 15, 107, NULL, NULL, NULL, NULL),
(438, '2017093000002', 186, '0', 15, 360, NULL, NULL, NULL, NULL),
(439, '2017100100001', 187, '0', 19, 361, NULL, NULL, NULL, NULL),
(440, '2017100100001', 187, '0', 22, 362, NULL, NULL, NULL, NULL),
(441, '2017100100001', 187, '0', 22, 363, NULL, NULL, NULL, NULL),
(442, '2017100100002', 188, '0', 15, 364, NULL, NULL, NULL, NULL),
(443, '2017100200001', 189, '0', 19, 365, NULL, NULL, NULL, NULL),
(444, '2017100200002', 190, '0', 22, 366, NULL, NULL, NULL, NULL),
(445, '2017100200002', 190, '0', 15, 367, NULL, NULL, NULL, NULL),
(446, '2017100200002', 190, '0', 24, 368, NULL, NULL, NULL, NULL),
(447, '2017100500001', 191, '0', 21, 369, NULL, NULL, NULL, NULL),
(448, '2017100700001', 192, '0', 17, 370, NULL, NULL, NULL, NULL),
(449, '2017100700001', 192, '0', 20, 371, NULL, NULL, NULL, NULL),
(450, '2017100700001', 192, '0', 18, 372, NULL, NULL, NULL, NULL),
(451, '2017100900001', 193, '0', 19, 373, NULL, NULL, NULL, NULL),
(452, '2017100900002', 194, '0', 15, 374, NULL, NULL, NULL, NULL),
(453, '2017100900002', 194, '0', 15, 375, NULL, NULL, NULL, NULL),
(454, '2017100900002', 194, '0', 15, 376, NULL, NULL, NULL, NULL),
(455, '2017100900002', 194, '0', 15, 377, NULL, NULL, NULL, NULL),
(456, '2017100900002', 194, '0', 15, 378, NULL, NULL, NULL, NULL),
(457, '2017101000001', 195, '0', 16, 379, NULL, NULL, NULL, NULL),
(458, '2017101100001', 196, '0', 24, 380, NULL, NULL, NULL, NULL),
(459, '2017101500001', 197, '0', 15, 381, NULL, NULL, NULL, NULL),
(460, '2017101500001', 197, '0', 15, 382, NULL, NULL, NULL, NULL),
(461, '2017101500001', 197, '0', 18, 383, NULL, NULL, NULL, NULL),
(462, '2017101500001', 197, '0', 19, 384, NULL, NULL, NULL, NULL),
(463, '2017101500001', 197, '0', 22, 385, NULL, NULL, NULL, NULL),
(464, '2017101500001', 197, '0', 22, 386, NULL, NULL, NULL, NULL),
(465, '2017101500002', 198, '0', 15, 387, NULL, NULL, NULL, NULL),
(466, '2017101500002', 198, '0', 15, 388, NULL, NULL, NULL, NULL),
(467, '2017101500002', 198, '0', 22, 389, NULL, NULL, NULL, NULL),
(468, '2017122600010', 199, '0', 15, 108, NULL, NULL, NULL, NULL),
(469, '2017122600010', 199, '0', 16, 109, NULL, NULL, NULL, NULL),
(470, '2017122600010', 199, '0', 19, 110, NULL, NULL, NULL, NULL),
(471, '2017122600010', 199, '0', 15, 111, NULL, NULL, NULL, NULL),
(472, '2017122600010', 199, '0', 18, 112, NULL, NULL, NULL, NULL),
(473, '2017122600010', 199, '0', 23, 113, NULL, NULL, NULL, NULL),
(474, '2017101500003', 200, '0', 20, 390, NULL, NULL, NULL, NULL),
(475, '2017101700001', 201, '0', 19, 391, NULL, NULL, NULL, NULL),
(476, '2017101700001', 201, '0', 21, 392, NULL, NULL, NULL, NULL),
(477, '2017101700002', 202, '0', 22, 393, NULL, NULL, NULL, NULL),
(478, '2017102000001', 203, '0', 24, 394, NULL, NULL, NULL, NULL),
(479, '2017102000001', 203, '0', 15, 395, NULL, NULL, NULL, NULL),
(480, '2017102000001', 203, '0', 23, 396, NULL, NULL, NULL, NULL),
(481, '2017102400001', 204, '0', 15, 397, NULL, NULL, NULL, NULL),
(482, '2017102400001', 205, '0', 15, 397, NULL, NULL, NULL, NULL),
(483, '2017122600011', 206, '0', 15, 114, NULL, NULL, NULL, NULL),
(484, '2017122600011', 206, '0', 22, 115, NULL, NULL, NULL, NULL),
(485, '2017103000001', 207, '0', 15, 398, NULL, NULL, NULL, NULL),
(486, '2017103000001', 207, '0', 20, 399, NULL, NULL, NULL, NULL),
(487, '2017103000001', 207, '0', 22, 400, NULL, NULL, NULL, NULL),
(488, '2017103100001', 208, '0', 18, 401, NULL, NULL, NULL, NULL),
(489, '2017103100002', 209, '0', 20, 402, NULL, NULL, NULL, NULL),
(490, '2017110100001', 210, '0', 19, 403, NULL, NULL, NULL, NULL),
(491, '2017110100002', 211, '0', 15, 404, NULL, NULL, NULL, NULL),
(492, '2017110100002', 211, '0', 15, 405, NULL, NULL, NULL, NULL),
(493, '2017110100002', 211, '0', 24, 406, NULL, NULL, NULL, NULL),
(494, '2017110100002', 211, '0', 16, 407, NULL, NULL, NULL, NULL),
(495, '2017110100003', 212, '0', 15, 408, NULL, NULL, NULL, NULL),
(496, '2017110100004', 213, '0', 19, 409, NULL, NULL, NULL, NULL),
(497, '2017110100004', 213, '0', 18, 410, NULL, NULL, NULL, NULL),
(498, '2017110200001', 214, '0', 24, 411, NULL, NULL, NULL, NULL),
(499, '2017110200001', 214, '0', 24, 412, NULL, NULL, NULL, NULL),
(500, '2017110200002', 215, '0', 19, 413, NULL, NULL, NULL, NULL),
(501, '2017110300001', 216, '0', 19, 414, NULL, NULL, NULL, NULL),
(502, '2017110300001', 216, '0', 18, 415, NULL, NULL, NULL, NULL),
(503, '2017110300001', 216, '0', 22, 416, NULL, NULL, NULL, NULL),
(504, '2017110300002', 217, '0', 24, 417, NULL, NULL, NULL, NULL),
(505, '2017110400001', 218, '0', 22, 418, NULL, NULL, NULL, NULL),
(506, '2017110800001', 219, '0', 15, 419, NULL, NULL, NULL, NULL),
(507, '2017110800002', 220, '0', 15, 420, NULL, NULL, NULL, NULL),
(508, '2017110800002', 220, '0', 19, 421, NULL, NULL, NULL, NULL),
(509, '2017110800002', 220, '0', 15, 422, NULL, NULL, NULL, NULL),
(510, '2017110800002', 220, '0', 17, 423, NULL, NULL, NULL, NULL),
(511, '2017110900001', 221, '0', 15, 424, NULL, NULL, NULL, NULL),
(512, '2017110900001', 221, '0', 19, 425, NULL, NULL, NULL, NULL),
(513, '2017110900002', 222, '0', 18, 426, NULL, NULL, NULL, NULL),
(514, '2017110900002', 222, '0', 22, 427, NULL, NULL, NULL, NULL),
(515, '2017110900002', 222, '0', 15, 428, NULL, NULL, NULL, NULL),
(516, '2017111000001', 223, '0', 21, 429, NULL, NULL, NULL, NULL),
(517, '2017122600012', 224, '0', 15, 116, NULL, NULL, NULL, NULL),
(518, '2017122600012', 224, '0', 15, 117, NULL, NULL, NULL, NULL),
(519, '2017111000002', 225, '0', 19, 430, NULL, NULL, NULL, NULL),
(520, '2017111000002', 225, '0', 15, 431, NULL, NULL, NULL, NULL),
(521, '2017111000002', 225, '0', 15, 432, NULL, NULL, NULL, NULL),
(522, '2017111100001', 226, '0', 15, 433, NULL, NULL, NULL, NULL),
(523, '2017111100002', 227, '0', 15, 434, NULL, NULL, NULL, NULL),
(524, '2017111100002', 227, '0', 23, 435, NULL, NULL, NULL, NULL),
(525, '2017111100002', 227, '0', 19, 436, NULL, NULL, NULL, NULL),
(526, '2017111200001', 228, '0', 24, 437, NULL, NULL, NULL, NULL),
(527, '2017111200002', 229, '0', 19, 438, NULL, NULL, NULL, NULL),
(528, '2017111200002', 229, '0', 15, 439, NULL, NULL, NULL, NULL),
(529, '2017111300001', 230, '0', 22, 440, NULL, NULL, NULL, NULL),
(530, '2017111300001', 230, '0', 22, 441, NULL, NULL, NULL, NULL),
(531, '2017111600001', 231, '0', 18, 442, NULL, NULL, NULL, NULL),
(532, '2017111600001', 232, '0', 18, 442, NULL, NULL, NULL, NULL),
(533, '2017111700001', 233, '0', 20, 443, NULL, NULL, NULL, NULL),
(534, '2017111700001', 233, '0', 16, 444, NULL, NULL, NULL, NULL),
(535, '2017111700002', 234, '0', 19, 445, NULL, NULL, NULL, NULL),
(536, '2017111700003', 235, '0', 22, 446, NULL, NULL, NULL, NULL),
(537, '2017111900001', 236, '0', 20, 447, NULL, NULL, NULL, NULL),
(538, '2017111900002', 237, '0', 15, 448, NULL, NULL, NULL, NULL),
(539, '2017111900002', 237, '0', 22, 449, NULL, NULL, NULL, NULL),
(540, '2017111900003', 238, '0', 15, 450, NULL, NULL, NULL, NULL),
(541, '2017112000001', 239, '0', 15, 451, NULL, NULL, NULL, NULL),
(542, '2017112000001', 239, '0', 15, 452, NULL, NULL, NULL, NULL),
(543, '2017112000002', 240, '0', 18, 453, NULL, NULL, NULL, NULL),
(544, '2017112000002', 240, '0', 17, 454, NULL, NULL, NULL, NULL),
(545, '2017112000003', 241, '0', 15, 455, NULL, NULL, NULL, NULL),
(546, '2017122600013', 242, '0', 15, 118, NULL, NULL, NULL, NULL),
(547, '2017112200001', 243, '0', 15, 456, NULL, NULL, NULL, NULL),
(548, '2017112200001', 243, '0', 22, 457, NULL, NULL, NULL, NULL),
(549, '2017112200002', 244, '0', 19, 458, NULL, NULL, NULL, NULL),
(550, '2017112500001', 245, '0', 17, 459, NULL, NULL, NULL, NULL),
(551, '2017112500001', 245, '0', 17, 460, NULL, NULL, NULL, NULL),
(552, '2017112500002', 246, '0', 23, 461, NULL, NULL, NULL, NULL),
(553, '2017112800001', 247, '0', 22, 462, NULL, NULL, NULL, NULL),
(554, '2017112800002', 248, '0', 19, 463, NULL, NULL, NULL, NULL),
(555, '2017112800002', 248, '0', 15, 464, NULL, NULL, NULL, NULL),
(556, '2017112800003', 249, '0', 15, 465, NULL, NULL, NULL, NULL),
(557, '2017112800003', 249, '0', 18, 466, NULL, NULL, NULL, NULL),
(558, '2017112800003', 249, '0', 19, 467, NULL, NULL, NULL, NULL),
(559, '2017112800004', 250, '0', 22, 468, NULL, NULL, NULL, NULL),
(560, '2017112800005', 251, '0', 17, 469, NULL, NULL, NULL, NULL),
(561, '2017112800005', 251, '0', 17, 470, NULL, NULL, NULL, NULL),
(562, '2017112800005', 251, '0', 17, 471, NULL, NULL, NULL, NULL),
(563, '2017112900001', 252, '0', 15, 472, NULL, NULL, NULL, NULL),
(564, '2017112900001', 252, '0', 18, 473, NULL, NULL, NULL, NULL),
(565, '2017112900001', 252, '0', 15, 474, NULL, NULL, NULL, NULL),
(566, '2017112900002', 253, '0', 20, 475, NULL, NULL, NULL, NULL),
(567, '2017112900002', 253, '0', 15, 476, NULL, NULL, NULL, NULL),
(568, '2017112900002', 253, '0', 22, 477, NULL, NULL, NULL, NULL),
(569, '2017112900003', 254, '0', 21, 478, NULL, NULL, NULL, NULL),
(570, '2017112900003', 254, '0', 21, 479, NULL, NULL, NULL, NULL),
(571, '2017113000001', 255, '0', 15, 480, NULL, NULL, NULL, NULL),
(572, '2017113000002', 256, '0', 15, 481, NULL, NULL, NULL, NULL),
(573, '2017113000002', 256, '0', 16, 482, NULL, NULL, NULL, NULL),
(574, '2017113000002', 256, '0', 15, 483, NULL, NULL, NULL, NULL),
(575, '2017113000002', 256, '0', 15, 484, NULL, NULL, NULL, NULL),
(576, '2017113000003', 257, '0', 23, 485, NULL, NULL, NULL, NULL),
(577, '2017122600014', 258, '0', 16, 119, NULL, NULL, NULL, NULL),
(578, '2017122600014', 258, '0', 22, 120, NULL, NULL, NULL, NULL),
(579, '2018010100001', 259, '0', 15, 486, NULL, NULL, NULL, NULL),
(580, '2018010100001', 259, '0', 15, 487, NULL, NULL, NULL, NULL),
(581, '2018010100001', 259, '0', 15, 488, NULL, NULL, NULL, NULL),
(582, '2018010100001', 259, '0', 22, 489, NULL, NULL, NULL, NULL),
(583, '2018010100002', 260, '0', 15, 490, NULL, NULL, NULL, NULL),
(584, '2018010100003', 261, '0', 17, 491, NULL, NULL, NULL, NULL),
(585, '2018010100003', 261, '0', 17, 492, NULL, NULL, NULL, NULL),
(586, '2018010100004', 262, '0', 17, 493, NULL, NULL, NULL, NULL),
(587, '2018010100004', 262, '0', 23, 494, NULL, NULL, NULL, NULL),
(588, '2018010100005', 263, '0', 24, 495, NULL, NULL, NULL, NULL),
(589, '2018010100005', 263, '0', 19, 496, NULL, NULL, NULL, NULL),
(590, '2018010200001', 264, '0', 15, 497, NULL, NULL, NULL, NULL),
(591, '2018010200001', 264, '0', 15, 498, NULL, NULL, NULL, NULL),
(592, '2018010200001', 264, '0', 15, 499, NULL, NULL, NULL, NULL),
(593, '2018010200001', 264, '0', 19, 500, NULL, NULL, NULL, NULL),
(594, '2018010200002', 265, '0', 20, 501, NULL, NULL, NULL, NULL),
(595, '2018010200003', 266, '0', 22, 502, NULL, NULL, NULL, NULL),
(596, '2018010200003', 266, '0', 15, 503, NULL, NULL, NULL, NULL),
(597, '2018010200003', 266, '0', 19, 504, NULL, NULL, NULL, NULL),
(598, '2018010300001', 267, '0', 18, 505, NULL, NULL, NULL, NULL),
(599, '2018010300002', 268, '0', 19, 506, NULL, NULL, NULL, NULL),
(600, '2018010300002', 268, '0', 15, 507, NULL, NULL, NULL, NULL),
(601, '2018010700001', 269, '0', 22, 508, NULL, NULL, NULL, NULL),
(602, '2018011000001', 270, '0', 20, 509, NULL, NULL, NULL, NULL),
(603, '2018011000002', 271, '0', 21, 510, NULL, NULL, NULL, NULL),
(604, '2018011000002', 271, '0', 15, 511, NULL, NULL, NULL, NULL),
(605, '2018011000002', 271, '0', 22, 512, NULL, NULL, NULL, NULL),
(606, '2018011100001', 272, '0', 24, 513, NULL, NULL, NULL, NULL),
(607, '2018011100002', 273, '0', 23, 514, NULL, NULL, NULL, NULL),
(608, '2018011100002', 273, '0', 22, 515, NULL, NULL, NULL, NULL),
(609, '2018011300001', 274, '0', 22, 516, NULL, NULL, NULL, NULL),
(610, '2018011400001', 275, '0', 16, 517, NULL, NULL, NULL, NULL),
(611, '2018011400001', 275, '0', 19, 518, NULL, NULL, NULL, NULL),
(612, '2018011500001', 276, '0', 19, 519, NULL, NULL, NULL, NULL),
(613, '2018011500001', 276, '0', 19, 520, NULL, NULL, NULL, NULL),
(614, '2017122600015', 277, '0', 15, 121, NULL, NULL, NULL, NULL),
(615, '2017122600015', 277, '0', 22, 122, NULL, NULL, NULL, NULL),
(616, '2018011700001', 278, '0', 18, 521, NULL, NULL, NULL, NULL),
(617, '2018011700001', 278, '0', 19, 522, NULL, NULL, NULL, NULL),
(618, '2018011700001', 278, '0', 19, 523, NULL, NULL, NULL, NULL),
(619, '2018011700002', 279, '0', 15, 524, NULL, NULL, NULL, NULL),
(620, '2018011900001', 280, '0', 22, 525, NULL, NULL, NULL, NULL),
(621, '2018011900001', 280, '0', 17, 526, NULL, NULL, NULL, NULL),
(622, '2018011900002', 281, '0', 15, 527, NULL, NULL, NULL, NULL),
(623, '2018012200001', 282, '0', 17, 528, NULL, NULL, NULL, NULL),
(624, '2018012200001', 282, '0', 20, 529, NULL, NULL, NULL, NULL),
(625, '2018012200002', 283, '0', 21, 530, NULL, NULL, NULL, NULL),
(626, '2018012400001', 284, '0', 15, 531, NULL, NULL, NULL, NULL),
(627, '2018012700001', 285, '0', 15, 532, NULL, NULL, NULL, NULL),
(628, '2018013000001', 286, '0', 15, 533, NULL, NULL, NULL, NULL),
(629, '2018013000002', 287, '0', 22, 534, NULL, NULL, NULL, NULL),
(630, '2018013100001', 288, '0', 24, 535, NULL, NULL, NULL, NULL),
(631, '2018013100001', 288, '0', 16, 536, NULL, NULL, NULL, NULL),
(632, '2018013100001', 288, '0', 16, 537, NULL, NULL, NULL, NULL),
(633, '2018013100001', 288, '0', 19, 538, NULL, NULL, NULL, NULL),
(634, '2018013100002', 289, '0', 19, 539, NULL, NULL, NULL, NULL),
(635, '2018020100001', 290, '0', 24, 540, NULL, NULL, NULL, NULL),
(636, '2017122700001', 291, '0', 19, 123, NULL, NULL, NULL, NULL),
(637, '2018020100002', 292, '0', 15, 541, NULL, NULL, NULL, NULL),
(638, '2018020100003', 293, '0', 15, 542, NULL, NULL, NULL, NULL),
(639, '2018020100003', 293, '0', 19, 543, NULL, NULL, NULL, NULL),
(640, '2018020100003', 293, '0', 15, 544, NULL, NULL, NULL, NULL),
(641, '2018020100003', 293, '0', 19, 545, NULL, NULL, NULL, NULL),
(642, '2018020300001', 294, '0', 22, 546, NULL, NULL, NULL, NULL),
(643, '2018020300002', 295, '0', 23, 547, NULL, NULL, NULL, NULL),
(644, '2018020600001', 296, '0', 24, 548, NULL, NULL, NULL, NULL),
(645, '2018020700001', 297, '0', 15, 549, NULL, NULL, NULL, NULL),
(646, '2018021000001', 298, '0', 21, 550, NULL, NULL, NULL, NULL),
(647, '2018021000002', 299, '0', 20, 551, NULL, NULL, NULL, NULL),
(648, '2018021100001', 300, '0', 15, 552, NULL, NULL, NULL, NULL),
(649, '2018021100001', 300, '0', 19, 553, NULL, NULL, NULL, NULL),
(650, '2018021100002', 301, '0', 22, 554, NULL, NULL, NULL, NULL),
(651, '2018021100003', 302, '0', 22, 555, NULL, NULL, NULL, NULL),
(652, '2018021100004', 303, '0', 20, 556, NULL, NULL, NULL, NULL),
(653, '2018021100004', 303, '0', 15, 557, NULL, NULL, NULL, NULL),
(654, '2018021100004', 303, '0', 18, 558, NULL, NULL, NULL, NULL),
(655, '2017122700002', 304, '0', 22, 124, NULL, NULL, NULL, NULL),
(656, '2017122700002', 304, '0', 15, 125, NULL, NULL, NULL, NULL),
(657, '2017122700002', 304, '0', 15, 126, NULL, NULL, NULL, NULL),
(658, '2018021300001', 305, '0', 15, 559, NULL, NULL, NULL, NULL),
(659, '2018021300002', 306, '0', 15, 560, NULL, NULL, NULL, NULL),
(660, '2018021300002', 306, '0', 15, 561, NULL, NULL, NULL, NULL),
(661, '2018021400001', 307, '0', 19, 562, NULL, NULL, NULL, NULL),
(662, '2018021600001', 308, '0', 24, 563, NULL, NULL, NULL, NULL),
(663, '2018021800001', 309, '0', 20, 564, NULL, NULL, NULL, NULL),
(664, '2018021800002', 310, '0', 19, 565, NULL, NULL, NULL, NULL),
(665, '2018021800002', 310, '0', 15, 566, NULL, NULL, NULL, NULL),
(666, '2018022400001', 311, '0', 15, 567, NULL, NULL, NULL, NULL),
(667, '2018022600001', 312, '0', 23, 568, NULL, NULL, NULL, NULL),
(668, '2018022600002', 313, '0', 22, 569, NULL, NULL, NULL, NULL),
(669, '2018022600002', 313, '0', 15, 570, NULL, NULL, NULL, NULL),
(670, '2018022800001', 314, '0', 15, 571, NULL, NULL, NULL, NULL),
(671, '2017122700003', 315, '0', 22, 127, NULL, NULL, NULL, NULL),
(672, '2017122700003', 315, '0', 15, 128, NULL, NULL, NULL, NULL),
(673, '2017122700003', 315, '0', 19, 129, NULL, NULL, NULL, NULL),
(674, '2018022800002', 316, '0', 15, 572, NULL, NULL, NULL, NULL),
(675, '2018030100001', 317, '0', 15, 573, NULL, NULL, NULL, NULL),
(676, '2018030100001', 317, '0', 22, 574, NULL, NULL, NULL, NULL),
(677, '2018030100002', 318, '0', 18, 575, NULL, NULL, NULL, NULL),
(678, '2018030200001', 319, '0', 19, 576, NULL, NULL, NULL, NULL),
(679, '2018030200002', 320, '0', 16, 577, NULL, NULL, NULL, NULL),
(680, '2018030200002', 320, '0', 21, 578, NULL, NULL, NULL, NULL),
(681, '2018030500001', 321, '0', 15, 579, NULL, NULL, NULL, NULL),
(682, '2018030700001', 322, '0', 24, 580, NULL, NULL, NULL, NULL),
(683, '2018030900001', 323, '0', 18, 581, NULL, NULL, NULL, NULL),
(684, '2018030900001', 323, '0', 19, 582, NULL, NULL, NULL, NULL),
(685, '2018030900001', 323, '0', 17, 583, NULL, NULL, NULL, NULL),
(686, '2018030900002', 324, '0', 16, 584, NULL, NULL, NULL, NULL),
(687, '2018031000001', 325, '0', 24, 585, NULL, NULL, NULL, NULL),
(688, '2018031000001', 325, '0', 18, 586, NULL, NULL, NULL, NULL),
(689, '2018031000001', 325, '0', 19, 587, NULL, NULL, NULL, NULL),
(690, '2018031100001', 326, '0', 19, 588, NULL, NULL, NULL, NULL),
(691, '2017122700004', 327, '0', 18, 130, NULL, NULL, NULL, NULL),
(692, '2017122700004', 327, '0', 18, 131, NULL, NULL, NULL, NULL),
(693, '2017122700004', 327, '0', 23, 132, NULL, NULL, NULL, NULL),
(694, '2017122700004', 327, '0', 15, 133, NULL, NULL, NULL, NULL),
(695, '2017122700004', 327, '0', 15, 134, NULL, NULL, NULL, NULL),
(696, '2017122700004', 327, '0', 15, 135, NULL, NULL, NULL, NULL),
(697, '2017122700004', 327, '0', 22, 136, NULL, NULL, NULL, NULL),
(698, '2017122700004', 327, '0', 16, 137, NULL, NULL, NULL, NULL),
(699, '2018031500001', 328, '0', 21, 589, NULL, NULL, NULL, NULL),
(700, '2018031500001', 328, '0', 22, 590, NULL, NULL, NULL, NULL),
(701, '2018031500002', 329, '0', 22, 591, NULL, NULL, NULL, NULL),
(702, '2018031500003', 330, '0', 19, 592, NULL, NULL, NULL, NULL),
(703, '2018031700001', 331, '0', 16, 593, NULL, NULL, NULL, NULL),
(704, '2018031700001', 331, '0', 17, 594, NULL, NULL, NULL, NULL),
(705, '2018031700002', 332, '0', 15, 595, NULL, NULL, NULL, NULL),
(706, '2018032000001', 333, '0', 15, 596, NULL, NULL, NULL, NULL),
(707, '2018032400001', 334, '0', 24, 597, NULL, NULL, NULL, NULL),
(708, '2018033000001', 335, '0', 19, 598, NULL, NULL, NULL, NULL),
(709, '2018033100001', 336, '0', 24, 599, NULL, NULL, NULL, NULL),
(710, '2018033100001', 336, '0', 15, 600, NULL, NULL, NULL, NULL),
(711, '2018033100002', 337, '0', 22, 601, NULL, NULL, NULL, NULL),
(712, '2018021700084', 338, '0', 19, 602, NULL, NULL, NULL, NULL),
(713, '2018021700085', 339, '0', 22, 603, NULL, NULL, NULL, NULL),
(714, '2017122700005', 340, '0', 15, 138, NULL, NULL, NULL, NULL),
(715, '2018021700086', 341, '0', 15, 604, NULL, NULL, NULL, NULL),
(716, '2018021700087', 342, '0', 19, 605, NULL, NULL, NULL, NULL),
(717, '2018021700087', 342, '0', 22, 606, NULL, NULL, NULL, NULL),
(718, '2018021700088', 343, '0', 19, 607, NULL, NULL, NULL, NULL),
(719, '2018021700089', 344, '0', 15, 608, NULL, NULL, NULL, NULL),
(720, '2018021700090', 345, '0', 15, 609, NULL, NULL, NULL, NULL),
(721, '2018021700090', 345, '0', 19, 610, NULL, NULL, NULL, NULL),
(722, '2018021700091', 346, '0', 15, 611, NULL, NULL, NULL, NULL),
(723, '2018021700092', 347, '0', 15, 612, NULL, NULL, NULL, NULL),
(724, '2018021700092', 347, '0', 22, 613, NULL, NULL, NULL, NULL),
(725, '2018021700093', 348, '0', 22, 614, NULL, NULL, NULL, NULL),
(726, '2018021700093', 348, '0', 20, 615, NULL, NULL, NULL, NULL),
(727, '2018021700093', 349, '0', 22, 614, NULL, NULL, NULL, NULL),
(728, '2018021700093', 349, '0', 20, 615, NULL, NULL, NULL, NULL),
(729, '2018021700094', 350, '0', 16, 616, NULL, NULL, NULL, NULL),
(730, '2018021700095', 351, '0', 15, 617, NULL, NULL, NULL, NULL),
(731, '2018021700095', 351, '0', 15, 618, NULL, NULL, NULL, NULL),
(732, '2018021700095', 351, '0', 19, 619, NULL, NULL, NULL, NULL),
(733, '2017122700006', 352, '0', 18, 139, NULL, NULL, NULL, NULL),
(734, '2018021700096', 353, '0', 15, 620, NULL, NULL, NULL, NULL),
(735, '2018021700096', 353, '0', 19, 621, NULL, NULL, NULL, NULL),
(736, '2018021700097', 354, '0', 24, 622, NULL, NULL, NULL, NULL),
(737, '2018021700098', 355, '0', 22, 623, NULL, NULL, NULL, NULL),
(738, '2018021700099', 356, '0', 15, 624, NULL, NULL, NULL, NULL),
(739, '2018021700100', 357, '0', 15, 625, NULL, NULL, NULL, NULL),
(740, '2017123000002', 358, '0', 24, 222, NULL, NULL, NULL, NULL),
(741, '2017123000002', 358, '0', 16, 223, NULL, NULL, NULL, NULL),
(742, '2017122700007', 359, '0', 15, 140, NULL, NULL, NULL, NULL),
(743, '2018021700101', 360, '0', 19, 626, NULL, NULL, NULL, NULL),
(744, '2018021700101', 360, '0', 22, 627, NULL, NULL, NULL, NULL),
(745, '2018021700102', 361, '0', 22, 628, NULL, NULL, NULL, NULL),
(746, '2018021700102', 362, '0', 22, 628, NULL, NULL, NULL, NULL),
(747, '2018021700103', 363, '0', 15, 629, NULL, NULL, NULL, NULL),
(748, '2018021700104', 364, '0', 22, 630, NULL, NULL, NULL, NULL),
(749, '2018021700105', 365, '0', 15, 631, NULL, NULL, NULL, NULL),
(750, '2018021700106', 366, '0', 18, 632, NULL, NULL, NULL, NULL),
(751, '2018021700107', 367, '0', 16, 633, NULL, NULL, NULL, NULL),
(752, '2018021700108', 368, '0', 15, 634, NULL, NULL, NULL, NULL),
(753, '2018021700109', 369, '0', 21, 635, NULL, NULL, NULL, NULL),
(754, '2018021700110', 370, '0', 20, 636, NULL, NULL, NULL, NULL),
(755, '2017122700008', 372, '0', 22, 141, NULL, NULL, NULL, NULL),
(756, '2017122700008', 372, '0', 22, 142, NULL, NULL, NULL, NULL),
(757, '2017122900003', 373, '0', 18, 216, NULL, NULL, NULL, NULL),
(758, '2018021700113', 374, '0', 19, 639, NULL, NULL, NULL, NULL),
(759, '2018021700113', 374, '0', 15, 640, NULL, NULL, NULL, NULL),
(760, '2018021700114', 375, '0', 18, 641, NULL, NULL, NULL, NULL),
(761, '2018021700115', 376, '0', 15, 642, NULL, NULL, NULL, NULL),
(762, '2018021700116', 377, '0', 15, 643, NULL, NULL, NULL, NULL),
(763, '2018021700116', 377, '0', 24, 644, NULL, NULL, NULL, NULL),
(764, '2018021700116', 377, '0', 16, 645, NULL, NULL, NULL, NULL),
(765, '2017122800001', 378, '0', 24, 143, NULL, NULL, NULL, NULL),
(766, '2018021700117', 379, '0', 19, 646, NULL, NULL, NULL, NULL),
(767, '2018021700117', 379, '0', 15, 647, NULL, NULL, NULL, NULL),
(768, '2018021700118', 380, '0', 18, 648, NULL, NULL, NULL, NULL),
(769, '2018021700119', 381, '0', 22, 649, NULL, NULL, NULL, NULL),
(770, '2018021700120', 382, '0', 22, 650, NULL, NULL, NULL, NULL),
(771, '2018021700120', 382, '0', 24, 651, NULL, NULL, NULL, NULL),
(772, '2018021700121', 383, '0', 19, 652, NULL, NULL, NULL, NULL),
(773, '2018021700122', 384, '0', 15, 653, NULL, NULL, NULL, NULL),
(774, '2018021700122', 384, '0', 15, 654, NULL, NULL, NULL, NULL),
(775, '2018021700123', 385, '0', 22, 655, NULL, NULL, NULL, NULL),
(776, '2018021700124', 386, '0', 17, 656, NULL, NULL, NULL, NULL),
(777, '2018021700125', 387, '0', 23, 657, NULL, NULL, NULL, NULL),
(778, '2018021700126', 388, '0', 23, 658, NULL, NULL, NULL, NULL),
(779, '2018021700127', 389, '0', 16, 659, NULL, NULL, NULL, NULL),
(780, '2018021700127', 389, '0', 21, 660, NULL, NULL, NULL, NULL),
(781, '2018021700128', 390, '0', 21, 661, NULL, NULL, NULL, NULL),
(782, '2018021700129', 391, '0', 21, 662, NULL, NULL, NULL, NULL),
(783, '2018021700129', 391, '0', 15, 663, NULL, NULL, NULL, NULL),
(784, '2018021700130', 392, '0', 15, 664, NULL, NULL, NULL, NULL),
(785, '2018021700131', 393, '0', 18, 665, NULL, NULL, NULL, NULL),
(786, '2018021700131', 393, '0', 22, 666, NULL, NULL, NULL, NULL),
(787, '2018021700132', 394, '0', 15, 667, NULL, NULL, NULL, NULL),
(788, '2018021700132', 394, '0', 15, 668, NULL, NULL, NULL, NULL),
(789, '2018021700132', 394, '0', 18, 669, NULL, NULL, NULL, NULL),
(790, '2018021700133', 395, '0', 15, 670, NULL, NULL, NULL, NULL),
(791, '2018021700134', 396, '0', 20, 671, NULL, NULL, NULL, NULL),
(792, '2018021700134', 396, '0', 18, 672, NULL, NULL, NULL, NULL),
(793, '2018021700135', 397, '0', 19, 673, NULL, NULL, NULL, NULL),
(794, '2018021700135', 397, '0', 15, 674, NULL, NULL, NULL, NULL),
(795, '2018021700136', 398, '0', 19, 675, NULL, NULL, NULL, NULL),
(796, '2018021700136', 398, '0', 15, 676, NULL, NULL, NULL, NULL),
(797, '2018021700137', 399, '0', 18, 677, NULL, NULL, NULL, NULL),
(798, '2018021700138', 400, '0', 24, 678, NULL, NULL, NULL, NULL),
(799, '2018021700138', 400, '0', 22, 679, NULL, NULL, NULL, NULL),
(800, '2018021700139', 401, '0', 15, 680, NULL, NULL, NULL, NULL),
(801, '2018021700140', 402, '0', 23, 681, NULL, NULL, NULL, NULL),
(802, '2018021700141', 403, '0', 15, 682, NULL, NULL, NULL, NULL),
(803, '2017122800002', 404, '0', 19, 144, NULL, NULL, NULL, NULL),
(804, '2017122800003', 405, '0', 15, 145, NULL, NULL, NULL, NULL),
(805, '2017122800004', 406, '0', 15, 146, NULL, NULL, NULL, NULL),
(806, '2017122800004', 406, '0', 18, 147, NULL, NULL, NULL, NULL),
(807, '2017122800004', 406, '0', 18, 148, NULL, NULL, NULL, NULL),
(808, '2018021700142', 407, '0', 15, 683, NULL, NULL, NULL, NULL),
(809, '2018021700144', 408, '2', 15, 685, 1, 'EM2341241234123', '2018-02-19', '2018-02-27'),
(810, '2018021700144', 408, '2', 15, 686, 1, 'EM2341241234123', '2018-02-20', '2018-02-27'),
(811, '2018021700145', 409, '2', 15, 687, 1, 'EP185847584', '2018-02-20', '2018-02-27'),
(812, '2018022100001', 410, '0', 15, 688, NULL, NULL, NULL, NULL),
(813, '2018031200001', 411, '3', 15, 689, 1, 'EM4231412412412', '2018-03-12', '2018-03-12');

-- --------------------------------------------------------

--
-- Table structure for table `subemail`
--

CREATE TABLE `subemail` (
  `id_subemail` int(11) NOT NULL,
  `email` varchar(100) NOT NULL
) ENGINE=InnoDB DEFAULT CHARSET=utf8;

-- --------------------------------------------------------

--
-- Table structure for table `typeproduct`
--

CREATE TABLE `typeproduct` (
  `id_typeProduct` int(11) NOT NULL,
  `nameTypeProduct` varchar(100) NOT NULL
) ENGINE=InnoDB DEFAULT CHARSET=utf8;

--
-- Dumping data for table `typeproduct`
--

INSERT INTO `typeproduct` (`id_typeProduct`, `nameTypeProduct`) VALUES
(5, 'กระเป๋า'),
(4, 'ของฝาก'),
(3, 'ผ้าพันคอ'),
(2, 'หมวก'),
(6, 'อื่นๆ'),
(1, 'เสื้อผ้า');

-- --------------------------------------------------------

--
-- Table structure for table `user_member`
--

CREATE TABLE `user_member` (
  `id_user` int(11) NOT NULL,
  `Name` varchar(100) NOT NULL,
  `LastName` varchar(100) NOT NULL,
  `Email` varchar(100) NOT NULL,
  `Tel` varchar(30) NOT NULL,
  `Address` varchar(255) NOT NULL,
  `City` varchar(100) NOT NULL,
  `State` varchar(100) NOT NULL,
  `Country` varchar(100) NOT NULL,
  `Zip` varchar(10) NOT NULL,
  `Password` varchar(255) NOT NULL
) ENGINE=InnoDB DEFAULT CHARSET=utf8;

--
-- Dumping data for table `user_member`
--

INSERT INTO `user_member` (`id_user`, `Name`, `LastName`, `Email`, `Tel`, `Address`, `City`, `State`, `Country`, `Zip`, `Password`) VALUES
(1, 'Admin', 'Fumin', 'Luxor@info.com', '099-999-9999', '555/55 หมู่ 5 หมู่บ้าน 555 ตำบล รารา ', 'เมือง', 'กรุงเทพ', 'ประเทศไทย', '10000', '81dc9bdb52d04dc20036dbd8313ed055'),
(2, 'Plammy', 'poohizi', 'pulytest.bigc@gmail.com', '0895412365', '120 Chayangkoon road landchester', 'Fleming Island', 'Alaska', 'สหรัฐอเมริกา', '32003', '81dc9bdb52d04dc20036dbd8313ed055'),
(3, 'พรเทพ', 'อภิรักษ์ลี้พล', 'apiraklypol_p@hotmail.com', '083546053', '3 พุทธรักษา2 ต.สนามจันทร์ ', 'เมือง', 'นครปฐม', 'ไทย', '73000', '5e558d59cc61acfcd2b037825d938894'),
(4, 'ซักบ่อย', 'ซักบ่อย', 'gg@gmail.com', '099-999-9999', '555', 'เมือง', 'กรุงเทพมหานคร', 'ไทย', '10400', '81dc9bdb52d04dc20036dbd8313ed055'),
(5, 'สุพัตรา', 'อัมรานนท์', 'vearkury@hotmail.com', '0826772503', '58/1 ม.12 ต.ทรงคนอง', 'พระประแดง', 'สมุทรปราการ', 'ไทย', '10130', '69a53bd25db99ea4f692f47284116b74'),
(6, 'พิชากร', 'ปภาศิริวาทย์', 'godlike9432@gmail.com', '0971090678', '369/1 หมู่ที่ 11 ต.บางตาเถร อ.สองพี่น้อง จ.สุพรรณบุรี 72110', 'เมือง', 'สุพรรณบุรี', 'ไทย', '72110', '81dc9bdb52d04dc20036dbd8313ed055'),
(7, 'แพรวพรรณ', 'ศรีมหาดไทย', 'fern_123_@hotmail.com', '0823604882', '82/1 หมู่7 ', 'เมือง', 'สมุทรสงคราม', 'ไทย', '75000', 'c3b5e865d5f1838f134ca9a2d1d6f9be'),
(8, 'พศิน', 'อิงปีญจลาภ', 'Losianz@gmail.com', '0641855511', '140 ถ.บันไดอิฐ ต.คลองกระแชง', 'เมือง', 'เพชรบุรี', 'ไทย', '76000', '768bba3236c27fbb11ee314d3d84a604'),
(9, 'จีราภรณ์', 'สายธนู', 'meuyzanmmt@gmail.com', '0956058364', '26 หมู่ 2', 'เขื่องใน', 'อุบลราชธานี', 'ประเทศไทย', '34150', 'eb3776807a4602a52421b2f2f7fbb846'),
(11, 'ยศวดี', 'ทรัพย์สนอง', 'biw_busy@hotmail.com', '0879139099', '26/21 ม.5', 'กระทุ่มแบน', 'สมุทรสาคร', 'ไทย', '74110', '8f610a49aea706583d0377479ad2e756'),
(12, 'นางสาวอังคณา', 'อารีย์', 'angkana.aree20@gmail.com', '0970937238', '225หมู่2', 'เมือง', 'ราชบุรี', 'ไทย', '70000', 'c0f02369fd124fbccbd2ae13f6ad51dc'),
(13, 'จุตินันท์', 'สุวรรณศรี', 'stamp_885@hotmail.com', '0836060571', 'ห้อง 24C อาคารวิคตอเรีย Tower 5 224/255 เมืองทองเลควิวคอนโดมิเนียม', 'ปากเกร็ด', 'นนทบุรี', 'ประเทศไทย', '11120', '81dc9bdb52d04dc20036dbd8313ed055'),
(14, 'พิมพ์ชนก', 'พัวศรีพันธุ์', 'Theps1995@gmail.com', '0914799514', '255/388 อินโทรคอนโดมิเนียม ประดิพัทธ์ แขวงพญาไท', 'เขตพญาไท', 'กรุงเทพ', 'ไทย', '10400', '55e89b3bc2c25a9de4f783deecba026d'),
(15, 'สุริยัน', 'ภู่พลอย', 'bike-008@hotmail.com', '0874300753', 'ห้อง 24c 224/255 อาคารวิคตอเรีย ทาวเวอร์ 5', 'ปากเกร็ด', 'นนทบุรี', 'ไทย', '76120', '81dc9bdb52d04dc20036dbd8313ed055'),
(16, 'ฉัตริน', 'นาคถาวร', 'khemkung_2538@hotmail.com', '0834343987', '224/255 อาคารวิคตอเรีย ทาวเวอร์ 5', 'ปากเกร็ด', 'นนทบุรี', 'ไทย', '76120', '81dc9bdb52d04dc20036dbd8313ed055'),
(17, 'ธเนศ', 'กล่อมจาด', 'klomjad.t@hotmail.com', '0866533142', '224/255 อาคารวิคตอเรีย ทาวเวอร์ 5', 'ปากเกร็ด', 'นนทบุรี', 'ไทย', '76120', '81dc9bdb52d04dc20036dbd8313ed055'),
(18, 'พีระพงศ์', 'อัศวเธียรธำรง', 'peerapong_pera@gmail.com', '0957652154', '226 ม.4 ต.แพรกษา', 'เมือง', 'สมุทรปราการ', 'ไทย', '10280', '81dc9bdb52d04dc20036dbd8313ed055'),
(19, 'ณัฏฐ์', 'เวชกรณ์', 'nuttiw_nut@hotmail.com', '0645219932', '503 ม. 22 ชอยนวลหงษ์5 ถนนมะลิวัลย์ ต. บ้านเป็ด', 'เมือง', 'ขอนแก่น', 'ไทย', '40000', '81dc9bdb52d04dc20036dbd8313ed055'),
(20, 'เพ็ญพร', 'ศรีวารีรัตน์', 'kob_love_bo@hotmail.com', '0836050531', 'หมู่บ้าน..บ้านสร้างแกร์นวิลเลจ 39/131 ซ.4หมู่7ต.บ้านสร้าง ', 'บางประอิน', 'อยุธยา', 'ไทย', '13170', '81dc9bdb52d04dc20036dbd8313ed055'),
(21, 'วรเวียร์', 'อภิวณิชย์กุล', 'worra_crazy@hotmail.com', '0852548759', '103 ม. 2 ต. บ้านสวน', 'เมือง', 'ชลบุรี', 'ไทย', '20000', '81dc9bdb52d04dc20036dbd8313ed055'),
(22, 'นพรัตน์', 'บุโคตร', 'littleoiw@gmail.com', '0815255563', '115 ม.2 ต.แพรกษาใหม่', 'เมือง', 'สมุทรปราการ', 'ไทย', '10280', '81dc9bdb52d04dc20036dbd8313ed055'),
(23, 'คม', 'ไชยระ', 'chaiyana_love_s@hotmail.com', '0877775213', '111หมู่13 ถนนกิ่งแก้ว ต.ราชาเทวะ', 'บางพลี', 'สมุทรปราการ', 'ไทย', '10540', '81dc9bdb52d04dc20036dbd8313ed055'),
(24, 'ธนเดช', 'ภัควรารัตน์', 'tanadej_pakwararat@gmail.com', '0986566798', '998/1425 ม.วิเศษสุขนคร ซ.ประชาอุทิศ79', 'ทุ่งครุ', 'กรุงเทพมหานคร', 'ไทย', '10140', '81dc9bdb52d04dc20036dbd8313ed055'),
(25, 'สาริสา', 'แก้วเทศ', 'o-sarisa@hotmail.com', '0814819826', '29 ถ.พิทักษ์สันติ ต.บางปรอก', 'เมือง', 'ปธุมธานี', 'ไทย', '12000', '81dc9bdb52d04dc20036dbd8313ed055'),
(26, 'ประวุฒิ', 'จันทร์ไทย', 'pawut_pawut@hotmail.com', '0855552145', '2/2ม.4ต.คลองไผ่', 'สีคิ้ว', 'นครราชสีมา', 'ไทย', '30340', '81dc9bdb52d04dc20036dbd8313ed055'),
(27, 'จันจิรา', 'จันทรโณทัย', '', '0866522755', '27/1 ม.3 ต.ลาดบัวขาว', 'สีคิ้ว', 'นครราชสีมา', 'ไทย', '30340', 'd41d8cd98f00b204e9800998ecf8427e'),
(28, 'วรากรณ์', 'คลังสมบูรณ์สิน', 'vitkara@gmail.com', '0855233698', '88/218 ต.หนองกรด', 'เมือง', 'นครสวรรค์', 'ไทย', '60240', '81dc9bdb52d04dc20036dbd8313ed055'),
(29, 'ฤทธิชัย', 'เลิศบัวบาน', 'eark_betta@gmail.com', '0687533215', '4หมู่1 ต.วัดแค', 'นครชัยศรี', 'นครปฐม', 'ไทย', '73120', '81dc9bdb52d04dc20036dbd8313ed055'),
(30, 'พรชัย', 'หาญธงชัย', 'ting_han@gmail.com', '0873256656', '94/28หมู่5 ต.หนองปรือ', 'บางละมุง', 'ชลบุรี', 'ไทย', '20150', '81dc9bdb52d04dc20036dbd8313ed055'),
(31, 'กำชัย', 'ตละมาส', 'kumsus@gmail.com', '0867311373', '222/1 หมู่5 ต.หนองกรด', 'เมือง', 'นครสวรรค์', 'ไทย', '60240', '81dc9bdb52d04dc20036dbd8313ed055'),
(32, 'โอทากะ', 'อนันตะชิน', 'otaki_zawa@hotmail.com', '0856322252', '154/160 หมู่บ้านกันยารัตน์ ต.ในเมือง', 'เมือง', 'ขอนแก่น', 'ไทย', '40000', '81dc9bdb52d04dc20036dbd8313ed055'),
(33, 'ไสว', 'สมหวัง', 'wai_wai_song@outlook.com', '0977373987', '67/159 เคหะบ้านโพธิ์ หมู่ 2 ซอย 11 ต.สนามจันทร์', 'บ้านโพธิ์', 'ฉะเชิงเทรา', 'ไทย', '24140', '81dc9bdb52d04dc20036dbd8313ed055'),
(34, 'อัญชิษฐา', 'คงประยูร', 'kwanfeelgood@outlook.com', '0965322658', '14/5 ม.2 ต.สะเดียง', 'เมือง', 'เพชรบูรณ์', 'ไทย', '67000', '81dc9bdb52d04dc20036dbd8313ed055'),
(35, 'โสภณ', 'ช่อฟ้าบัณฑิต', 'sopon.chorfabundit@yahoo.com', '0877356154', '48/761 มบ.เค ซี การ์เด้นท์ โฮม 15 ถ.นิมิตรใหม่ 40 แขวง คลองสามวาตะวันออก', 'คลองสามวา', 'กรุงเทพมหานคร', 'ไทย', '10510', '81dc9bdb52d04dc20036dbd8313ed055'),
(36, 'ณัฏฐพล', 'สุเพ็งคำ', 'ิboombay@hotmail.com', '0985622858', '200/2 ม.8 ต.ทุ่งสุขลา', 'ศรีราชา', 'ชลบุรี', 'ไทย', '20230', '81dc9bdb52d04dc20036dbd8313ed055'),
(37, 'อัญชลี', 'ภานานันท์', 'anchari@gmail.com', '0866200100', '428 ถ.ราชดำเนิน', 'เมือง', 'กำแพงเพชร', 'ไทย', '62000', '81dc9bdb52d04dc20036dbd8313ed055'),
(38, 'เดชาธร', 'พลนุรักษ์', 'dechathon.pon@hotmail.com', '0822155236', 'ค่ายเอราวัณ ต.เขาสามยอด', 'เมือง', 'ลพบุรี', 'ไทย', '15000', '81dc9bdb52d04dc20036dbd8313ed055'),
(39, 'ชวนินทร์', 'วิริยะเกียรติ', 'chounin_ninja@outlook.com', '0613852455', '32 ม.1​ต.บ้านฉาง​', 'บ้านฉาง', 'ระยอง', 'ไทย', '21130', '81dc9bdb52d04dc20036dbd8313ed055'),
(40, 'ณัฐพงษ์', 'เนื่องช้าง', 'nuttapong_pong@hotmail.com', '0844522365', '2/52 ถ.พิบูลย์ศิริ ต.อุทัยใหม่ ', 'เมือง', 'อุทัยธานี', 'ไทย', '61000', '81dc9bdb52d04dc20036dbd8313ed055'),
(41, 'สุพัตรา', 'บุญเจาะ', 'yong_s@hotmail.com', '0821655292', '43 ม. 2 ต.นิคมลำนารายณ์', 'ชัยบาดาล', 'ลพบุรี', 'ไทย', '15130', '81dc9bdb52d04dc20036dbd8313ed055'),
(42, 'ภานุวัฒน์', 'โชคพุก', 'panutda@outlook.com', '0876588852', '27 หมู่ 8', 'เมือง', 'กำแพงเพชร', 'ไทย', '62000', '81dc9bdb52d04dc20036dbd8313ed055'),
(43, 'พิชัย', 'โปราณานนท์', 'pichai.air@outlook.com', '0837335378', '29/151 ม.10 ม.นนทิชาคลอง8 ต.ลำลูกกา', 'ลำลูกกา', 'ปทุมธานี', 'ไทย', '12150', '81dc9bdb52d04dc20036dbd8313ed055'),
(44, 'กรชนก', 'เจดีย์ศรี', 'kornchanok-jade@yahoo.com', '0876542321', '21/27 ถ.ข้าหลวง', 'เมือง', 'น่าน', 'ไทย', '55000', '81dc9bdb52d04dc20036dbd8313ed055'),
(45, 'ณรงค์', 'ดิษยธำรงค์', 'bangkajoknaza@gmail.com', '034482212', '340/918 ม.3. ต.บางปูใหม่', 'เมือง', 'สมุทรปราการ', 'ไทย', '10280', '81dc9bdb52d04dc20036dbd8313ed055'),
(46, 'วัชรากรณ์', 'ผึ่งกลาง', 'aom_civil@gmail.com', '026710625', '234 ม.4 ต.พระพุทธ ', 'เฉลิมพระเกียรติ', 'นครราชสีมา', 'ไทย', '30230', '81dc9bdb52d04dc20036dbd8313ed055'),
(47, 'ธัญการย์', 'นาคชุบทอง', 'thanjaja@outlook.com', '0855356545', '87/41 ม.5 ซ.แจ้งวัฒนะ-ปากเกร็ด7 ถ.แจ้งวัฒนะ ต.ปากเกร็ด', 'ปากเกร็ด', 'นนทบุรี', 'ไทย', '11120', '81dc9bdb52d04dc20036dbd8313ed055'),
(48, 'สันติภาพ', 'ทองอุ่น', 'ืnukkakub@gmail.com', '0822855255', '111 ม.1 ต.ป่าเว', 'ไชยา', 'สุราษฏร์ธานี', 'ไทย', '84110', '81dc9bdb52d04dc20036dbd8313ed055'),
(49, 'มารีนา', 'พงษ์ชัยศรี', 'submarine_kk@gmail.com', '0865233548', '8หมู่3 ต.บ้านพลับ', 'บางประอิน', 'อยุธยา', 'ไทย', '13160', '81dc9bdb52d04dc20036dbd8313ed055'),
(50, 'วิวัฒน์', 'อำอินทร์', 'vivaj_jubjub@outlook.com', '0877739387', '77/3. ม.9. นิรันทร์เนซิเดนท์3 ตึกR\r\nซ.รามคำแหง2 ถ.รามคำแหง2 เเขวงดอกไม้', 'ประเวศ', 'กรุงเทพมหานคร', 'ไทย', '10250', '81dc9bdb52d04dc20036dbd8313ed055'),
(51, 'ประพนธ์', 'ทองผากิตติ', 'pick_papol@hotmail.com', '0875665855', '6/1 ม.1 ต.ชะแล', 'ทองผาภูมิ', 'กาญจนบุรี', 'ไทย', '71180', '81dc9bdb52d04dc20036dbd8313ed055'),
(52, 'นิชนิภา', 'ปัทถรัตน์', 'rattanon@gmail.com', '0862139514', '71/2 หมู่ 9\r\nต.บ้านป่า', 'แก่งคอย', 'สระบุรี', 'ไทย', '18110', '81dc9bdb52d04dc20036dbd8313ed055'),
(53, 'ธนพล', 'เพี้ยนสุวรรณ', 'tanapol.p@gmail.com', '0875322522', '725 หมู่ 2 ซ.งามวงศ์วาน 27 ถ.งามวงศ์วาน ต.บางเขน', 'เมือง', 'นนทบุรี', 'ไทย', '11000', '81dc9bdb52d04dc20036dbd8313ed055'),
(54, 'พัชราวลัย', 'สีแก้ว', 'phatchalawalai@hotmail.com', '0621202158', 'หมู่บ้านมโนรมย์เฟส 7\r\n62/120 ม.6 ต.ลำลูกกา', 'ลำลูกกา', 'ปทุมธานี', 'ไทย', '12150', '81dc9bdb52d04dc20036dbd8313ed055'),
(55, 'มณีรัตน์', 'ชุมดี', 'kaewmanee@hotmail.com', '0856541236', 'แสนสบายอพาร์ทเม้นท์&รีสอร์ท 70ม.4 ถ.ลูกกา-คลอง15 ต.ชุมพล', 'องค์รักษ์', 'นครนายก', 'ไทย', '26120', '81dc9bdb52d04dc20036dbd8313ed055'),
(56, 'ประทีป', 'เปียกบุตร', 'pathip_papa@hotmail.com', '0872727367', '72 ม7 บโตชิบา นิคม304 ต ท่าตูม', 'ศรีมหาโพธิ', 'ปราจีนบุรี', 'ไทย', '25140', '81dc9bdb52d04dc20036dbd8313ed055'),
(57, 'น้ำฝน', 'เผือกนาค', 'supacha@hotmail.com', '0899957416', '180/1 หมู่3 ต.บ้านโพธิ์', 'ด่านช้าง', 'สุพรรณบุรี', 'ไทย', '72180', '81dc9bdb52d04dc20036dbd8313ed055'),
(58, 'กีรติกร', 'มาตย์เหลือง', 'kitikorn_madlung@outlook.com', '0814522365', '10 ม.10 ต.ตาดทอง', 'เมือง', 'ยโสธร', 'ไทย', '35000', '81dc9bdb52d04dc20036dbd8313ed055'),
(59, 'ธนาวุฒิ', 'บุญเลิศลพ', 'tanawut_za@hotmail.com', '0856544569', '194/1 ม.2 ต.สวนใหญ่', 'เมือง', 'นนทบุรี', 'ไทย', '11000', '81dc9bdb52d04dc20036dbd8313ed055'),
(60, 'ธนะธีร์', 'บรรชวนชิต', 'nat_natzakung@hotmail.com', '0866010057', '96/3หมู่3ต.ห้วยถั่วเหนือ', 'หนองบัว', 'นครสวรรค์', 'ไทย', '60110', '81dc9bdb52d04dc20036dbd8313ed055'),
(61, 'ดวงกมล', 'บุญประคม', 'dungkamon_june@hotmail.com', '0811355879', '1ม.5 ต.พงสวาย', 'เมือง', 'ราชบุรี', 'ไทย', '70000', '81dc9bdb52d04dc20036dbd8313ed055'),
(62, 'ศรัณยู', 'ราชวัฒฐา', 'sarayu-pit@hotmail.com', '0844324485', '44/1 ม. 7 ต. นิยมชัย', 'สระโบสถ์', 'ลพบุรี', 'ไทย', '15240', '81dc9bdb52d04dc20036dbd8313ed055'),
(63, 'เกศิณี', 'บึงมุม', 'kedsineeeee@gmail.com', '0855652395', 'บ้านสวนริมธาร เลขที่10 ซ 41 ถ. เทศา2 ต.ในเมือง', 'เมือง', 'กำแพงเพชร', 'ไทย', '62000', '81dc9bdb52d04dc20036dbd8313ed055'),
(64, 'อทิตยา', 'ขำเจริญ', 'sunflower-ratto@hotmail.com', '0822206969', 'เลขที่ 209/1 ม.1 ต.รางบัว', 'จอมบึง', 'ราชบุรี', 'ไทย', '70150', '81dc9bdb52d04dc20036dbd8313ed055'),
(65, 'พิชัยวัฒน์', 'กิมเกถนอม', 'earth_themoon@gmail.com', '0837775265', '9/1 ม.3 ต.คลองจินดา', 'สามพราน', 'นครปฐม', 'ไทย', '73110', '81dc9bdb52d04dc20036dbd8313ed055'),
(66, 'กฤตทัศชญา', 'พระอังคฮาด', 'Btkrit086@gmail.com', '่0813737599', '2/266 หมู่บ้านเคหะรามคำแหง ซ.15 ถนนรามคำแหง แขวงมีนบุรี', 'มีนบุรี', 'กรุงเทพ', 'ไทย', '10510', 'ec865657cadc0b27266b3439c54822b4'),
(68, 'สกลพงษ์', 'วงศานุกูล', 'sakonpong1@gmail.com', '0884721443', '94/14 ต.นาโดน', 'บ้านไร่', 'นครนายก', 'ไทย', '21400', '1a8abe8cc9ee0973f92369ab9fe15770');

--
-- Indexes for dumped tables
--

--
-- Indexes for table `adminluxor`
--
ALTER TABLE `adminluxor`
  ADD PRIMARY KEY (`id_admin`);

--
-- Indexes for table `blog`
--
ALTER TABLE `blog`
  ADD PRIMARY KEY (`id_blog`),
  ADD KEY `id_admin` (`id_admin`);

--
-- Indexes for table `codepromotion`
--
ALTER TABLE `codepromotion`
  ADD PRIMARY KEY (`id_Code`),
  ADD UNIQUE KEY `CodePromotion` (`CodePromotion`);

--
-- Indexes for table `favoruite`
--
ALTER TABLE `favoruite`
  ADD PRIMARY KEY (`id_Favoruite`),
  ADD KEY `id_product` (`id_product`),
  ADD KEY `id_user` (`id_user`);

--
-- Indexes for table `formregisterstore`
--
ALTER TABLE `formregisterstore`
  ADD PRIMARY KEY (`id_formRegisterStore`),
  ADD UNIQUE KEY `NameStore` (`NameStore`),
  ADD UNIQUE KEY `EmailStore` (`EmailStore`);

--
-- Indexes for table `hotproduct`
--
ALTER TABLE `hotproduct`
  ADD PRIMARY KEY (`id_hotproduct`),
  ADD KEY `id_product` (`id_product`);

--
-- Indexes for table `imgproduct`
--
ALTER TABLE `imgproduct`
  ADD PRIMARY KEY (`id_imgProduct`);

--
-- Indexes for table `imgproductdetail`
--
ALTER TABLE `imgproductdetail`
  ADD PRIMARY KEY (`id_imgProductDetail`),
  ADD KEY `id_product` (`id_product`),
  ADD KEY `id_imgProduct` (`id_imgProduct`);

--
-- Indexes for table `orderproductdetail`
--
ALTER TABLE `orderproductdetail`
  ADD PRIMARY KEY (`id_orderDetail`),
  ADD KEY `id_product` (`id_product`),
  ADD KEY `id_order` (`id_order`);

--
-- Indexes for table `order_product`
--
ALTER TABLE `order_product`
  ADD PRIMARY KEY (`id_order`),
  ADD KEY `id_user` (`id_user`);

--
-- Indexes for table `payment`
--
ALTER TABLE `payment`
  ADD PRIMARY KEY (`id_payment`),
  ADD KEY `id_code` (`id_code`);

--
-- Indexes for table `product`
--
ALTER TABLE `product`
  ADD PRIMARY KEY (`id_product`),
  ADD KEY `id_type` (`id_type`),
  ADD KEY `id_store` (`id_store`);

--
-- Indexes for table `returnitem`
--
ALTER TABLE `returnitem`
  ADD PRIMARY KEY (`id_returnitem`),
  ADD KEY `FK_shipment_1` (`id_shipment`);

--
-- Indexes for table `review`
--
ALTER TABLE `review`
  ADD PRIMARY KEY (`id_Review`),
  ADD KEY `id_product` (`id_product`),
  ADD KEY `id_user` (`id_user`);

--
-- Indexes for table `shipping`
--
ALTER TABLE `shipping`
  ADD PRIMARY KEY (`id_Shipping`),
  ADD UNIQUE KEY `NameShipping` (`NameShipping`);

--
-- Indexes for table `store`
--
ALTER TABLE `store`
  ADD PRIMARY KEY (`id_store`),
  ADD UNIQUE KEY `NameStore` (`NameStore`),
  ADD UNIQUE KEY `EmailStore` (`EmailStore`);

--
-- Indexes for table `store_product_shipment`
--
ALTER TABLE `store_product_shipment`
  ADD PRIMARY KEY (`id_shipment`),
  ADD KEY `id_order` (`id_order`),
  ADD KEY `id_shipping` (`id_shipping`),
  ADD KEY `id_payment` (`id_payment`),
  ADD KEY `id_store` (`id_store`),
  ADD KEY `store_product_shipment_ibfk_5` (`id_orderDetail`);

--
-- Indexes for table `subemail`
--
ALTER TABLE `subemail`
  ADD PRIMARY KEY (`id_subemail`);

--
-- Indexes for table `typeproduct`
--
ALTER TABLE `typeproduct`
  ADD PRIMARY KEY (`id_typeProduct`),
  ADD UNIQUE KEY `nameTypeProduct` (`nameTypeProduct`);

--
-- Indexes for table `user_member`
--
ALTER TABLE `user_member`
  ADD PRIMARY KEY (`id_user`),
  ADD UNIQUE KEY `Email` (`Email`);

--
-- AUTO_INCREMENT for dumped tables
--

--
-- AUTO_INCREMENT for table `adminluxor`
--
ALTER TABLE `adminluxor`
  MODIFY `id_admin` int(11) NOT NULL AUTO_INCREMENT, AUTO_INCREMENT=2;

--
-- AUTO_INCREMENT for table `blog`
--
ALTER TABLE `blog`
  MODIFY `id_blog` int(11) NOT NULL AUTO_INCREMENT, AUTO_INCREMENT=5;

--
-- AUTO_INCREMENT for table `codepromotion`
--
ALTER TABLE `codepromotion`
  MODIFY `id_Code` int(11) NOT NULL AUTO_INCREMENT, AUTO_INCREMENT=2;

--
-- AUTO_INCREMENT for table `favoruite`
--
ALTER TABLE `favoruite`
  MODIFY `id_Favoruite` int(11) NOT NULL AUTO_INCREMENT;

--
-- AUTO_INCREMENT for table `formregisterstore`
--
ALTER TABLE `formregisterstore`
  MODIFY `id_formRegisterStore` int(11) NOT NULL AUTO_INCREMENT, AUTO_INCREMENT=2;

--
-- AUTO_INCREMENT for table `hotproduct`
--
ALTER TABLE `hotproduct`
  MODIFY `id_hotproduct` int(11) NOT NULL AUTO_INCREMENT, AUTO_INCREMENT=10;

--
-- AUTO_INCREMENT for table `imgproduct`
--
ALTER TABLE `imgproduct`
  MODIFY `id_imgProduct` int(11) NOT NULL AUTO_INCREMENT, AUTO_INCREMENT=97;

--
-- AUTO_INCREMENT for table `imgproductdetail`
--
ALTER TABLE `imgproductdetail`
  MODIFY `id_imgProductDetail` int(11) NOT NULL AUTO_INCREMENT, AUTO_INCREMENT=97;

--
-- AUTO_INCREMENT for table `orderproductdetail`
--
ALTER TABLE `orderproductdetail`
  MODIFY `id_orderDetail` int(11) NOT NULL AUTO_INCREMENT, AUTO_INCREMENT=690;

--
-- AUTO_INCREMENT for table `payment`
--
ALTER TABLE `payment`
  MODIFY `id_payment` int(11) NOT NULL AUTO_INCREMENT, AUTO_INCREMENT=412;

--
-- AUTO_INCREMENT for table `product`
--
ALTER TABLE `product`
  MODIFY `id_product` int(11) NOT NULL AUTO_INCREMENT, AUTO_INCREMENT=72;

--
-- AUTO_INCREMENT for table `returnitem`
--
ALTER TABLE `returnitem`
  MODIFY `id_returnitem` int(11) NOT NULL AUTO_INCREMENT, AUTO_INCREMENT=2;

--
-- AUTO_INCREMENT for table `review`
--
ALTER TABLE `review`
  MODIFY `id_Review` int(11) NOT NULL AUTO_INCREMENT;

--
-- AUTO_INCREMENT for table `shipping`
--
ALTER TABLE `shipping`
  MODIFY `id_Shipping` int(11) NOT NULL AUTO_INCREMENT, AUTO_INCREMENT=3;

--
-- AUTO_INCREMENT for table `store`
--
ALTER TABLE `store`
  MODIFY `id_store` int(11) NOT NULL AUTO_INCREMENT, AUTO_INCREMENT=25;

--
-- AUTO_INCREMENT for table `store_product_shipment`
--
ALTER TABLE `store_product_shipment`
  MODIFY `id_shipment` int(11) NOT NULL AUTO_INCREMENT, AUTO_INCREMENT=814;

--
-- AUTO_INCREMENT for table `subemail`
--
ALTER TABLE `subemail`
  MODIFY `id_subemail` int(11) NOT NULL AUTO_INCREMENT;

--
-- AUTO_INCREMENT for table `typeproduct`
--
ALTER TABLE `typeproduct`
  MODIFY `id_typeProduct` int(11) NOT NULL AUTO_INCREMENT, AUTO_INCREMENT=7;

--
-- AUTO_INCREMENT for table `user_member`
--
ALTER TABLE `user_member`
  MODIFY `id_user` int(11) NOT NULL AUTO_INCREMENT, AUTO_INCREMENT=69;

--
-- Constraints for dumped tables
--

--
-- Constraints for table `blog`
--
ALTER TABLE `blog`
  ADD CONSTRAINT `blog_ibfk_1` FOREIGN KEY (`id_admin`) REFERENCES `adminluxor` (`id_admin`);

--
-- Constraints for table `favoruite`
--
ALTER TABLE `favoruite`
  ADD CONSTRAINT `favoruite_ibfk_1` FOREIGN KEY (`id_product`) REFERENCES `product` (`id_product`),
  ADD CONSTRAINT `favoruite_ibfk_2` FOREIGN KEY (`id_user`) REFERENCES `user_member` (`id_user`);

--
-- Constraints for table `hotproduct`
--
ALTER TABLE `hotproduct`
  ADD CONSTRAINT `hotproduct_ibfk_1` FOREIGN KEY (`id_product`) REFERENCES `product` (`id_product`);

--
-- Constraints for table `imgproductdetail`
--
ALTER TABLE `imgproductdetail`
  ADD CONSTRAINT `imgproductdetail_ibfk_1` FOREIGN KEY (`id_product`) REFERENCES `product` (`id_product`),
  ADD CONSTRAINT `imgproductdetail_ibfk_2` FOREIGN KEY (`id_imgProduct`) REFERENCES `imgproduct` (`id_imgProduct`);

--
-- Constraints for table `orderproductdetail`
--
ALTER TABLE `orderproductdetail`
  ADD CONSTRAINT `orderproductdetail_ibfk_1` FOREIGN KEY (`id_product`) REFERENCES `product` (`id_product`);

--
-- Constraints for table `order_product`
--
ALTER TABLE `order_product`
  ADD CONSTRAINT `order_product_ibfk_1` FOREIGN KEY (`id_user`) REFERENCES `user_member` (`id_user`);

--
-- Constraints for table `payment`
--
ALTER TABLE `payment`
  ADD CONSTRAINT `payment_ibfk_1` FOREIGN KEY (`id_code`) REFERENCES `codepromotion` (`id_Code`);

--
-- Constraints for table `product`
--
ALTER TABLE `product`
  ADD CONSTRAINT `product_ibfk_1` FOREIGN KEY (`id_type`) REFERENCES `typeproduct` (`id_typeProduct`),
  ADD CONSTRAINT `product_ibfk_2` FOREIGN KEY (`id_store`) REFERENCES `store` (`id_store`);

--
-- Constraints for table `returnitem`
--
ALTER TABLE `returnitem`
  ADD CONSTRAINT `FK_shipment_1` FOREIGN KEY (`id_shipment`) REFERENCES `store_product_shipment` (`id_shipment`);

--
-- Constraints for table `review`
--
ALTER TABLE `review`
  ADD CONSTRAINT `review_ibfk_1` FOREIGN KEY (`id_product`) REFERENCES `product` (`id_product`),
  ADD CONSTRAINT `review_ibfk_2` FOREIGN KEY (`id_user`) REFERENCES `user_member` (`id_user`);

--
-- Constraints for table `store_product_shipment`
--
ALTER TABLE `store_product_shipment`
  ADD CONSTRAINT `store_product_shipment_ibfk_2` FOREIGN KEY (`id_shipping`) REFERENCES `shipping` (`id_Shipping`),
  ADD CONSTRAINT `store_product_shipment_ibfk_3` FOREIGN KEY (`id_payment`) REFERENCES `payment` (`id_payment`),
  ADD CONSTRAINT `store_product_shipment_ibfk_4` FOREIGN KEY (`id_store`) REFERENCES `store` (`id_store`),
  ADD CONSTRAINT `store_product_shipment_ibfk_5` FOREIGN KEY (`id_orderDetail`) REFERENCES `orderproductdetail` (`id_orderDetail`);
COMMIT;

/*!40101 SET CHARACTER_SET_CLIENT=@OLD_CHARACTER_SET_CLIENT */;
/*!40101 SET CHARACTER_SET_RESULTS=@OLD_CHARACTER_SET_RESULTS */;
/*!40101 SET COLLATION_CONNECTION=@OLD_COLLATION_CONNECTION */;
